pl_name,hostname,sy_pnum,discoverymethod,disc_year,pl_orbper,pl_orbsmax,pl_rade,pl_bmasse,sy_dist,ra,dec,st_spectype,st_teff,st_mass,st_rad
11 Com b,11 Com,1,Radial Velocity,2007,323.21000000000,1.1780000000,12.20000000,4914.89848585,93.18460000,185.1787793,17.7932516,G8 III,4874.00,2.090000,13.760000
11 UMi b,11 UMi,1,Radial Velocity,2009,516.21997000000,1.5300000000,12.30000000,4684.81420000,125.32100000,229.2745954,71.8239428,K4 III,4213.00,2.780000,29.790000
14 And b,14 And,1,Radial Velocity,2008,186.76000000000,0.7750000000,13.10000000,1131.15130051,75.43920000,352.8241500,39.2358367,K0 III,4888.00,1.780000,11.550000
14 Her b,14 Her,2,Radial Velocity,2002,1766.41000000000,2.8390000000,12.50000000,2828.67282230,17.93230000,242.6021014,43.8163621,K0,5338.00,0.970000,0.930000
16 Cyg B b,16 Cyg B,1,Radial Velocity,1996,798.50000000000,1.6600000000,13.50000000,565.73740000,21.13970000,295.4656422,50.5168243,G3 V,5750.00,1.080000,1.130000
17 Sco b,17 Sco,1,Radial Velocity,2020,578.38000000000,1.4500000000,12.90000000,1373.01871824,124.95300000,243.4620874,-11.8377905,K3 III,4157.00,1.220000,25.920000
18 Del b,18 Del,1,Radial Velocity,2008,982.85000000000,2.4760000000,12.50000000,2926.24614325,76.22200000,314.6078375,10.8391378,G6 III,4980.00,2.100000,8.800000
1RXS J160929.1-210524 b,1RXS J160929.1-210524,1,Imaging,2008,,330.0000000000,18.64700000,3000.00000000,139.13500000,242.3762343,-21.0831403,K7 V,4060.00,0.850000,1.313160
24 Boo b,24 Boo,1,Radial Velocity,2018,30.33000000000,0.1940000000,13.90000000,280.64248338,95.98630000,217.1555242,49.8446488,G3 IV,4816.00,1.050000,12.190000
24 Sex b,24 Sex,2,Radial Velocity,2010,452.80000000000,1.3330000000,13.40000000,632.46000000,72.06910000,155.8684866,-0.9023998,K0 IV,5098.00,1.540000,4.900000
24 Sex c,24 Sex,2,Radial Velocity,2010,883.00000000000,2.0800000000,13.90000000,273.32000000,72.06910000,155.8684866,-0.9023998,K0 IV,5098.00,1.540000,4.900000
2M0437 b,2MASS J04372171+2651014,1,Imaging,2021,,118.0000000000,13.00000000,1271.31362800,128.48400000,69.3405531,26.8502997,M V,3100.00,0.170000,0.840000
2MASS J01033563-5515561 AB b,2MASS J01033563-5515561 A,1,Imaging,2013,,84.0000000000,12.30000000,4131.79000000,47.20000000,15.8992489,-55.2658291,M5.5/M6,,0.190000,
2MASS J01225093-2439505 b,2MASS J01225093-2439505,1,Imaging,2013,,52.0000000000,11.20900000,7786.50000000,33.82810000,20.7128012,-24.6646128,M3.5 V,3530.00,0.400000,0.366450
2MASS J02192210-3925225 b,2MASS J02192210-3925225,1,Imaging,2015,,156.0000000000,16.14096000,4417.83700000,40.08964117,34.8427046,-39.4230767,M6,3064.00,0.108000,0.281000
2MASS J0249-0557 c,2MASS J0249-0557 A,1,Imaging,2018,,1950.0000000000,17.37392009,3616.88727166,66.06130000,42.4851627,-5.9599921,M6 V,2859.00,0.046000,0.315959
2MASS J03590986+2009361 b,2MASS J03590986+2009361,1,Imaging,2024,,572.0000000000,12.20000000,5720.91132600,117.43500000,59.7911026,20.1599759,,2943.00,0.264996,0.289776
2MASS J04414489+2301513 b,2MASS J04414489+2301513,1,Imaging,2010,,15.0000000000,12.60000000,2383.60000000,120.42398696,70.4371079,23.0308544,M8.5,2936.00,0.019000,0.231916
2MASS J11011926-7732383 b,2MASS J11011926-7732383,1,Imaging,2024,,266.0000000000,11.90000000,8899.19539600,,165.3295388,-77.5440912,,,,
2MASS J11550485-7919108 b,2MASS J11550485-7919108,1,Imaging,2024,,587.0000000000,12.10000000,6356.56814000,100.86200000,178.7691634,-79.3197558,,3021.00,0.588460,0.600455
2MASS J12073346-3932539 b,2MASS J12073346-3932539,1,Imaging,2004,,46.0000000000,15.69257298,1652.70771640,64.30800000,181.8890906,-39.5484399,M8,2825.00,0.188001,0.218870
2MASS J19383260+4603591 b,2MASS J19383260+4603591,3,Eclipse Timing Variations,2015,406.00000000000,0.9200000000,13.40000000,603.87700000,396.33200000,294.6359173,46.0664076,,29564.00,0.480000,0.203000
2MASS J21252752-8138278 b,2MASS J21252752-8138278,1,Imaging,2024,,7493.0000000000,12.40000000,3813.94088400,34.11540000,321.3662989,-81.6414894,,3592.00,0.643977,0.672832
2MASS J22362452+4751425 b,2MASS J22362452+4751425,1,Imaging,2016,,230.0000000000,12.30000000,3972.87500000,69.57370000,339.1025931,47.8616830,K7 V,4045.00,0.600000,0.641152
2MASS J22501512+2325342 b,2MASS J22501512+2325342,1,Imaging,2018,,518.0000000000,11.90000000,9534.85221000,57.23090000,342.5634097,23.4259058,M3,3352.00,0.433173,0.437589
4 UMa b,4 UMa,1,Radial Velocity,2006,270.27000000000,0.8770000000,12.60000000,2511.48007211,73.46030000,130.0528099,64.3280504,K1 III,4415.00,1.234000,18.110000
47 UMa b,47 UMa,3,Radial Velocity,1996,1078.00000000000,2.1000000000,13.20000000,804.08000000,13.79670000,164.8647611,40.4304931,G0V,5872.00,1.060000,1.213340
47 UMa c,47 UMa,3,Radial Velocity,2001,2391.00000000000,3.6000000000,14.20000000,171.62100000,13.79670000,164.8647611,40.4304931,G0V,5872.00,1.060000,1.213340
47 UMa d,47 UMa,3,Radial Velocity,2009,14002.00000000000,11.6000000000,13.50000000,521.22000000,13.79670000,164.8647611,40.4304931,G0V,5872.00,1.060000,1.213340
51 Eri b,51 Eri,1,Imaging,2015,9100.00000000000,10.4000000000,,3464.32963630,29.75750000,69.4007424,-2.4738245,F0 IV,7422.00,1.750000,1.450000
51 Peg b,51 Peg,1,Radial Velocity,1995,4.23079660000,0.0520000000,14.10000000,193.87532827,15.46140000,344.3675399,20.7690958,G5V,5761.00,1.070000,1.190000
55 Cnc b,55 Cnc,7,Radial Velocity,1996,14.65155200000,0.1180000000,13.90000000,263.97850000,12.58550000,133.1468373,28.3298154,G8 V,5198.00,1.015000,0.980000
55 Cnc B b,55 Cnc B,7,Radial Velocity,2025,6.79940000000,0.0440000000,1.69000000,3.50000000,12.47730000,133.1679080,28.3152863,M4.5 V,3286.00,0.260000,0.274000
55 Cnc B c,55 Cnc B,7,Radial Velocity,2025,33.74700000000,0.1300000000,2.16000000,5.30000000,12.47730000,133.1679080,28.3152863,M4.5 V,3286.00,0.260000,0.274000
55 Cnc c,55 Cnc,7,Radial Velocity,2004,44.39360000000,0.2470000000,8.51000000,54.47380000,12.58550000,133.1468373,28.3298154,G8 V,5198.00,1.015000,0.980000
55 Cnc d,55 Cnc,7,Radial Velocity,2002,4799.00000000000,5.6000000000,13.00000000,1232.49300000,12.58550000,133.1468373,28.3298154,G8 V,5198.00,1.015000,0.980000
55 Cnc e,55 Cnc,7,Radial Velocity,2004,0.73654740000,0.0154400000,1.87500000,7.99000000,12.58550000,133.1468373,28.3298154,G8 V,5172.00,0.905000,0.943000
55 Cnc f,55 Cnc,7,Radial Velocity,2007,260.58000000000,0.8020000000,7.59000000,44.81200000,12.58550000,133.1468373,28.3298154,G8 V,5198.00,1.015000,0.980000
6 Lyn b,6 Lyn,1,Radial Velocity,2008,919.86000000000,2.0280000000,13.40000000,597.83523357,54.65990000,97.6960311,58.1611753,K0 IV,4941.00,1.320000,4.940000
61 Vir b,61 Vir,3,Radial Velocity,2009,4.21500000000,0.0502010000,2.11000000,5.10000000,8.50332000,199.5964550,-18.3157745,G5 V,5577.00,0.942000,0.963000
61 Vir c,61 Vir,3,Radial Velocity,2009,38.02100000000,0.2175000000,4.46000000,18.20000000,8.50332000,199.5964550,-18.3157745,G5 V,5577.00,0.942000,0.963000
61 Vir d,61 Vir,3,Radial Velocity,2009,123.01000000000,0.4760000000,5.11000000,22.90000000,8.50332000,199.5964550,-18.3157745,G5 V,5577.00,0.942000,0.963000
7 CMa b,7 CMa,2,Radial Velocity,2011,735.10000000000,1.7580000000,13.40000000,587.98550000,19.81010000,99.1712760,-19.2561808,K1III(+M),4826.00,1.340000,4.870000
7 CMa c,7 CMa,2,Radial Velocity,2019,996.00000000000,2.1530000000,13.90000000,276.51210000,19.81010000,99.1712760,-19.2561808,K1III(+M),4826.00,1.340000,4.870000
70 Vir b,70 Vir,1,Radial Velocity,1996,116.68800000000,0.4810000000,12.60000000,2380.45000000,17.90110000,202.1064898,13.7763085,G5V,5495.00,1.090000,1.890000
75 Cet b,75 Cet,2,Radial Velocity,2012,696.62000000000,1.9120000000,13.30000000,787.89662095,82.96130000,38.0391598,-1.0350269,G3 III,4809.00,1.920000,10.380000
75 Cet c,75 Cet,2,Radial Velocity,2023,2051.62000000000,3.9290000000,13.90000000,289.85950718,82.96130000,38.0391598,-1.0350269,G3 III,4809.00,1.920000,10.380000
8 UMi b,8 UMi,1,Radial Velocity,2015,93.31000000000,0.4620000000,13.50000000,524.41687155,162.55200000,224.2016850,74.9009379,K0,4847.00,1.510000,10.730000
81 Cet b,81 Cet,1,Radial Velocity,2008,1005.57000000000,2.1040000000,13.10000000,1051.05854195,101.26000000,39.4243555,-3.3963607,G5 III,4734.00,1.230000,11.210000
91 Aqr b,91 Aqr,1,Radial Velocity,2013,181.40000000000,0.7000000000,13.10000000,1017.00000000,44.03040000,348.9745031,-9.0878076,K0 III,4665.00,1.400000,11.000000
AB Aur b,AB Aur,1,Imaging,2022,,93.9000000000,12.50000000,2860.45566300,162.12700000,73.9410446,30.5510888,,9770.00,2.400000,2.958870
AB Pic b,AB Pic,1,Imaging,2005,,260.0000000000,12.30000000,4290.50000000,50.04750000,94.8039208,-58.0541184,K2 V,5285.00,0.900000,0.999394
AF Lep b,AF Lep,1,Imaging,2023,8905.00000000000,8.9960000000,13.00000000,1147.36054927,26.85640000,81.7699216,-11.9011752,F8,6140.00,1.218000,1.250000
alf Ari b,alf Ari,1,Radial Velocity,2010,380.80000000000,1.2000000000,13.40000000,572.07000000,20.21019000,31.7932860,23.4624210,K2III,4553.00,1.500000,13.900000
alf Tau b,alf Tau,1,Radial Velocity,2015,628.96000000000,1.4600000000,12.70000000,2056.36010000,20.43320000,68.9801740,16.5092010,K5 III,4055.00,1.130000,45.100000
AT2021ueyL b,AT2021ueyL,1,Microlensing,2025,4168.69000000000,4.0100000000,13.60000000,425.89006538,1040.00000000,324.5450417,26.4665694,M V,3680.00,0.490000,
AU Mic b,AU Mic,4,Transit,2020,8.46344600000,0.0700000000,4.79000000,8.99000000,9.72210000,311.2911369,-31.3424500,M1 V,3540.00,0.635000,0.862000
AU Mic c,AU Mic,4,Transit,2021,18.85902300000,0.1190000000,2.79000000,14.46000000,9.72210000,311.2911369,-31.3424500,M1 V,3540.00,0.635000,0.862000
AU Mic d,AU Mic,4,Transit Timing Variations,2023,12.73596000000,,1.02000000,1.05300000,9.72210000,311.2911369,-31.3424500,M1 V,3678.00,0.510000,0.744000
AU Mic e,AU Mic,4,Radial Velocity,2025,33.11000000000,,4.87000000,21.10000000,9.72210000,311.2911369,-31.3424500,M1 V,3665.00,0.600000,0.820000
b Cen AB b,b Cen A,1,Imaging,2021,1790000.00000000000,556.0000000000,12.40000000,3464.32963630,98.09350000,220.4897992,-37.7936323,B2.5 V,,5.500000,
Barnard b,Barnard's star,4,Radial Velocity,2024,3.15420000000,0.0229000000,0.72000000,0.29900000,1.82655000,269.4486144,4.7379808,M3.5-4 V,3195.00,0.162000,0.185000
Barnard c,Barnard's star,4,Radial Velocity,2025,4.12440000000,0.0274000000,0.74300000,0.33500000,1.82655000,269.4486144,4.7379808,M3.5-4 V,3195.00,0.162000,0.185000
Barnard d,Barnard's star,4,Radial Velocity,2025,2.34020000000,0.0188000000,0.69400000,0.26300000,1.82655000,269.4486144,4.7379808,M3.5-4 V,3195.00,0.162000,0.185000
Barnard e,Barnard's star,4,Radial Velocity,2025,6.73920000000,0.0381000000,0.63700000,0.19300000,1.82655000,269.4486144,4.7379808,M3.5-4 V,3195.00,0.162000,0.185000
BD+03 2562 b,BD+03 2562,1,Radial Velocity,2017,481.90000000000,1.3000000000,12.70000000,2034.11200000,1070.63000000,177.5647268,2.7601075,,4095.00,1.140000,32.350000
BD+05 4868 A b,BD+05 4868 A,1,Transit,2025,1.27186900000,0.0208000000,,6.20000000,43.56870000,326.8614036,6.6053185,K V,4596.00,0.700000,0.690000
BD+14 4559 b,BD+14 4559,1,Radial Velocity,2009,268.94000000000,0.7800000000,13.80000000,330.54320000,49.35200000,318.4010002,14.6893834,K2 V,4864.00,0.490000,0.860000
BD+15 2375 b,BD+15 2375,1,Radial Velocity,2016,153.22000000000,0.5760000000,13.80000000,337.21763000,768.04500000,176.4820239,14.6163182,G5,4649.00,1.080000,8.950000
BD+15 2940 b,BD+15 2940,1,Radial Velocity,2013,137.48000000000,0.5390000000,13.70000000,352.78000000,426.42000000,240.0956400,15.5467507,K0,4796.00,1.100000,14.700000
BD+20 2457 b,BD+20 2457,2,Radial Velocity,2009,379.63000000000,1.4500000000,12.10000000,6807.63000000,1539.71000000,154.1867820,19.8912626,K2 II,4137.00,2.800000,49.000000
BD+20 2457 c,BD+20 2457,2,Radial Velocity,2009,621.99000000000,2.0100000000,12.40000000,3963.17000000,1539.71000000,154.1867820,19.8912626,K2 II,4137.00,2.800000,49.000000
BD+20 274 b,BD+20 274,1,Radial Velocity,2012,578.20000000000,1.3000000000,13.00000000,1334.88600000,1322.51000000,25.9203179,21.0052692,K5 III,4296.00,0.800000,17.300000
BD+20 594 b,BD+20 594,1,Transit,2016,41.68550000000,0.2410000000,2.57807000,22.24810000,179.46100000,53.6511231,20.5990205,G,5766.00,1.670000,1.080000
BD+37 3172 b,BD+37 3172,1,Radial Velocity,2023,1887.76000000000,4.6500000000,12.40000000,3368.98111420,454.25100000,278.8155071,38.1153886,,4500.00,3.750000,50.240000
BD+42 2315 b,BD+42 2315,1,Radial Velocity,2023,123.05000000000,0.5400000000,14.20000000,174.80562385,610.71500000,187.5887597,41.2695674,,4500.00,1.380000,17.850000
BD+45 564 b,BD+45 564,1,Radial Velocity,2021,307.88000000000,0.8300000000,13.60000000,432.24663352,53.62200000,32.9470485,45.9242187,K1,5004.00,0.810000,0.813064
BD+48 738 b,BD+48 738,1,Radial Velocity,2011,392.60000000000,1.0000000000,13.90000000,289.22530000,871.49300000,40.7102869,49.5869395,K0 III,4414.00,0.740000,11.000000
BD+48 740 b,BD+48 740,1,Radial Velocity,2018,733.00000000000,1.7000000000,13.50000000,540.31100000,666.58900000,40.7425426,48.9300579,K3 III,4534.00,1.090000,10.330000
BD+49 828 b,BD+49 828,1,Radial Velocity,2015,2590.00000000000,4.2000000000,13.50000000,508.50000000,442.04200000,45.6406187,49.7299481,K0,4943.00,1.520000,7.600000
BD+55 362 b,BD+55 362,1,Radial Velocity,2021,265.59000000000,0.7800000000,14.00000000,228.83645304,52.56970000,23.9636676,56.6982282,K3,5012.00,0.909000,0.896193
BD+60 1417 b,BD+60 1417,1,Imaging,2021,,1662.0000000000,14.68376472,4767.42610500,44.95430000,190.8875453,60.0143636,K0,4993.00,1.000000,0.797000
BD+63 1405 b,BD+63 1405,1,Radial Velocity,2021,1198.48000000000,2.0600000000,12.40000000,3305.41543280,38.04730000,271.3979337,63.6700064,K0,5000.00,0.816000,0.804724
BD-06 1339 b,BD-06 1339,2,Radial Velocity,2013,3.87280000000,0.0428000000,,1523.03372634,20.26950000,88.2511811,-5.9963378,K7/M0 V,4324.00,0.700000,0.686355
BD-06 1339 c,BD-06 1339,2,Radial Velocity,2013,125.94000000000,0.4350000000,8.38000000,53.00000000,20.26950000,88.2511811,-5.9963378,K7/M0 V,4324.00,0.700000,0.686355
BD-08 2823 b,BD-08 2823,2,Radial Velocity,2009,5.60000000000,0.0600000000,,2948.49413174,41.33420000,150.1971964,-9.5165689,K3 V,4816.00,0.500000,0.710000
BD-08 2823 c,BD-08 2823,2,Radial Velocity,2009,237.60000000000,0.6800000000,12.50000000,104.00000000,41.33420000,150.1971964,-9.5165689,K3 V,4746.00,0.740000,0.710000
BD-10 3166 b,BD-10 3166,1,Radial Velocity,2000,3.48777000000,0.0400000000,14.10000000,187.51970000,84.40690000,164.6191243,-10.7704227,K0 V,5393.00,1.470000,0.910000
BD-11 4672 b,BD-11 4672,2,Radial Velocity,2014,1634.00000000000,2.3600000000,14.10000000,206.58950000,27.16650000,278.3688659,-11.6370481,K7V,4550.00,0.651000,0.639000
BD-11 4672 c,BD-11 4672,2,Radial Velocity,2020,74.20000000000,0.3000000000,4.04000000,15.37000000,27.16650000,278.3688659,-11.6370481,K7V,4550.00,0.651000,0.639000
BD-13 2130 b,BD-13 2130,1,Radial Velocity,2007,714.29999000000,1.6600000000,12.50000000,3108.37740000,925.21400000,114.2884692,-13.9066703,G5 IV/V,4545.00,2.120000,19.170000
BD-14 3065 b,BD-14 3065 A,1,Transit,2024,4.28897310000,0.0656000000,21.59000000,3932.00000000,589.42300000,153.6696689,-15.6428372,,6935.00,1.410000,2.350000
BD-17 63 b,BD-17 63,1,Radial Velocity,2008,655.57000000000,1.3400000000,12.80000000,1639.99458012,34.46030000,7.1413494,-16.2273254,K5 V,4714.00,0.741000,0.740000
BD-210397 b,BD-210397,2,Radial Velocity,2023,1891.00000000000,2.6300000000,14.00000000,214.00000000,23.73240000,33.3024198,-21.1962147,K7 V,4051.00,0.679000,0.747000
BD-210397 c,BD-210397,2,Radial Velocity,2023,6240.00000000000,5.9000000000,12.90000000,1525.57635360,23.73240000,33.3024198,-21.1962147,K7 V,4051.00,0.690000,0.747000
BEBOP-3 b,BEBOP-3,1,Radial Velocity,2025,547.00000000000,1.4440000000,14.20000000,177.34825111,119.05200000,110.9026550,79.1323952,,6033.00,1.083000,1.414000
BEBOP-4 AB b,BEBOP-4 A,1,Radial Velocity,2025,1823.50000000000,3.6340000000,,8358.88710410,234.29400000,192.5772651,26.1595358,G3 V,5701.43,1.507000,2.756450
bet Cnc b,bet Cnc,1,Radial Velocity,2014,605.20000000000,1.7000000000,12.60000000,2479.00000000,89.04720000,124.1286379,9.1853306,K4 III,4092.10,1.700000,47.200000
bet Pic b,bet Pic,3,Imaging,2008,8682.00000000000,10.0700000000,18.49485000,2765.10714090,19.74420000,86.8212337,-51.0661480,A6 V,8038.68,1.789000,1.544160
bet Pic c,bet Pic,3,Radial Velocity,2019,1202.00000000000,2.7000000000,12.50000000,2765.10714090,19.74420000,86.8212337,-51.0661480,A6 V,8038.68,1.789000,1.544160
bet Pic d,bet Pic,3,Imaging,2026,33200.00000000000,26.0000000000,14.12331568,762.78817680,19.74420000,86.8212337,-51.0661480,A6 V,8038.68,1.789000,1.544160
bet UMi b,bet UMi,1,Radial Velocity,2014,522.30000000000,1.4000000000,12.70000000,1938.70000000,38.77472000,222.6764950,74.1555480,K4 III,4126.00,1.400000,38.300000
CD Cet b,CD Cet,1,Radial Velocity,2020,2.29070000000,0.0185000000,1.82000000,3.95000000,8.60715000,48.3530155,4.7751881,M5.0 V,3130.00,0.161000,0.175000
CD-35 2722 b,CD-35 2722,1,Imaging,2011,,67.0000000000,17.37392009,9375.93800650,22.38960000,92.3300147,-35.8255375,M1 V,3689.00,0.400000,0.558549
CFBDSIR J145829+101343 b,CFBDSIR J145829+101343,1,Imaging,2011,10037.50000000000,2.6000000000,12.40000000,3337.10000000,23.10000000,224.6208333,10.2286111,,580.50,0.021000,
CFHTWIR-Oph 98 b,CFHTWIR-Oph 98 A,1,Imaging,2020,8040000.00000000000,200.0000000000,20.84870410,2479.06157460,,246.9342770,-23.9811500,M9-L1,2320.00,0.014700,0.245000
CHXR 73 b,CHXR 73,1,Imaging,2006,,210.0000000000,12.30000000,3994.48600000,190.37400000,166.6193985,-77.6258725,M3.5,3099.00,0.350000,
CI Tau c,CI Tau,1,Radial Velocity,2024,25.20000000000,0.1700000000,13.00000000,1144.18226520,157.99800000,68.4667685,22.8416192,K7,3807.00,0.900000,1.880857
COCONUTS-2 b,COCONUTS-2 A,1,Imaging,2021,402000000.00000000000,7506.0000000000,12.57647635,2383.71305250,10.88640000,117.3009140,-76.7026960,M3 V,3552.00,0.400000,0.366000
CoRoT-1 b,CoRoT-1,1,Transit,2008,1.50895570000,0.0275200000,16.70000000,327.35000000,787.90900000,102.0798591,-3.1021394,G0 V,5950.00,0.950000,1.110000
CoRoT-10 b,CoRoT-10,1,Transit,2010,13.24060000000,0.1055000000,10.87000000,874.00000000,338.38600000,291.0636813,0.7460143,K1 V,5075.00,0.890000,0.790000
CoRoT-11 b,CoRoT-11,1,Transit,2010,2.99433000000,0.0436000000,16.03000000,740.51000000,655.03700000,280.6872998,5.9376586,F6 V,6440.00,1.270000,1.370000
CoRoT-12 b,CoRoT-12,1,Transit,2010,2.82804200000,0.0401600000,16.14000000,291.43800000,1126.37000000,100.7656871,-1.2964437,,5675.00,1.078000,1.116000
CoRoT-13 b,CoRoT-13,1,Transit,2010,4.03519000000,0.0510000000,9.92000000,415.70400000,1148.93000000,102.7211432,-5.0864557,G0 V,5945.00,1.090000,1.010000
CoRoT-14 b,CoRoT-14,1,Transit,2010,1.51214000000,0.0270000000,12.22000000,2415.40000000,1744.60000000,103.4242023,-5.5360385,F9 V,6035.00,1.130000,1.210000
CoRoT-16 b,CoRoT-16,1,Transit,2011,5.35227000000,0.0618000000,13.11000000,170.03200000,732.40900000,278.5246658,-6.0026026,G5 V,5650.00,1.098000,1.190000
CoRoT-17 b,CoRoT-17,1,Transit,2011,3.76810000000,0.0461000000,11.43000000,772.29000000,1176.12000000,278.6992360,-6.6122880,G2 V,5740.00,1.040000,1.590000
CoRoT-18 b,CoRoT-18,1,Transit,2011,1.90006930000,0.0295000000,14.68000000,1102.82000000,764.88900000,98.1724172,-0.0316045,G9 V,5440.00,0.950000,1.000000
CoRoT-19 b,CoRoT-19,1,Transit,2011,3.89713000000,0.0518000000,14.46000000,352.78000000,790.66300000,97.0335983,-0.1707293,F9 V,6090.00,1.210000,1.650000
CoRoT-2 b,CoRoT-2,1,Transit,2008,1.74299350000,0.0279800000,16.43200000,1102.82000000,213.28300000,291.7770457,1.3836634,,5625.00,0.960000,0.906000
CoRoT-20 b,CoRoT-20,2,Transit,2011,9.24285000000,0.0900000000,9.41556000,1366.66900000,844.06100000,97.7204249,0.2268931,G2 V,5880.00,1.140000,1.020000
CoRoT-20 c,CoRoT-20,2,Radial Velocity,2018,1675.00000000000,2.9000000000,12.20000000,5403.11000000,844.06100000,97.7204249,0.2268931,G2 V,5880.00,1.140000,1.020000
CoRoT-21 b,CoRoT-21,1,Transit,2012,2.72474000000,0.0417000000,14.57170000,718.29580000,1398.83419686,101.0526207,-0.2991544,F8 IV,6200.00,1.290000,1.950000
CoRoT-22 b,CoRoT-22,1,Transit,2014,9.75598000000,0.0920000000,4.88000000,12.20000000,627.15800000,280.6671392,6.2191669,G3 V,5939.00,1.099000,1.136000
CoRoT-23 b,CoRoT-23,1,Transit,2011,3.63130000000,0.0480000000,11.77000000,889.90000000,1060.97000000,279.7826586,4.3577516,G0 V,5900.00,1.140000,1.610000
CoRoT-24 b,CoRoT-24,2,Transit,2014,5.11340000000,0.0560000000,3.70000000,5.70000000,591.55500000,101.9225430,-3.7192892,K1 V,4950.00,0.910000,0.860000
CoRoT-24 c,CoRoT-24,2,Transit,2014,11.75900000000,0.0980000000,5.00000000,28.00000000,591.55500000,101.9225430,-3.7192892,K1 V,4950.00,0.910000,0.860000
CoRoT-25 b,CoRoT-25,1,Transit,2013,4.86069000000,0.0578000000,12.11000000,85.81000000,1103.48000000,280.6296561,6.5138223,F9,6040.00,1.090000,1.190000
CoRoT-26 b,CoRoT-26,1,Transit,2013,4.20474000000,0.0526000000,14.12000000,165.26000000,1045.18000000,279.7504991,6.9697828,G5,5590.00,1.090000,1.790000
CoRoT-27 b,CoRoT-27,1,Transit,2014,3.57532000000,0.0476000000,11.28700000,3302.11000000,1010.28000000,278.4958319,5.5383811,G2,5900.00,1.050000,1.080000
CoRoT-28 b,CoRoT-28,1,Transit,2015,5.20851000000,0.0603000000,10.70459500,153.82972000,766.18300000,278.6883216,5.5736911,G8/9 IV,5150.00,1.010000,1.780000
CoRoT-29 b,CoRoT-29,1,Transit,2015,2.85057000000,0.0386000000,10.08810000,270.15550000,806.50700000,278.9020691,6.4795703,K0 V,5260.00,0.970000,0.900000
CoRoT-3 b,CoRoT-3,1,Transit,2008,4.25680000000,0.0578300000,11.32000000,6883.91000000,768.77100000,292.0552827,0.1218359,F3 V,6740.00,1.370000,1.560000
CoRoT-30 b,CoRoT-30,1,Transit,2020,9.06005000000,0.0844000000,11.30988100,921.70700000,1032.23000000,277.6011767,6.8359338,G3 V,5650.00,0.980000,0.910000
CoRoT-31 b,CoRoT-31,1,Transit,2020,4.62941000000,0.0586000000,16.36514000,266.97720000,2005.76000000,94.8207350,-4.4222978,G2 IV,5700.00,1.250000,2.150000
CoRoT-32 b,CoRoT-32,1,Transit,2018,6.71837000000,0.0710000000,6.38913000,47.67450000,576.68300000,100.1951714,9.2573953,G0 VI,5970.00,1.080000,0.790000
CoRoT-35 b,CoRoT-35,1,Transit,2022,3.22748000000,0.0429000000,18.83108758,349.61124770,1123.21000000,289.3143526,-2.7747085,F6 V,6390.00,1.010000,1.650000
CoRoT-36 b,CoRoT-36,1,Transit,2022,5.61653100000,0.0660000000,15.80466279,216.12331676,925.95800000,277.7510149,7.1833465,F3 V,6730.00,1.320000,1.520000
CoRoT-4 b,CoRoT-4,1,Transit,2008,9.20205000000,0.0900000000,13.34000000,228.83000000,726.41200000,102.1946233,-0.6727861,,6190.00,1.160000,1.170000
CoRoT-5 b,CoRoT-5,1,Transit,2009,4.03789620000,0.0494700000,15.55800000,148.42000000,882.47200000,101.2772396,0.8152163,F9 V,6100.00,1.000000,1.186000
CoRoT-6 b,CoRoT-6,1,Transit,2009,8.88659300000,0.0855000000,13.06800000,940.74000000,645.29400000,281.0725563,6.6632062,F9 V,6090.00,1.050000,1.025000
CoRoT-7 b,CoRoT-7,3,Transit,2009,0.85359163000,0.0170160000,1.68135000,4.07660518,159.90600000,100.9561682,-1.0630076,G9 V,5275.00,0.820000,0.830000
CoRoT-7 c,CoRoT-7,3,Radial Velocity,2009,3.69800000000,0.0460000000,2.83000000,8.40000000,159.90600000,100.9561682,-1.0630076,G9 V,5256.00,0.899000,0.864273
CoRoT-7 d,CoRoT-7,3,Radial Velocity,2022,8.96600000000,,4.31000000,17.14200000,159.90600000,100.9561682,-1.0630076,G9 V,5250.00,0.915000,0.838900
CoRoT-8 b,CoRoT-8,1,Transit,2010,6.21229000000,0.0630000000,6.39000000,69.92000000,322.03700000,291.5885696,1.4262972,K1 V,5080.00,0.880000,0.770000
CoRoT-9 b,CoRoT-9,1,Transit,2009,95.27265600000,0.4021000000,11.94879400,266.97720000,412.98000000,280.7866461,6.2040783,G3 V,5625.00,0.960000,0.960000
CT Cha b,CT Cha,1,Imaging,2007,,440.0000000000,24.66000000,5403.00000000,190.72000000,166.0375038,-76.4553693,K5e,4403.00,,1.679694
CWISEP J193518.59-154620.3 b,CWISEP J193518.59-154620.3,1,Imaging,2025,,2.4800000000,12.20000000,4926.34030850,14.43000000,293.8262172,-15.7725727,Y,,0.024000,
DE CVn b,DE CVn,1,Eclipse Timing Variations,2018,4098.10000000000,5.7500000000,12.40000000,3823.27330161,30.52250000,201.7207198,45.5455449,,3579.00,0.510000,0.424754
DENIS-P J082303.1-491201 b,DENIS-P J082303.1-491201,1,Astrometry,2013,246.36000000000,0.3600000000,11.90000000,9057.77000000,20.77000000,125.7620668,-49.2003008,L1.5,,0.075000,
DH Tau b,DH Tau,1,Imaging,2004,,330.0000000000,30.26430000,3496.00000000,134.84600000,67.4231674,26.5493897,M0.5,4371.00,0.330000,0.270000
DMPP-1 b,DMPP-1,4,Radial Velocity,2019,17.81200000000,0.1423000000,4.26000000,16.80000000,62.53880000,86.7761233,-10.6303217,F8 V,6196.00,1.210000,1.260000
DMPP-1 c,DMPP-1,4,Radial Velocity,2019,10.03000000000,0.0973000000,3.31000000,10.94000000,62.53880000,86.7761233,-10.6303217,F8 V,6196.00,1.210000,1.260000
DMPP-1 d,DMPP-1,4,Radial Velocity,2019,3.14170000000,0.0446700000,2.02000000,4.72000000,62.53880000,86.7761233,-10.6303217,F8 V,6196.00,1.210000,1.260000
DMPP-1 e,DMPP-1,4,Radial Velocity,2019,5.51600000000,0.0651000000,1.86000000,4.13000000,62.53880000,86.7761233,-10.6303217,F8 V,6196.00,1.210000,1.260000
DMPP-2 b,DMPP-2,3,Radial Velocity,2019,5.20300000000,0.0663800000,14.20000000,171.48000000,137.94000000,27.4077310,-34.4590985,F5 V,6500.00,1.410000,1.780000
DMPP-2 c,DMPP-2,3,Radial Velocity,2026,3.16800000000,0.0478900000,8.26000000,51.79000000,137.94000000,27.4077310,-34.4590985,F5 V,6500.00,1.410000,1.780000
DMPP-2 d,DMPP-2,3,Radial Velocity,2026,16.49100000000,0.1432000000,11.60000000,91.79000000,137.94000000,27.4077310,-34.4590985,F5 V,6500.00,1.410000,1.780000
DMPP-3 A b,DMPP-3 A,1,Radial Velocity,2019,5.59000000000,0.0595800000,1.44000000,2.67000000,46.89170000,91.6243532,-72.5143057,K0 V,5138.00,0.900000,0.910000
DMPP-4 b,DMPP-4,1,Radial Velocity,2023,3.49820000000,0.0485300000,3.53000000,12.20000000,25.32840000,293.5826648,51.2358069,F5-F8 V,6400.00,1.250000,1.380000
DMPP-6 b,DMPP-6,2,Radial Velocity,2026,7.60270000000,0.0779000000,2.28000000,5.80000000,54.63030000,120.3857827,-70.0234291,,6182.09,1.079000,1.270000
DMPP-6 c,DMPP-6,2,Radial Velocity,2026,36.44100000000,0.2206000000,3.74000000,13.47000000,54.63030000,120.3857827,-70.0234291,,6182.09,1.079000,1.270000
DMPP-7 b,DMPP-7,1,Radial Velocity,2026,4.98400000000,0.0587300000,9.13000000,61.39000000,101.38600000,203.5284651,0.4988127,G1 V,5996.82,1.090000,1.539490
DMPP-8 b,DMPP-8,1,Radial Velocity,2026,62.91500000000,0.3098000000,10.80000000,81.09000000,76.13350000,305.3083517,-81.6166664,,6009.00,0.990000,1.240000
DMPP-9 b,DMPP-9,1,Radial Velocity,2026,12.73300000000,0.1097000000,3.89000000,14.43000000,109.53900000,316.3060007,-66.9581622,,6092.00,1.100000,1.260000
DP Leo b,DP Leo,1,Eclipse Timing Variations,2009,10220.00000000000,8.1900000000,12.70000000,1995.88832000,305.68400000,169.3162193,17.9615717,,13500.00,0.690000,0.011500
DS Tuc A b,DS Tuc A,1,Transit,2019,8.13826800000,,5.70000000,413.17900000,44.06220000,354.9154673,-69.1960430,G6 V,5428.00,1.010000,0.964000
EPIC 201170410.02,EPIC 201170410,1,Transit,2020,6.79870000000,0.0349000000,1.04700000,1.15000000,134.00000000,170.1408561,-4.8070039,,3648.00,0.287000,0.282000
EPIC 201238110 b,EPIC 201238110,1,Transit,2019,28.16560000000,,1.87000000,4.16000000,159.25900000,179.7058532,-3.3894613,,3587.00,0.410000,0.374000
EPIC 201427007 b,EPIC 201427007,1,Transit,2021,0.72091000000,,1.50000000,2.86000000,706.39100000,184.6021322,-0.5512886,,5633.00,0.930000,0.940000
EPIC 201497682 b,EPIC 201497682,1,Transit,2019,2.13174000000,,0.69200000,0.26000000,253.02600000,168.9366786,0.4880606,,4991.00,0.780000,0.554000
EPIC 201595106 b,EPIC 201595106,2,Transit,2021,0.87724000000,0.0177000000,1.56500000,7.67000000,232.10000000,183.7203635,1.9681688,,5679.00,0.958000,0.980000
EPIC 201615463 c,K2-166,2,Transit,2019,3.80464000000,,1.22000000,1.98000000,476.88200000,185.1880932,2.2823788,,5960.00,1.073000,1.610000
EPIC 201754305 d,K2-16,3,Transit,2019,2.71578000000,,1.03000000,1.08000000,334.96700000,175.0972238,4.5574311,K3 V,4761.00,0.670000,0.544000
EPIC 201757695.02,EPIC 201757695,1,Transit,2020,2.04780000000,0.0296000000,0.90819000,0.68800000,577.60000000,173.9385102,4.6164303,,4520.00,0.727000,0.655000
EPIC 201833600 c,K2-50,2,Transit,2019,3.96151000000,,1.00000000,0.97200000,257.44300000,169.4836540,5.9882890,,4326.00,0.611000,0.634000
EPIC 201841433 b,EPIC 201841433,1,Transit,2019,4.16980000000,0.0350000000,1.04000000,1.12000000,436.48800000,175.2067520,6.1348146,,5053.00,0.802000,0.628461
EPIC 205950854 c,K2-168,2,Transit,2019,8.05072200000,,1.31000000,2.27000000,243.93500000,333.1100738,-16.3418863,,5502.70,0.877000,0.830000
EPIC 206024342 b,EPIC 206024342,3,Transit,2019,4.50756000000,,1.70000000,3.53000000,369.88800000,331.2771441,-14.1218019,,5724.00,0.928000,0.823000
EPIC 206024342 c,EPIC 206024342,3,Transit,2021,0.91172400000,,1.40000000,2.54000000,369.88800000,331.2771441,-14.1218019,,5724.00,0.928000,1.100000
EPIC 206024342 d,EPIC 206024342,3,Transit,2021,14.64753100000,,2.60000000,7.27000000,369.88800000,331.2771441,-14.1218019,,5724.00,0.928000,1.100000
EPIC 206032309 b,EPIC 206032309,1,Transit,2019,2.87814000000,,1.01000000,1.01000000,161.36500000,341.2404563,-13.9011223,,3489.00,0.221000,0.373440
EPIC 206042996 b,EPIC 206042996,2,Transit,2019,5.29860000000,,1.70000000,3.53000000,451.76900000,337.5136198,-13.6101475,,4114.00,0.565000,0.500000
EPIC 206042996 c,EPIC 206042996,2,Transit,2021,0.35488400000,,1.20000000,1.87000000,451.76900000,337.5136198,-13.6101475,,4114.00,0.565000,0.500000
EPIC 206215704 b,EPIC 206215704,1,Transit,2019,2.25543600000,,1.00000000,0.97200000,109.88800000,335.0949721,-9.5097112,,3297.00,0.407000,0.250000
EPIC 206317286 b,EPIC 206317286,2,Transit,2019,1.58252000000,,0.96000000,0.84000000,314.35000000,337.6178427,-7.9724560,,4752.00,0.711000,0.669000
EPIC 206317286 c,EPIC 206317286,2,Transit,2022,17.51547200000,,2.09400000,5.03000000,314.35000000,337.6178427,-7.9724560,,4752.00,0.832000,0.758000
EPIC 211822797 b,EPIC 211822797,1,Transit,2016,21.17019630000,0.1195000000,1.92000000,4.35000000,186.19700000,130.4102091,17.6399744,M0,4057.00,0.620000,0.580000
EPIC 211945201 b,EPIC 211945201,1,Transit,2018,19.49221000000,0.1493000000,5.76000000,11.00000000,181.69000000,136.5741931,19.4020565,G0,6069.00,1.170000,1.390000
EPIC 212297394 b,EPIC 212297394,2,Transit,2019,2.28936300000,,1.48000000,2.79000000,418.39500000,207.2061241,-17.6098985,,5171.00,0.830000,0.800000
EPIC 212297394 c,EPIC 212297394,2,Transit,2021,5.21396500000,,2.27000000,5.77000000,418.39500000,207.2061241,-17.6098985,,5171.00,0.830000,0.800000
EPIC 212424622 b,EPIC 212424622,1,Transit,2019,18.09830000000,,2.17000000,5.35000000,611.80400000,202.3313765,-14.3594358,,5782.33,1.106000,1.224700
EPIC 212499991 b,EPIC 212499991,1,Transit,2019,34.88500000000,,1.60000000,3.19000000,283.29000000,202.4887520,-12.7347749,,4982.79,0.912000,0.757541
EPIC 212587672 b,EPIC 212587672,2,Transit,2019,15.28078000000,,1.26000000,2.13000000,320.07000000,205.4445125,-10.8625468,,6004.00,0.990000,0.980000
EPIC 212587672 c,EPIC 212587672,2,Transit,2021,23.22855500000,,2.32000000,5.99000000,320.07000000,205.4445125,-10.8625468,,6004.00,0.990000,0.980000
EPIC 212624936 b,EPIC 212624936,2,Transit,2021,0.57865700000,,1.20000000,1.87000000,561.92900000,210.6376171,-10.0236852,,5765.00,1.000000,0.930000
EPIC 212624936 c,EPIC 212624936,2,Transit,2021,11.81143700000,,2.30000000,5.90000000,561.92900000,210.6376171,-10.0236852,,5765.00,1.000000,0.930000
EPIC 212737443 b,EPIC 212737443,2,Transit,2019,13.60300000000,0.0980000000,2.58600000,7.20000000,336.25000000,204.2215065,-7.3180577,K3,4684.00,0.690000,0.673000
EPIC 212737443 c,EPIC 212737443,2,Transit,2019,65.55000000000,0.2800000000,2.69000000,7.70000000,336.25000000,204.2215065,-7.3180577,K3,4684.00,0.690000,0.673000
EPIC 220492298 b,EPIC 220492298,1,Transit,2021,0.76240600000,,0.99000000,0.93700000,624.51200000,16.7615005,6.5887980,,5620.00,0.950000,0.890000
EPIC 220554210 c,K2-282,2,Transit,2019,0.70531000000,,1.60000000,3.19000000,496.28900000,13.4321524,7.9952914,,5499.00,0.940000,1.000000
EPIC 220674823 b,EPIC 220674823,2,Transit,2016,0.57130782000,0.0132000000,1.60600000,7.54000000,244.59000000,13.0800239,10.7947051,G5 V,5578.00,0.913000,0.990000
EPIC 220674823 c,EPIC 220674823,2,Transit,2016,13.34060300000,0.1078000000,2.71200000,7.90000000,244.59000000,13.0800239,10.7947051,G5 V,5578.00,0.913000,0.990000
EPIC 228836835 b,EPIC 228836835,1,Transit,2021,0.72811300000,,1.10000000,1.37000000,150.12400000,189.5748998,-5.2446247,,3782.00,0.418179,0.320000
EPIC 229004835 b,EPIC 229004835,1,Transit,2023,16.14113200000,0.1237000000,2.33200000,10.40000000,121.97100000,186.4860415,-1.4047214,,5868.00,0.970000,0.999000
EPIC 246851721 b,EPIC 246851721,1,Transit,2018,6.18023500000,0.0722900000,11.78065900,953.49000000,372.63200000,78.9198197,16.2786991,F5 V,6202.00,1.317000,1.586000
EPIC 248847494 b,EPIC 248847494,1,Transit,2018,3650.00000000000,4.5000000000,12.44199000,4131.79000000,551.88600000,159.3890808,11.8427484,,4898.00,0.900000,2.700000
EPIC 249893012 b,EPIC 249893012,3,Transit,2020,3.59510000000,0.0470000000,1.95000000,8.75000000,321.29600000,228.2482353,-16.7246474,G8 IV/V,5430.00,1.050000,1.710000
EPIC 249893012 c,EPIC 249893012,3,Transit,2020,15.62400000000,0.1300000000,3.67000000,14.67000000,321.29600000,228.2482353,-16.7246474,G8 IV/V,5430.00,1.050000,1.710000
EPIC 249893012 d,EPIC 249893012,3,Transit,2020,35.74700000000,0.2200000000,3.94000000,10.18000000,321.29600000,228.2482353,-16.7246474,G8 IV/V,5430.00,1.050000,1.710000
eps CrB b,eps CrB,1,Radial Velocity,2012,417.90000000000,1.3000000000,12.70000000,2129.46100000,69.86830000,239.3965057,26.8776171,K2 III,4406.00,1.700000,21.000000
eps Eri b,eps Eri,1,Radial Velocity,2000,2680.00000000000,3.5300000000,13.80000000,317.82840700,3.20260000,53.2284306,-9.4581715,K2 V,5020.38,0.820000,0.759106
eps Ind A b,eps Ind A,1,Radial Velocity,2019,25450.00000000000,15.7600000000,12.70000000,2065.88464550,3.63857000,330.8714021,-56.7969023,K5 V,4700.00,0.800000,0.713000
eps Tau b,eps Tau,1,Radial Velocity,2006,585.82000000000,1.8780000000,12.70000000,2285.18624633,47.52852000,67.1546573,19.1802782,K0 III,4877.00,2.570000,12.350000
FU Tau b,FU Tau,1,Imaging,2008,,800.0000000000,12.20000000,5085.28000000,133.49504660,65.8974962,25.0506711,M7.25,2838.00,0.050000,
G 192-15 b,G 192-15,2,Radial Velocity,2025,2.27476000000,0.0172300000,1.02000000,1.03000000,9.53114000,90.6220931,49.8619390,M5.0 V,2999.00,0.132000,0.170718
G 192-15 c,G 192-15,2,Radial Velocity,2025,1219.00000000000,1.1370000000,3.87000000,14.30000000,9.53114000,90.6220931,49.8619390,M5.0 V,2999.00,0.132000,0.170718
G 196-3 b,G 196-3,1,Imaging,2024,,350.0000000000,12.00000000,8263.53858200,21.79120000,151.0884754,50.3861806,,3517.00,0.519782,0.522432
G 261-6 b,G 261-6,1,Radial Velocity,2025,5.45360000000,0.0297100000,1.10000000,1.37000000,10.62670000,291.0743200,75.5558405,M5.5 V,2907.00,0.118000,0.153162
G 264-012 b,G 264-012,2,Radial Velocity,2021,2.30538000000,0.0227900000,1.39000000,2.50000000,16.00900000,326.6719598,66.8038480,M4.0 V,3326.00,0.297000,0.305000
G 264-012 c,G 264-012,2,Radial Velocity,2021,8.05180000000,0.0525000000,1.76000000,3.75000000,16.00900000,326.6719598,66.8038480,M4.0 V,3326.00,0.297000,0.305000
G 268-110 b,G 268-110,1,Radial Velocity,2025,1.43263000000,0.0128300000,1.13000000,1.52000000,,16.2236880,-18.1248020,M5.0 V,,0.137000,0.177000
G 9-40 b,G 9-40,1,Transit,2019,5.74599820000,0.0418000000,1.90000000,4.00000000,27.92760000,134.7188514,21.0747961,M2.5 V,3395.00,0.295200,0.302600
Gaia-1 b,Gaia-1,1,Transit,2022,3.05252400000,0.0404700000,13.77583728,533.95172376,363.66000000,90.6436658,-0.5771099,,5470.00,0.949000,0.952000
Gaia-2 b,Gaia-2,1,Transit,2022,3.69152240000,0.0467000000,14.81827249,259.66580852,209.22900000,110.7353308,67.2526565,,5720.00,1.000000,1.064000
Gaia-4 b,Gaia-4,1,Astrometry,2025,571.30000000000,,12.40000000,3750.37520260,73.48290000,209.5063762,31.6954898,,4034.00,0.644000,0.624000
Gaia-5 b,Gaia-5,1,Astrometry,2025,358.62000000000,,12.10000000,6633.07885409,41.18130000,302.0408173,41.9415455,,3447.00,0.339000,0.345000
Gaia22dkvL b,Gaia22dkvL,1,Microlensing,2024,,1.4000000000,14.10000000,187.83658854,1270.00000000,151.7690000,-66.1808889,,,1.145000,
gam Cep b,gam Cep,1,Radial Velocity,2003,913.00000000000,2.1300000000,12.70000000,2097.66748620,14.10240000,354.8358233,77.6331009,K1 III-IV,4775.00,1.270000,4.740000
gam Lib b,gam Lib,2,Radial Velocity,2018,414.88000000000,1.3190000000,13.70000000,357.87478628,47.40170000,233.8818636,-14.7895020,K0 III,4879.00,1.780000,12.380000
gam Lib c,gam Lib,2,Radial Velocity,2018,966.49000000000,2.3180000000,12.80000000,1662.56039702,47.40170000,233.8818636,-14.7895020,K0 III,4879.00,1.780000,12.380000
gam Psc b,gam Psc,1,Radial Velocity,2021,555.10000000000,1.3200000000,13.60000000,425.89006538,41.31070000,349.2946794,3.2823664,G7 III,4742.00,0.990000,11.200000
gam1 Leo b,gam1 Leo,1,Radial Velocity,2009,428.50000000000,1.1900000000,12.50000000,2790.43000000,39.88830000,154.9932080,19.8413890,K1 IIIb Fe-0.5,4330.00,1.230000,31.880000
GJ 1002 b,GJ 1002,2,Radial Velocity,2022,10.34650000000,0.0457000000,1.03000000,1.08000000,4.84867000,1.6764641,-7.5462123,M5.5 V,3024.00,0.120000,0.137000
GJ 1002 c,GJ 1002,2,Radial Velocity,2022,21.20200000000,0.0738000000,1.10000000,1.36000000,4.84867000,1.6764641,-7.5462123,M5.5 V,3024.00,0.120000,0.137000
GJ 1061 b,GJ 1061,3,Radial Velocity,2020,3.20730000000,0.0210000000,1.04000000,1.11000000,3.67278000,54.0032486,-44.5143104,M5.5 V,2953.00,0.120000,0.156000
GJ 1061 c,GJ 1061,3,Radial Velocity,2020,6.68210000000,0.0342000000,1.19000000,1.81000000,3.67278000,54.0032486,-44.5143104,M5.5 V,2953.00,0.120000,0.156000
GJ 1061 d,GJ 1061,3,Radial Velocity,2020,13.06600000000,0.0540000000,1.16000000,1.67000000,3.67278000,54.0032486,-44.5143104,M5.5 V,2953.00,0.120000,0.156000
GJ 1132 b,GJ 1132,2,Transit,2015,1.62892911000,0.0157000000,1.19151465,1.83704819,12.61300000,153.7090696,-47.1549358,M4.5 V,3229.00,0.194500,0.221100
GJ 1132 c,GJ 1132,2,Radial Velocity,2018,8.92900000000,0.0476000000,1.52000000,2.91000000,12.61300000,153.7090696,-47.1549358,M4.5 V,3090.00,0.198000,0.226000
GJ 1137 c,HD 93083,2,Radial Velocity,2026,9.64120000000,0.0835000000,2.11000000,5.12000000,28.51590000,161.0866672,-33.5776794,K2 IV-V,5033.80,0.836000,0.837000
GJ 1148 b,GJ 1148,2,Radial Velocity,2010,41.38000000000,0.1660000000,11.90000000,96.70000000,11.01430000,175.4326081,42.7515862,M5,3287.00,0.344045,0.358519
GJ 1148 c,GJ 1148,2,Radial Velocity,2017,532.58000000000,0.9120000000,9.71000000,68.06000000,11.01430000,175.4326081,42.7515862,M5,3287.00,0.344045,0.358519
GJ 1151 c,GJ 1151,1,Radial Velocity,2023,389.70000000000,0.5714000000,3.25000000,10.62000000,8.03625000,177.7304866,48.3732334,M 4.5V,3280.00,0.163900,0.178100
GJ 1214 b,GJ 1214,1,Transit,2009,1.58040453100,0.0150500000,2.73300000,8.41000000,14.64270000,258.8313991,4.9606795,M4 V,3101.00,0.182000,0.216200
GJ 1252 b,GJ 1252,1,Transit,2020,0.51823310000,0.0091500000,1.19300000,1.32000000,20.37300000,306.9286462,-56.4622865,M3,3458.00,0.381000,0.391000
GJ 1265 b,GJ 1265,1,Radial Velocity,2018,3.65110000000,0.0260000000,2.63000000,7.40000000,10.25250000,333.4324675,-17.6870623,M4.5 V,3236.00,0.178000,0.192000
GJ 1289 b,GJ 1289,1,Radial Velocity,2024,111.74000000000,0.2700000000,2.38000000,6.27000000,8.35147000,355.7813464,36.5363314,M4.5 Ve,3296.00,0.210000,0.245012
GJ 143 b,GJ 143,2,Transit,2019,35.61253000000,0.1915000000,2.61000000,22.70000000,16.32000000,51.7501882,-63.5001660,K4.5,4640.00,0.730000,0.695000
GJ 15 A b,GJ 15 A,2,Radial Velocity,2014,11.44070000000,0.0720000000,1.55000000,3.03000000,3.56228000,4.6126677,44.0247296,M1,3607.00,0.380000,0.380000
GJ 15 A c,GJ 15 A,2,Radial Velocity,2018,7600.00000000000,5.4000000000,6.67000000,36.00000000,3.56228000,4.6126677,44.0247296,M1,3607.00,0.380000,0.380000
GJ 160.2 b,GJ 160.2,1,Radial Velocity,2014,5.23540000000,0.0530000000,3.17000000,10.20000000,25.85570000,61.6454173,-20.8564724,M0 V,4347.00,0.690000,0.655173
GJ 163 b,GJ 163,3,Radial Velocity,2013,8.63182000000,0.0607000000,3.25000000,10.60000000,15.12850000,62.3228353,-53.3711768,M,3500.00,0.400000,0.409738
GJ 163 c,GJ 163,3,Radial Velocity,2013,25.63058000000,0.1254000000,2.50000000,6.80000000,15.12850000,62.3228353,-53.3711768,M,3500.00,0.400000,0.409738
GJ 163 d,GJ 163,3,Radial Velocity,2013,603.95116000000,1.0304000000,5.92000000,29.40000000,15.12850000,62.3228353,-53.3711768,M,3500.00,0.400000,0.409738
GJ 179 b,GJ 179,1,Radial Velocity,2009,2288.00000000000,2.4100000000,13.80000000,301.93698665,12.35600000,73.0245495,6.4752347,M3.5 V,3370.00,0.357000,0.380000
GJ 180 b,GJ 180,3,Radial Velocity,2014,17.13300000000,0.0920000000,2.43000000,6.49000000,11.94070000,73.4600970,-17.7761940,M3,3371.00,0.430000,0.413049
GJ 180 c,GJ 180,3,Radial Velocity,2014,24.32900000000,0.1290000000,2.41000000,6.40000000,11.94070000,73.4600970,-17.7761940,M3,3371.00,0.430000,0.413049
GJ 180 d,GJ 180,3,Radial Velocity,2020,106.30000000000,0.3090000000,2.66000000,7.56000000,11.94070000,73.4600970,-17.7761940,M3,3371.00,0.430000,0.413049
GJ 2030 b,GJ 2030,2,Radial Velocity,2022,2.38129000000,0.0340000000,2.03000000,4.76742611,37.07880000,50.8237604,-7.7950429,,5485.00,0.960000,2.241040
GJ 2030 c,GJ 2030,2,Radial Velocity,2022,25533.11353000000,16.7610000000,12.30000000,4069.15709482,37.07880000,50.8237604,-7.7950429,,5485.00,0.960000,2.241040
GJ 2056 b,GJ 2056,1,Radial Velocity,2020,69.97100000000,0.2830000000,4.17000000,16.20000000,28.44340000,108.0194945,-24.8921008,M0V:,4069.95,0.620000,0.709495
GJ 2126 b,GJ 2126,1,Radial Velocity,2025,272.70000000000,0.7100000000,13.60000000,413.17692910,38.12900000,257.3606793,-35.3917190,M0 V,4159.00,0.650000,0.728000
GJ 229 A c,GJ 229,2,Radial Velocity,2020,121.93268000000,0.3840000000,2.87000000,8.58136699,5.75624000,92.6435993,-21.8677233,M1.5V,3564.00,0.509000,0.460000
GJ 229 b,GJ 229,2,Radial Velocity,2014,579.47495000000,1.0860000000,3.97000000,14.93793513,5.75624000,92.6435993,-21.8677233,M1.5V,3564.00,0.509000,0.460000
GJ 238 b,GJ 238,1,Transit,2024,1.74469990000,0.0212300000,0.56600000,0.12600000,15.21420000,98.4548810,-58.5250316,M2.5 V,3485.00,0.419300,0.431400
GJ 251 b,GJ 251,2,Radial Velocity,2020,14.23700000000,0.0808000000,1.79000000,3.85000000,5.58057000,103.7002499,33.2664632,M3.0 V,3342.00,0.350000,0.360000
GJ 251 c,GJ 251,2,Radial Velocity,2025,53.64700000000,0.1960000000,1.80000000,3.88000000,5.58057000,103.7002499,33.2664632,M3.0 V,3342.00,0.350000,0.360000
GJ 27.1 b,GJ 27.1,1,Radial Velocity,2014,15.81900000000,0.1010000000,3.66000000,13.00000000,23.60620000,9.9980016,-44.2541679,M0.5 V,3542.00,0.530000,0.518887
GJ 273 b,GJ 273,2,Radial Velocity,2017,18.64980000000,0.0911010000,1.51000000,2.89000000,5.92153500,111.8520910,5.2258070,M3.5,3382.00,0.290000,0.293000
GJ 273 c,GJ 273,2,Radial Velocity,2017,4.72340000000,0.0364670000,1.06000000,1.18000000,5.92153500,111.8520910,5.2258070,M3.5,3382.00,0.290000,0.293000
GJ 3021 b,GJ 3021,1,Radial Velocity,2000,133.71000000000,0.4900000000,13.10000000,1071.04000000,17.55590000,4.0634323,-79.8514218,G6 V,5540.00,0.900000,0.900000
GJ 3082 b,GJ 3082,1,Radial Velocity,2020,11.94900000000,0.0790000000,2.79000000,8.20000000,16.61860000,18.6432425,-53.9407751,M4,3910.00,0.470000,0.465216
GJ 3090 b,GJ 3090,2,Transit,2022,2.85310198000,0.0316000000,2.18000000,4.52000000,22.47510000,20.4384281,-46.7147234,M2 V,3707.00,0.519000,0.516000
GJ 3090 c,GJ 3090,2,Radial Velocity,2026,15.94070000000,0.0997000000,3.14000000,10.00000000,22.47510000,20.4384281,-46.7147234,M2 V,3707.00,0.519000,0.516000
GJ 3138 b,GJ 3138,3,Radial Velocity,2017,1.22003000000,0.0197000000,1.18000000,1.78000000,28.47120000,32.2977385,-16.3392495,M0,3717.00,0.681000,0.500000
GJ 3138 c,GJ 3138,3,Radial Velocity,2017,5.97400000000,0.0570000000,1.88000000,4.18000000,28.47120000,32.2977385,-16.3392495,M0,3717.00,0.681000,0.500000
GJ 3138 d,GJ 3138,3,Radial Velocity,2017,257.80000000000,0.6980000000,3.23000000,10.50000000,28.47120000,32.2977385,-16.3392495,M0,3717.00,0.681000,0.500000
GJ 317 b,GJ 317,2,Radial Velocity,2007,695.69000000000,1.1380000000,13.30000000,794.50000000,15.19680000,130.2445254,-23.4528090,M3.5 V,3496.00,0.402000,0.403000
GJ 317 c,GJ 317,2,Radial Velocity,2016,6500.00000000000,5.0400000000,13.60000000,454.49462201,15.19680000,130.2445254,-23.4528090,M3.5 V,3496.00,0.402000,0.403000
GJ 3222 b,GJ 3222,1,Radial Velocity,2022,10.66669000000,0.0910000000,3.40000000,11.44182265,18.23817000,50.8972464,-40.0762325,K0V,5257.46,0.890000,0.931389
GJ 328 b,GJ 328,2,Radial Velocity,2013,3771.00000000000,4.1100000000,13.30000000,797.74930157,20.52660000,133.7819507,1.5420011,M0.0,3897.00,0.650000,0.630000
GJ 328 c,GJ 328,2,Radial Velocity,2023,241.80000000000,0.6570000000,4.91000000,21.40000000,20.52660000,133.7819507,1.5420011,M0.0,3897.00,0.650000,0.630000
GJ 3293 b,GJ 3293,4,Radial Velocity,2015,30.59870000000,0.1433900000,5.19000000,23.54000000,20.19030000,67.1484425,-25.1713396,M2.5,3466.00,0.420000,0.404000
GJ 3293 c,GJ 3293,4,Radial Velocity,2015,122.61960000000,0.3617500000,4.87000000,21.09000000,20.19030000,67.1484425,-25.1713396,M2.5,3466.00,0.420000,0.404000
GJ 3293 d,GJ 3293,4,Radial Velocity,2017,48.13450000000,0.1939400000,2.67000000,7.60000000,20.19030000,67.1484425,-25.1713396,M2.5,3466.00,0.420000,0.404000
GJ 3293 e,GJ 3293,4,Radial Velocity,2017,13.25430000000,0.0820800000,1.63000000,3.28000000,20.19030000,67.1484425,-25.1713396,M2.5,3466.00,0.420000,0.404000
GJ 3323 b,GJ 3323,2,Radial Velocity,2017,5.36360000000,0.0328200000,1.23000000,2.02000000,5.37484000,75.4868824,-6.9485133,M4,3159.00,0.164000,0.119000
GJ 3323 c,GJ 3323,2,Radial Velocity,2017,40.54000000000,0.1264000000,1.32000000,2.31000000,5.37484000,75.4868824,-6.9485133,M4,3159.00,0.164000,0.119000
GJ 3341 b,GJ 3341,1,Radial Velocity,2015,14.20700000000,0.0890000000,2.46000000,6.60000000,23.61900000,78.9471415,-31.2948458,M2.5,3526.00,0.470000,0.439000
GJ 3378 b,GJ 3378,1,Radial Velocity,2026,21.45000000000,0.0967300000,1.32000000,2.30000000,7.72274000,90.2951302,59.5931917,M4 V,3340.00,0.262000,0.275000
GJ 338 B b,GJ 338 B,1,Radial Velocity,2020,24.42200000000,0.1420000000,3.25000000,10.60000000,6.33256000,138.5916722,52.6835211,M0 V,4014.00,0.640000,0.580000
GJ 341 b,GJ 341,1,Transit,2025,7.57686000000,,0.88000000,4.00000000,10.45400000,140.3993759,-60.2811692,M1,3770.00,0.480000,0.506600
GJ 3470 b,GJ 3470,1,Radial Velocity,2012,3.33664960000,0.0355000000,4.57000000,13.90000000,29.42140000,119.7735021,15.3912090,M1.5,3600.00,0.539000,0.547000
GJ 3473 b,GJ 3473,2,Transit,2020,1.19800350000,0.0158900000,1.26400000,1.86000000,27.36440000,120.5936065,3.3371629,M4,3347.00,0.360000,0.364000
GJ 3473 c,GJ 3473,2,Radial Velocity,2020,15.50900000000,0.0876000000,2.63000000,7.41000000,27.36440000,120.5936065,3.3371629,M4,3347.00,0.360000,0.364000
GJ 3512 b,GJ 3512,2,Radial Velocity,2019,203.10900000000,0.3376000000,14.30000000,146.51889563,9.48637000,130.3316616,59.4918364,M5.5 V,3141.00,0.123000,0.139000
GJ 3512 c,GJ 3512,2,Radial Velocity,2020,2354.00000000000,1.7310000000,14.30000000,143.97626837,9.48637000,130.3316616,59.4918364,M5.5 V,3141.00,0.123000,0.139000
GJ 357 b,GJ 357,3,Transit,2019,3.93060000000,0.0360000000,1.20000000,1.83000000,9.44181000,144.0074644,-21.6650634,M2.5 V,3505.00,0.342000,0.337000
GJ 357 c,GJ 357,3,Radial Velocity,2019,9.12470000000,0.0610000000,1.66000000,3.40000000,9.44181000,144.0074644,-21.6650634,M2.5 V,3505.00,0.342000,0.337000
GJ 357 d,GJ 357,3,Radial Velocity,2019,55.66100000000,0.2040000000,2.34000000,6.10000000,9.44181000,144.0074644,-21.6650634,M2.5 V,3505.00,0.342000,0.337000
GJ 3634 b,GJ 3634,1,Radial Velocity,2010,2.64561000000,0.0287000000,2.83000000,8.40000000,20.37790000,164.6433493,-31.1443383,M2.5,3517.00,0.450000,0.430000
GJ 367 b,GJ 367,3,Transit,2021,0.32192260000,0.0071000000,0.73600000,0.50300000,9.41263000,146.1214640,-45.7790165,M V,3535.00,0.451000,0.457000
GJ 367 c,GJ 367,3,Radial Velocity,2023,11.53010000000,,1.86000000,4.13000000,9.41263000,146.1214640,-45.7790165,M1.0 V,3522.00,0.455000,0.458000
GJ 367 d,GJ 367,3,Radial Velocity,2023,34.36900000000,,2.33000000,6.03000000,9.41263000,146.1214640,-45.7790165,M1.0 V,3522.00,0.455000,0.458000
GJ 3779 b,GJ 3779,1,Radial Velocity,2018,3.02320000000,0.0260000000,2.75000000,8.00000000,13.74300000,200.7335358,24.4639425,M4.0 V,3324.00,0.270000,0.281000
GJ 3929 b,GJ 3929,2,Transit,2022,2.61623500000,0.0252000000,1.09000000,1.75000000,15.80950000,239.5775678,35.4081141,M3.5 V,3384.00,0.313000,0.320000
GJ 3929 c,GJ 3929,2,Radial Velocity,2022,15.04000000000,0.0810000000,2.26000000,5.71000000,15.80950000,239.5775678,35.4081141,M3.5 V,3384.00,0.313000,0.320000
GJ 393 b,GJ 393,1,Radial Velocity,2021,7.02679000000,0.0540200000,1.17000000,1.71000000,7.03149000,157.2288672,0.8378485,M2.0 V,3579.00,0.426000,0.426000
GJ 3942 b,GJ 3942,1,Radial Velocity,2017,6.90500000000,0.0608000000,2.57000000,7.14000000,16.92870000,242.2645452,52.9441443,M0,3867.00,0.630000,0.610000
GJ 3988 b,GJ 3988,1,Radial Velocity,2023,6.94420000000,0.0405000000,1.74000000,3.69000000,9.91050000,255.8503747,51.4089795,M4.5 V,3273.00,0.184200,0.197340
GJ 3998 b,GJ 3998,3,Radial Velocity,2016,2.65033000000,0.0300000000,1.39000000,2.50000000,18.14590000,259.0020507,11.0561751,M1,3726.00,0.520000,0.500000
GJ 3998 c,GJ 3998,3,Radial Velocity,2016,13.72700000000,0.0900000000,2.50000000,6.82000000,18.14590000,259.0020507,11.0561751,M1,3726.00,0.520000,0.500000
GJ 3998 d,GJ 3998,3,Radial Velocity,2025,41.78000000000,0.1890000000,2.34000000,6.07000000,18.14590000,259.0020507,11.0561751,M1,3726.00,0.520000,0.500000
GJ 411 b,GJ 411,2,Radial Velocity,2019,12.93940000000,0.0787900000,1.45000000,2.69000000,5.67577300,165.8344710,35.9723170,M1.5 V,3719.00,0.389900,0.368500
GJ 414 A b,GJ 414 A,2,Radial Velocity,2021,50.80000000000,0.2324000000,2.63000000,7.60000000,11.88930000,167.7745044,30.4451688,K7 V,4120.00,0.650000,0.680000
GJ 414 A c,GJ 414 A,2,Radial Velocity,2021,749.83000000000,1.4000000000,8.40000000,53.83000000,11.88930000,167.7745044,30.4451688,K7 V,4120.00,0.650000,0.680000
GJ 422 b,GJ 422,1,Radial Velocity,2014,20.12900000000,0.1110000000,3.33000000,11.07000000,12.66310000,168.9810458,-57.5425629,M3.5 V,3323.00,0.350000,0.370328
GJ 4274 b,GJ 4274,2,Radial Velocity,2026,1.63390000000,0.0153000000,1.53000000,2.97000000,7.23556000,335.7805478,-17.6104078,M4.5 V,3228.00,0.180000,0.190000
GJ 4274 c,GJ 4274,2,Radial Velocity,2026,69.57000000000,0.1860000000,2.83000000,8.39000000,7.23556000,335.7805478,-17.6104078,M4.5 V,3228.00,0.180000,0.190000
GJ 4276 b,GJ 4276,1,Radial Velocity,2019,13.35200000000,0.0820000000,4.22000000,16.57000000,21.33620000,336.3221454,59.4125030,M4.0,3387.00,0.406000,0.407000
GJ 433 b,GJ 433,3,Radial Velocity,2013,7.37050000000,0.0620000000,2.33000000,6.04300000,9.06456000,173.8619194,-32.5436302,M2V,3461.00,0.480000,0.500000
GJ 433 c,GJ 433,3,Radial Velocity,2014,5094.10500000000,4.8190000000,6.27000000,32.42200000,9.06456000,173.8619194,-32.5436302,M2V,3461.00,0.480000,0.500000
GJ 433 d,GJ 433,3,Radial Velocity,2020,36.05900000000,0.1780000000,2.14000000,5.22300000,9.06456000,173.8619194,-32.5436302,M2V,3461.00,0.480000,0.500000
GJ 436 b,GJ 436,1,Radial Velocity,2004,2.64388312000,0.0291000000,4.17000000,22.10000000,9.75321000,175.5505363,26.7030669,M2.5 V,3586.11,0.470000,0.455000
GJ 463 b,GJ 463,1,Radial Velocity,2022,3459.00000000000,3.5300000000,13.10000000,1080.61658380,18.35540000,185.7440496,64.0324311,M3.0 V,3563.00,0.486000,0.483000
GJ 480 b,GJ 480,1,Radial Velocity,2020,9.55360000000,0.0680000000,2.91000000,8.80000000,14.23580000,189.7134226,11.6950708,M3.5 Ve,3509.00,0.450000,0.449000
GJ 486 b,GJ 486,1,Radial Velocity,2021,1.46712127000,0.0171400000,1.28900000,2.77000000,8.07426000,191.9815310,9.7494181,M3.5 V,3317.00,0.312000,0.324300
GJ 504 b,GJ 504,1,Imaging,2013,,43.5000000000,12.10569916,1271.30000000,17.52990000,199.1923480,9.4249781,G0 V,6234.00,1.220000,1.260000
GJ 508.2 b,GJ 508.2,1,Radial Velocity,2025,5300.00000000000,4.8500000000,,587.98255295,16.63740000,200.2443854,34.2776644,M1.0 V,3720.00,0.540000,0.530000
GJ 514 b,GJ 514,1,Radial Velocity,2022,140.43000000000,0.4220000000,2.13000000,5.20000000,7.61778000,202.5040424,10.3725387,M0.5-1.0 V,3728.00,0.510000,0.500000
GJ 536 b,GJ 536,2,Radial Velocity,2016,8.70874000000,0.0668000000,2.41000000,6.37000000,10.40920000,210.2597264,-2.6522901,M1 V,3641.00,0.528000,0.529000
GJ 536 c,GJ 536,2,Radial Velocity,2025,32.76100000000,0.1617000000,2.30000000,5.89000000,10.40920000,210.2597264,-2.6522901,M1 V,3641.00,0.528000,0.529000
GJ 581 b,GJ 581,3,Radial Velocity,2005,5.36860000000,0.0399000000,4.79000000,20.50000000,6.29810000,229.8564725,-7.7226935,M3.0 V,3500.00,0.295000,0.302000
GJ 581 c,GJ 581,3,Radial Velocity,2007,12.92110000000,0.0718000000,2.50000000,6.81000000,6.29810000,229.8564725,-7.7226935,M3.0 V,3500.00,0.295000,0.302000
GJ 581 e,GJ 581,3,Radial Velocity,2009,3.14810000000,0.0279900000,1.38000000,2.48000000,6.29810000,229.8564725,-7.7226935,M3.0 V,3500.00,0.295000,0.302000
GJ 625 b,GJ 625,1,Radial Velocity,2017,14.62800000000,0.0783610000,1.49000000,2.82000000,6.47249000,246.3557854,54.3033625,M2,3499.00,0.300000,0.310000
GJ 649 b,GJ 649,1,Radial Velocity,2009,600.10000000000,1.1120000000,10.80000000,81.99972901,10.37960000,254.5363221,25.7419719,M1.0,3734.00,0.510000,0.500000
GJ 667 C b,GJ 667 C,5,Radial Velocity,2012,7.20300000000,0.0504310000,2.25000000,5.68000000,7.24396000,259.7510609,-34.9977651,M1.5 V,3350.00,0.330000,
GJ 667 C c,GJ 667 C,5,Radial Velocity,2013,28.14000000000,0.1250000000,1.77000000,3.80000000,7.24396000,259.7510609,-34.9977651,M1.5 V,3350.00,0.330000,
GJ 667 C e,GJ 667 C,5,Radial Velocity,2013,62.24000000000,0.2130000000,1.45000000,2.70000000,7.24396000,259.7510609,-34.9977651,M1.5 V,3350.00,0.330000,
GJ 667 C f,GJ 667 C,5,Radial Velocity,2013,39.02600000000,0.1560000000,1.45000000,2.70000000,7.24396000,259.7510609,-34.9977651,M1.5 V,3350.00,0.330000,
GJ 667 C g,GJ 667 C,5,Radial Velocity,2013,256.20000000000,0.5490000000,1.99000000,4.60000000,7.24396000,259.7510609,-34.9977651,M1.5 V,3350.00,0.330000,
GJ 674 b,GJ 674,1,Radial Velocity,2007,4.69380000000,0.0390000000,3.33000000,11.09000000,4.54896000,262.1700476,-46.8989826,M2.5,3600.00,0.350000,0.364630
GJ 676 A b,GJ 676 A,4,Radial Velocity,2010,1051.44521000000,1.7350000000,12.80000000,1840.86213334,16.02720000,262.5448903,-51.6377777,M0,3734.00,0.626000,0.690000
GJ 676 A c,GJ 676 A,4,Radial Velocity,2016,13921.42302000000,9.7260000000,12.30000000,4288.14086724,16.02720000,262.5448903,-51.6377777,M0,3734.00,0.626000,0.690000
GJ 676 A d,GJ 676 A,4,Radial Velocity,2012,3.60076000000,0.0390000000,1.78000000,3.81394088,16.02720000,262.5448903,-51.6377777,M0,3734.00,0.626000,0.690000
GJ 676 A e,GJ 676 A,4,Radial Velocity,2012,35.47358000000,0.1810000000,2.47000000,6.67439655,16.02720000,262.5448903,-51.6377777,M0,3734.00,0.626000,0.690000
GJ 680 b,GJ 680,1,Radial Velocity,2022,17281.66514000000,10.1380000000,12.00000000,7977.49301570,9.67315000,263.8072214,-48.6788427,K5,3563.00,0.456000,0.459330
GJ 682 b,GJ 682,2,Radial Velocity,2014,17.47800000000,0.0800000000,1.93000000,4.40000000,5.00671000,264.2610245,-44.3232519,M3.5 V,3028.00,0.270000,0.298255
GJ 682 c,GJ 682,2,Radial Velocity,2014,57.32000000000,0.1760000000,2.89000000,8.70000000,5.00671000,264.2610245,-44.3232519,M3.5 V,3028.00,0.270000,0.298255
GJ 685 b,GJ 685,1,Radial Velocity,2019,24.16000000000,0.1344000000,2.95000000,9.00000000,14.31550000,263.8960378,61.6793482,M0.5,3816.00,0.550000,0.540000
GJ 687 b,GJ 687,2,Radial Velocity,2014,38.14200000000,0.1630000000,4.32000000,17.20000000,4.54939000,264.1041731,68.3336741,M3.0V,3413.00,0.400000,0.418300
GJ 687 c,GJ 687,2,Radial Velocity,2020,727.56200000000,1.1650000000,4.14000000,16.00000000,4.54939000,264.1041731,68.3336741,M3.0V,3413.00,0.400000,0.418300
GJ 720 A b,GJ 720 A,1,Radial Velocity,2021,19.46600000000,0.1190000000,3.77000000,13.64000000,15.55750000,278.8294172,45.7456038,M0.5 V,3837.00,0.570000,0.560000
GJ 724 b,GJ 724,1,Radial Velocity,2023,5.10128400000,0.0468500000,3.27000000,10.75000000,16.96580000,280.2383650,-13.3824997,M1.0 V,3799.00,0.527100,0.522260
GJ 740 b,GJ 740,1,Radial Velocity,2021,2.37756000000,0.0290000000,1.53000000,2.96000000,11.10170000,284.4997178,5.9028670,M1.0 V,3913.00,0.580000,0.560000
GJ 806 b,GJ 806,2,Transit,2023,0.92632370000,0.0140600000,1.33100000,1.90000000,12.04450000,311.2697002,44.5002351,M1.5 V,3600.00,0.413000,0.414400
GJ 806 c,GJ 806,2,Radial Velocity,2023,6.64064000000,0.0523000000,2.28000000,5.80000000,12.04450000,311.2697002,44.5002351,M1.5 V,3600.00,0.413000,0.414400
GJ 832 b,GJ 832,1,Radial Velocity,2008,3853.00000000000,3.7000000000,13.80000000,314.65012293,4.96435000,323.3912616,-49.0125169,M2/3 V,3472.00,0.450000,0.441557
GJ 849 b,GJ 849,2,Radial Velocity,2006,1925.31000000000,2.3200000000,13.90000000,283.82076745,8.80058000,332.4229938,-4.6408317,M3.5,3467.00,0.450000,0.450000
GJ 849 c,GJ 849,2,Radial Velocity,2014,5990.00000000000,4.9500000000,13.80000000,314.65012293,8.80058000,332.4229938,-4.6408317,M3.5,3467.00,0.450000,0.450000
GJ 86 b,GJ 86,1,Radial Velocity,1999,15.76491000000,0.1100000000,12.90000000,1404.80860000,10.78360000,32.6224785,-50.8209945,K1V,5182.00,0.930000,0.770000
GJ 876 b,GJ 876,4,Radial Velocity,1998,61.11660000000,0.2083170000,13.30000000,723.22350000,4.67517000,343.3239737,-14.2665958,M2.5V,3293.74,0.320000,0.300000
GJ 876 c,GJ 876,4,Radial Velocity,2000,30.08810000000,0.1295900000,14.00000000,226.98460000,4.67517000,343.3239737,-14.2665958,M2.5V,3293.74,0.320000,0.300000
GJ 876 d,GJ 876,4,Radial Velocity,2005,1.93778000000,0.0208066500,2.51000000,6.83000000,4.67517000,343.3239737,-14.2665958,M2.5V,3293.74,0.320000,0.300000
GJ 876 e,GJ 876,4,Radial Velocity,2010,124.26000000000,0.3343000000,3.92000000,14.60000000,4.67517000,343.3239737,-14.2665958,M2.5V,3293.74,0.320000,0.300000
GJ 887 b,GJ 887,4,Radial Velocity,2020,9.26190000000,0.0683000000,1.80000000,3.90000000,3.28679000,346.5027573,-35.8473489,M1 V,3688.00,0.495000,0.468000
GJ 887 c,GJ 887,4,Radial Velocity,2020,21.78400000000,0.1210000000,2.43000000,6.50000000,3.28679000,346.5027573,-35.8473489,M1 V,3688.00,0.495000,0.468000
GJ 887 d,GJ 887,4,Radial Velocity,2026,50.77000000000,0.2120000000,2.34000000,6.10000000,3.28679000,346.5027573,-35.8473489,M1 V,3688.00,0.495000,0.468000
GJ 887 e,GJ 887,4,Radial Velocity,2026,4.42490000000,0.0417000000,1.12000000,1.46000000,3.28679000,346.5027573,-35.8473489,M1 V,3688.00,0.495000,0.468000
GJ 896 A b,GJ 896 A,1,Astrometry,2022,284.39000000000,0.6396500000,13.30000000,718.29219982,6.26022000,352.9700384,19.9370011,M3.5 V,3345.00,0.435990,0.394682
GJ 900 b,GJ 900 A,1,Imaging,2024,,12000.0000000000,12.40000000,3496.11247700,20.80650000,353.7526177,1.6055211,K7,3976.00,1.080000,0.716187
GJ 9066 c,GJ 9066,1,Radial Velocity,2020,771.36000000000,0.8800000000,9.60000000,66.74396547,4.47100000,30.0588307,13.0443172,M5.0 V,3154.00,0.150000,0.164000
GJ 9404 b,GJ 9404,1,Radial Velocity,2023,13.45860000000,0.0943000000,3.48000000,11.90000000,23.88390000,184.8472095,28.3827126,M2V,3811.00,0.620000,0.626041
GJ 96 b,GJ 96,1,Radial Velocity,2018,73.94000000000,0.2910000000,4.67000000,19.66000000,11.93150000,35.5624031,47.8802075,M2,3785.00,0.600000,0.580612
GJ 9689 b,GJ 9689,1,Radial Velocity,2020,18.27000000000,0.1139000000,3.07000000,9.65000000,30.62030000,303.4677310,13.3888921,M0.5,3836.00,0.590000,0.570000
GJ 9714 b,GJ 9714,1,Radial Velocity,2022,19240.75467000000,12.3190000000,12.50000000,2988.54051102,20.51210000,315.4141767,-32.5250028,K5V,4263.00,0.670000,0.662662
GJ 9773 b,GJ 9773,1,Radial Velocity,2025,2965.00000000000,2.9210000000,14.20000000,172.58082500,15.92110000,333.1502333,8.5503355,M3.0 V,3528.00,0.358000,0.362000
GJ 9827 b,GJ 9827,3,Transit,2017,1.20897400000,0.0189000000,1.44000000,4.28000000,29.66100000,351.7717763,-1.2853435,K7 V,4236.00,0.620000,0.580000
GJ 9827 c,GJ 9827,3,Transit,2017,3.64810300000,0.0395000000,1.13000000,1.86000000,29.66100000,351.7717763,-1.2853435,K7 V,4236.00,0.620000,0.580000
GJ 9827 d,GJ 9827,3,Transit,2017,6.20183000000,0.0530000000,1.98000000,3.02000000,29.66100000,351.7717763,-1.2853435,K7 V,4236.00,0.620000,0.580000
Gl 378 b,Gl 378,1,Radial Velocity,2019,3.82200000000,0.0394350000,3.66000000,13.02000000,14.95450000,150.5865513,48.0824515,M1,3879.00,0.560000,0.560000
Gl 410 b,Gl 410,1,Radial Velocity,2025,6.02000000000,0.0531000000,2.83000000,8.40000000,11.93240000,165.6604212,21.9669164,K,3842.00,0.550000,0.543000
Gl 49 b,Gl 49,1,Radial Velocity,2019,13.85080000000,0.0905000000,2.24000000,5.63000000,9.85280000,15.6687321,62.3454386,M1.5 V,3805.00,0.515000,0.511000
Gl 686 b,Gl 686,1,Radial Velocity,2018,15.53000000000,0.0910000000,2.46000000,6.62400000,8.15728000,264.4764878,18.5959509,M1.0 V,3656.00,0.426000,0.427000
Gl 725 A b,Gl 725 A,1,Radial Velocity,2025,11.22010000000,0.0680000000,1.48000000,2.78000000,3.52140000,280.6834312,59.6381090,M3,3433.00,0.330000,0.351000
Gliese 12 b,Gliese 12,1,Transit,2024,12.76141800000,0.0670000000,0.93000000,0.95000000,12.21000000,3.9579137,13.5576175,M4 V,3328.00,0.255000,0.265000
GPX-1 b,GPX-1,1,Transit,2021,1.74457900000,0.0338000000,16.47720163,6261.21961790,655.01300000,38.3691648,56.0257080,F2,7000.00,1.680000,1.560000
GQ Lup b,GQ Lup,1,Imaging,2004,,100.0000000000,33.60000000,6356.00000000,151.16900000,237.3003643,-35.6515055,K7e V,4360.00,0.700000,1.941530
GSC 06214-00210 b,GSC 06214-00210,1,Imaging,2010,,320.0000000000,20.17620000,5000.00000000,108.50000000,245.4776921,-20.7193398,K7,4200.00,0.900000,0.904840
GU Psc b,GU Psc,1,Imaging,2014,,2000.0000000000,14.17900000,3591.30000000,47.55010000,18.1464850,17.0650029,M3,4031.81,0.325000,0.450458
HAT-P-1 b,HAT-P-1,1,Transit,2006,4.46529976000,0.0556100000,14.78467100,166.86075000,158.97900000,344.4453632,38.6749190,G0 V,5980.00,1.151000,1.174000
HAT-P-11 b,HAT-P-11,2,Transit,2010,4.88800000000,0.0525800000,4.36000000,25.00000000,37.76470000,297.7101763,48.0818635,K4,4653.00,0.811000,0.683000
HAT-P-11 c,HAT-P-11,2,Radial Velocity,2018,3361.00000000000,4.1000000000,13.20000000,851.78013076,37.76470000,297.7101763,48.0818635,K4,4653.00,0.811000,0.683000
HAT-P-12 b,HAT-P-12,1,Transit,2009,3.21305980000,0.0384000000,10.74900000,67.05900000,142.75100000,209.3886452,43.4933100,K4,4650.00,0.733000,0.701000
HAT-P-13 b,HAT-P-13,2,Transit,2009,2.91625000000,0.0438300000,14.25800000,270.46200000,246.81000000,129.8823772,47.3519076,G4,5653.00,1.320000,1.756000
HAT-P-13 c,HAT-P-13,2,Radial Velocity,2009,446.27000000000,1.2580000000,12.30000000,4538.42100000,246.81000000,129.8823772,47.3519076,G4,5653.00,1.320000,1.756000
HAT-P-14 b,HAT-P-14,1,Transit,2010,4.62767000000,0.0596000000,15.91678000,1093.33520000,222.66300000,260.1161719,38.2421682,F5 V,6600.00,2.650000,1.820000
HAT-P-15 b,HAT-P-15,1,Transit,2010,10.86350000000,0.0965000000,11.88154000,616.59020000,192.51600000,66.2481420,39.4606020,G5,5568.00,1.000000,1.070000
HAT-P-16 b,HAT-P-16,1,Transit,2010,2.77596727000,0.0413000000,14.68376472,1341.56043000,226.63700000,9.5730343,42.4630961,F8,6140.00,1.218000,1.158000
HAT-P-17 b,HAT-P-17,2,Transit,2012,10.33852000000,0.0892000000,11.76945000,184.34140000,92.38310000,324.5359781,30.4881882,K,5246.00,0.990000,0.870000
HAT-P-17 c,HAT-P-17,2,Radial Velocity,2012,5584.00000000000,5.6000000000,13.10000000,1080.60000000,92.38310000,324.5359781,30.4881882,K,5336.96,0.920000,0.838682
HAT-P-18 b,HAT-P-18,1,Transit,2010,5.50802300000,0.0559000000,11.15300000,62.61000000,161.40000000,256.3463760,33.0123251,K2,4803.00,0.770000,0.749000
HAT-P-19 b,HAT-P-19,1,Transit,2010,4.00878322000,0.0459900000,11.29865255,88.03846874,202.07800000,9.5165832,34.7114025,K1,4962.00,0.807000,0.773000
HAT-P-2 b,HAT-P-2,2,Transit,2007,5.63351580000,0.0681400000,10.65975900,2866.81223114,127.77400000,245.1514324,41.0479601,F8,6380.00,1.330000,1.390000
HAT-P-2 c,HAT-P-2,2,Radial Velocity,2023,8500.00000000000,,12.40000000,3400.76395490,127.77400000,245.1514324,41.0479601,F8,6412.00,1.330000,1.416000
HAT-P-20 b,HAT-P-20,1,Transit,2010,2.87531700000,0.0361000000,9.71800000,2302.89900000,71.03740000,111.9164295,24.3361185,K3,4595.00,0.756000,0.694000
HAT-P-21 b,HAT-P-21,1,Transit,2010,4.12448000000,0.0503700000,12.44199000,1547.83210000,277.27800000,171.2749348,41.0280207,G3,5588.00,1.240000,1.210000
HAT-P-22 b,HAT-P-22,1,Transit,2010,3.21222000000,0.0414000000,12.89035000,785.04010000,81.76470000,155.6814593,50.1287115,G5 V,5302.00,1.130000,1.110000
HAT-P-23 b,HAT-P-23,1,Transit,2010,1.21288400000,0.0232000000,15.33400000,664.23700000,364.81300000,306.1239076,16.7621462,G0,5905.00,1.130000,1.203000
HAT-P-24 b,HAT-P-24,1,Transit,2010,3.35524000000,0.0465100000,14.57170000,238.37250000,415.34400000,108.8251171,14.2626064,F8,6373.00,1.370000,1.380000
HAT-P-25 b,HAT-P-25,1,Transit,2012,3.65281514000,0.0466000000,12.72221500,180.84527000,300.38400000,48.4354731,25.1973548,G5,5519.00,1.012000,0.919000
HAT-P-26 b,HAT-P-26,1,Transit,2010,4.23452000000,0.0474800000,7.06167000,22.24810000,141.83700000,213.1565508,4.0594175,K1,5079.00,1.120000,0.870000
HAT-P-27 b,HAT-P-27,1,Transit,2011,3.03957700000,0.0400000000,11.43000000,197.05000000,199.17300000,222.7673221,5.9473626,G8,5316.00,0.916000,0.864673
HAT-P-28 b,HAT-P-28,1,Transit,2011,3.25721500000,0.0434000000,13.58500000,198.95300000,401.31900000,13.0009159,34.7284020,G3,5680.00,1.025000,1.103000
HAT-P-29 b,HAT-P-29,1,Transit,2011,5.72319000000,0.0667000000,13.11453000,279.69040000,313.57600000,33.1310921,51.7787754,F8,6087.00,1.450000,1.300000
HAT-P-3 b,HAT-P-3,1,Transit,2007,2.89970000000,0.0386600000,10.53646000,206.58950000,134.55400000,206.0940142,48.0285650,K1,5185.00,1.060000,0.870000
HAT-P-30 b,HAT-P-30,1,Transit,2011,2.81060000000,0.0419000000,16.14096000,263.79890000,213.98500000,123.9498431,5.8368669,F7,6304.00,1.550000,1.310000
HAT-P-31 b,HAT-P-31,1,Transit,2011,5.00542000000,0.0610000000,12.21781000,721.47410000,344.05000000,271.5376722,26.4266061,,6065.00,1.310000,1.390000
HAT-P-32 b,HAT-P-32,1,Transit,2011,2.15000820000,0.0339700000,22.19382000,216.12440000,289.20500000,31.0427614,46.6878512,,6001.00,1.132000,1.367000
HAT-P-33 b,HAT-P-33,1,Transit,2011,3.47447000000,0.0499500000,20.73665000,292.40360000,396.11000000,113.1842383,33.8350214,F4,6446.00,1.820000,1.790000
HAT-P-34 b,HAT-P-34,1,Transit,2011,5.45265400000,0.0677400000,13.41717300,1058.37390000,249.32500000,303.1954355,18.1047776,,6442.00,1.392000,1.530000
HAT-P-35 b,HAT-P-35,1,Transit,2011,3.64670600000,0.0497800000,14.93038800,335.62848000,506.96500000,123.2507030,4.7870288,,6096.00,1.236000,1.435000
HAT-P-36 b,HAT-P-36,1,Transit,2011,1.32734683000,0.0241000000,14.31389300,587.41340600,294.41900000,188.2662048,44.9153672,G5 V,5620.00,1.030000,1.041000
HAT-P-37 b,HAT-P-37,1,Transit,2011,2.79743600000,0.0379000000,13.20400000,371.52800000,390.59400000,284.2960393,51.2691212,,5500.00,0.929000,0.877000
HAT-P-38 b,HAT-P-38,1,Transit,2012,4.64038200000,0.0523000000,9.24700000,84.85700000,255.20600000,35.3834942,32.2460441,G5,5330.00,0.886000,0.923000
HAT-P-39 b,HAT-P-39,1,Transit,2012,3.54387000000,0.0509000000,17.60900000,190.37200000,697.00400000,113.7582526,17.8300283,,6430.00,1.404000,1.625000
HAT-P-4 b,HAT-P-4,1,Transit,2007,3.05653600000,0.0443800000,14.28000000,213.25500000,320.45100000,229.9912200,36.2295450,F,5860.00,1.248000,1.596000
HAT-P-40 b,HAT-P-40,1,Transit,2012,4.45724000000,0.0608000000,17.03768000,152.55840000,464.46900000,335.5129199,45.4573423,,6080.00,1.030000,1.940000
HAT-P-41 b,HAT-P-41,1,Transit,2012,2.69405000000,0.0425800000,22.97845000,378.21770000,348.18500000,297.3226523,4.6724124,,6390.00,2.560000,2.050000
HAT-P-42 b,HAT-P-42,1,Transit,2012,4.64187800000,0.0575000000,14.34800000,331.80100000,405.23800000,135.3443583,6.0970828,,5743.00,1.178000,1.530000
HAT-P-43 b,HAT-P-43,1,Transit,2012,3.33264140000,0.0444000000,13.63000000,210.39500000,528.82500000,128.9256885,10.2065866,F9,5693.00,1.030000,1.080000
HAT-P-44 b,HAT-P-44,2,Transit,2014,4.30121900000,0.0507000000,13.92200000,111.87100000,347.85000000,213.1438604,47.0147826,,5295.00,0.942000,0.949000
HAT-P-44 c,HAT-P-44,2,Radial Velocity,2014,872.20000000000,1.7520000000,13.00000000,1271.30000000,347.85000000,213.1438604,47.0147826,,5295.00,0.942000,0.949000
HAT-P-45 b,HAT-P-45,1,Transit,2014,3.12899200000,0.0452000000,15.98400000,283.49200000,298.64000000,274.3732697,-3.3810594,,6330.00,1.259000,1.319000
HAT-P-46 b,HAT-P-46,1,Transit,2014,4.46312900000,0.0577000000,14.39200000,156.68400000,290.73600000,270.4441831,-2.9709800,,6120.00,1.284000,1.396000
HAT-P-49 b,HAT-P-49,1,Transit,2014,2.69155000000,0.0437800000,17.82231000,699.22600000,350.35100000,305.4413294,26.6926759,F3,6820.00,2.220000,2.060000
HAT-P-5 b,HAT-P-5,1,Transit,2007,2.78849000000,0.0407300000,13.56289000,311.47340000,303.33600000,274.4055335,36.6214617,G,5960.00,1.040000,1.120000
HAT-P-50 b,HAT-P-50,1,Transit,2015,3.12201090000,0.0453000000,14.43719200,429.07050000,515.45800000,118.0634379,12.1393474,F5,6280.00,1.273000,1.698000
HAT-P-51 b,HAT-P-51,1,Transit,2015,4.21802091000,0.0504200000,13.50682174,97.57332095,440.08900000,21.0651251,32.8107000,G7,5453.00,0.961000,0.995000
HAT-P-52 b,HAT-P-52,1,Transit,2015,2.75359530000,0.0369400000,11.30988100,259.98494000,361.15500000,42.7217412,29.0222492,K1,5131.00,0.887000,0.893000
HAT-P-53 b,HAT-P-53,1,Transit,2015,1.96162410000,0.0315900000,14.77346200,471.65972000,666.80200000,21.8711012,38.9681137,,5956.00,1.093000,1.209000
HAT-P-54 b,HAT-P-54,1,Transit,2015,3.79984700000,0.0411700000,10.58129600,241.55080000,143.65100000,99.8979924,25.4824005,K7,4390.00,0.645000,0.617000
HAT-P-55 b,HAT-P-55,1,Transit,2015,3.58523130000,0.0462800000,14.84069045,189.42573057,511.38800000,264.2735096,25.7311468,,5804.00,1.028000,1.105000
HAT-P-56 b,HAT-P-56,1,Transit,2015,2.79083000000,0.0423000000,16.92559000,734.18730000,320.63900000,100.8480137,27.2521823,F8,6566.00,1.420000,1.470000
HAT-P-57 b,HAT-P-57,1,Transit,2015,2.46530000000,0.0406000000,19.50366000,448.14030000,279.86000000,274.7434180,10.5971968,A8 V,6330.00,2.770000,1.850000
HAT-P-58 b,HAT-P-58,1,Transit,2021,4.01383790000,0.0499400000,14.93036229,118.23216740,515.59000000,68.8465093,56.8682691,,6078.00,1.031000,1.530000
HAT-P-59 b,HAT-P-59,1,Transit,2021,4.14197710000,0.0506400000,12.58768533,489.45574678,265.47100000,292.4588212,62.5291892,,5678.00,1.008000,1.103800
HAT-P-6 b,HAT-P-6,1,Transit,2007,3.85298000000,0.0523900000,16.58932000,419.53560000,275.35800000,354.7740917,42.4659866,,6570.00,1.790000,1.620000
HAT-P-60 b,HAT-P-60,1,Transit,2021,4.79478130000,0.0627700000,18.28184752,182.43350562,233.22000000,28.2825719,52.0539209,,6212.00,1.435000,2.197000
HAT-P-61 b,HAT-P-61,1,Transit,2021,1.90231289000,0.0301000000,10.07687365,335.94462620,338.84000000,75.4801665,50.1311784,,5587.00,1.004000,0.938000
HAT-P-62 b,HAT-P-62,1,Transit,2021,2.64532350000,0.0377200000,12.02723629,241.86741773,348.81500000,74.5043816,48.3008551,,5629.00,1.023000,1.170000
HAT-P-63 b,HAT-P-63,1,Transit,2021,3.37772800000,0.0429400000,12.54284940,195.14664190,403.45800000,269.5720695,5.7613709,,5400.00,0.925000,0.966100
HAT-P-64 b,HAT-P-64,1,Transit,2021,4.00723200000,0.0538700000,19.08889413,184.34047606,651.89700000,68.9743955,2.4312732,,6457.00,1.298000,1.735000
HAT-P-65 b,HAT-P-65,1,Transit,2016,2.60544751000,0.0404200000,18.05766791,176.07693748,738.51900000,315.9054895,11.9893675,G2,5872.00,1.297000,1.666000
HAT-P-66 b,HAT-P-66,1,Transit,2016,2.97208600000,0.0436300000,17.82231000,248.86089000,935.45600000,150.5726262,53.9508237,G0,6002.00,1.255000,1.881000
HAT-P-67 b,HAT-P-67,1,Transit,2017,4.81010690000,0.0650500000,23.98721870,143.02278315,371.68600000,256.6107279,44.7768849,,6640.00,1.730000,2.620000
HAT-P-68 b,HAT-P-68,1,Transit,2020,2.29840551000,0.0299600000,12.01604800,230.10892000,202.15200000,118.4831501,23.9382192,K,4508.00,0.678500,0.670100
HAT-P-69 b,HAT-P-69,1,Transit,2019,4.78694910000,0.0655500000,18.78628400,1137.83140000,341.26300000,130.5056385,3.7105662,,7394.00,1.648000,1.926000
HAT-P-7 b,HAT-P-7,1,Transit,2008,2.20474000000,0.0380900000,16.92559000,584.80720000,341.07900000,292.2471900,47.9695429,F6 V,6389.00,1.560000,2.000000
HAT-P-70 b,HAT-P-70,1,Transit,2019,2.74432452000,0.0473900000,20.96083000,2154.88740000,330.73900000,74.5523332,9.9979794,,8450.00,1.890000,1.858000
HAT-P-8 b,HAT-P-8,1,Transit,2008,3.07634000000,0.0449600000,15.69260000,406.82240000,211.55300000,343.0414932,35.4471778,F6,6200.00,1.270000,1.570000
HAT-P-9 b,HAT-P-9,1,Transit,2008,3.92281072000,0.0528700000,15.61413700,238.05467000,455.20300000,110.1685157,37.1405946,F7,6350.00,1.281000,1.338000
HATS-1 b,HATS-1,1,Transit,2012,3.44645900000,0.0444000000,14.59400000,589.55000000,283.97100000,175.5252399,-23.3548451,,5870.00,0.986000,1.038000
HATS-10 b,HATS-10,1,Transit,2015,3.31284600000,0.0449100000,10.86152100,167.17858000,534.88900000,294.3068385,-22.2044872,,5880.00,1.101000,1.105000
HATS-11 b,HATS-11,1,Transit,2016,3.61918800000,0.0507000000,18.03000000,263.79890000,944.60300000,289.4007603,-22.3900092,G0,6563.00,1.330000,1.540000
HATS-12 b,HATS-12,1,Transit,2016,3.14270200000,0.0441000000,7.76000000,759.61370000,746.13800000,289.2024020,-19.3559227,F,6357.00,1.160000,1.170000
HATS-13 b,HATS-13,1,Transit,2015,3.04404990000,0.0405700000,13.58530800,172.58169000,421.85500000,316.9614798,-26.0967205,,5523.00,0.962000,0.887000
HATS-14 b,HATS-14,1,Transit,2015,2.76676410000,0.0381500000,11.64615100,340.39593000,513.01100000,313.2154754,-25.6873756,,5346.00,0.967000,0.933000
HATS-15 b,HATS-15,1,Transit,2016,1.74748753000,0.0271200000,12.38594500,689.69110000,1139.55000000,311.0920041,-19.4375266,G9 V,5311.00,0.871000,0.922000
HATS-16 b,HATS-16,1,Transit,2016,2.68650200000,0.0374400000,14.57170000,1039.30410000,757.04400000,358.5588439,-30.0130385,G3 V,5738.00,0.970000,1.238000
HATS-17 b,HATS-17,1,Transit,2016,16.25461100000,0.1308000000,8.70939300,425.25654000,400.33100000,192.1895676,-47.6136789,G V,5846.00,1.131000,1.091000
HATS-18 b,HATS-18,1,Transit,2016,0.83784000000,0.0174000000,14.89676100,629.14448500,624.36800000,173.9574203,-29.1560639,G V,5600.00,1.037000,1.020000
HATS-2 b,HATS-2,1,Transit,2013,1.35413379000,0.0231700000,12.57647635,435.42491759,341.92500000,176.7388264,-22.5630097,K,5227.00,0.904000,0.876000
HATS-22 b,HATS-22,1,Transit,2017,4.72281240000,0.0502500000,10.68217700,870.85420000,229.51800000,174.0098693,-29.5433642,K V,4803.00,0.759000,0.689000
HATS-23 b,HATS-23,1,Transit,2017,2.16051560000,0.0339700000,20.84874000,467.21010000,639.00400000,286.3667500,-50.0673496,G V,5780.00,1.121000,1.199000
HATS-24 b,HATS-24,1,Transit,2017,1.34849780000,0.0238000000,15.63655500,718.29580000,494.18200000,268.8907069,-61.7474000,F V,6125.00,1.070000,1.120000
HATS-25 b,HATS-25,1,Transit,2016,4.29864320000,0.0516300000,14.12334000,194.82979000,471.15800000,207.9076746,-23.7812403,G,5715.00,0.994000,1.107000
HATS-26 b,HATS-26,1,Transit,2016,3.30238810000,0.0473500000,19.61575000,206.58950000,861.84300000,144.9268593,-28.5856004,F,6071.00,1.299000,2.040000
HATS-27 b,HATS-27,1,Transit,2016,4.63703800000,0.0611000000,16.81350000,168.44990000,816.98800000,193.5524603,-46.5877159,F,6438.00,1.415000,1.740000
HATS-28 b,HATS-28,1,Transit,2016,3.18107810000,0.0413100000,13.38354600,213.58176000,535.38300000,284.3997616,-49.1385126,G,5498.00,0.929000,0.922000
HATS-29 b,HATS-29,1,Transit,2016,4.60587490000,0.0547500000,14.02245900,207.54299000,353.89100000,285.0965172,-54.8933408,G,5670.00,1.032000,1.073000
HATS-3 b,HATS-3,1,Transit,2013,3.54785100000,0.0485000000,15.48000000,340.38200000,411.21100000,312.4574879,-24.4286938,F,6351.00,1.209000,1.404000
HATS-30 b,HATS-30,1,Transit,2016,3.17435160000,0.0435400000,13.17057500,224.38798000,342.14000000,5.6185250,-59.9425892,G,5943.00,1.093000,1.061000
HATS-31 b,HATS-31,1,Transit,2016,3.37796000000,0.0478000000,18.38276000,279.69040000,773.97400000,191.7028214,-24.4273897,,6050.00,1.275000,1.870000
HATS-32 b,HATS-32,1,Transit,2016,2.81265480000,0.0402400000,14.00004100,292.40360000,745.11600000,346.0750861,-21.2720168,,5700.00,1.099000,1.097000
HATS-33 b,HATS-33,1,Transit,2016,2.54955510000,0.0372700000,13.78707000,378.85336000,248.46000000,294.6336944,-55.3302692,,5659.00,1.062000,1.022000
HATS-34 b,HATS-34,1,Transit,2016,2.10616070000,0.0316600000,16.02887000,299.07803000,508.84200000,0.7744866,-62.4693167,,5380.00,0.955000,0.980000
HATS-35 b,HATS-35,1,Transit,2016,1.82099930000,0.0319900000,16.40997600,388.38826000,514.55500000,296.6884420,-63.5656488,,6300.00,1.317000,1.433000
HATS-36 b,HATS-36,1,Transit,2018,4.17518600000,0.0523000000,12.92000000,1022.14128000,856.43600000,291.4787013,-23.2028183,G0 V,5950.00,1.100000,1.100000
HATS-37 A b,HATS-37 A,1,Transit,2020,4.33153660000,0.0491300000,6.79265400,31.46517000,211.89600000,199.8018300,-22.9868431,,5326.00,0.843000,0.877000
HATS-38 b,HATS-38,1,Transit,2020,4.37502100000,0.0503600000,6.88232600,23.51942000,343.52500000,154.2710615,-25.2762982,,5732.00,0.890000,1.105000
HATS-39 b,HATS-39,1,Transit,2018,4.57763480000,0.0600700000,17.59813000,200.23290000,878.52100000,112.4192251,-29.9379163,,6572.00,1.379000,1.621000
HATS-4 b,HATS-4,1,Transit,2014,2.51672900000,0.0362000000,11.43300000,420.47100000,416.45900000,94.1120914,-22.5468824,G,5403.00,1.001000,0.925000
HATS-40 b,HATS-40,1,Transit,2018,3.26427360000,0.0499700000,17.71022000,505.34970000,1342.29000000,100.5712467,-29.7767800,,6460.00,1.561000,2.260000
HATS-41 b,HATS-41,1,Transit,2018,4.19364900000,0.0583000000,14.90797000,3082.95100000,737.66800000,103.5173558,-27.0504156,,6424.00,1.496000,1.710000
HATS-42 b,HATS-42,1,Transit,2018,2.29210200000,0.0368900000,15.69260000,597.52040000,800.37700000,108.4523991,-33.4373462,,6060.00,1.273000,1.480000
HATS-43 b,HATS-43,1,Transit,2018,4.38884970000,0.0494400000,13.22662000,82.95363000,362.27300000,80.5382418,-30.9708179,,5099.00,0.837000,0.812000
HATS-44 b,HATS-44,1,Transit,2018,2.74390040000,0.0364900000,11.96000300,177.98480000,446.03500000,84.3267559,-27.9725758,,5080.00,0.860000,0.847000
HATS-45 b,HATS-45,1,Transit,2018,4.18762440000,0.0551100000,14.41477400,222.48100000,772.11000000,101.9942455,-21.9107112,,6450.00,1.272000,1.315000
HATS-46 b,HATS-46,1,Transit,2018,4.74237290000,0.0536700000,10.12172700,54.98459000,453.80800000,6.7026401,-56.3161021,,5495.00,0.917000,0.853000
HATS-47 b,HATS-47,1,Transit,2020,3.92280380000,0.0426900000,12.52045300,117.27927000,300.67000000,287.4844021,-49.6649424,,4512.00,0.674000,0.656400
HATS-48 A b,HATS-48 A,1,Transit,2020,3.13166660000,0.0376900000,8.96720000,77.23269000,263.60900000,288.6720048,-59.5793505,,4546.00,0.727900,0.715200
HATS-49 b,HATS-49,1,Transit,2020,4.14804670000,0.0451500000,8.57488500,112.19399000,324.41300000,6.6135927,-56.3442798,,4405.00,0.713300,0.697700
HATS-5 b,HATS-5,1,Transit,2014,4.76338700000,0.0542000000,10.22300000,75.32300000,246.38400000,67.2228465,-21.4820568,G,5304.00,0.936000,0.871000
HATS-50 b,HATS-50,1,Transit,2017,3.82970150000,0.0504600000,12.66617000,123.95370000,756.74200000,300.4280761,-26.0775640,,5990.00,1.168000,1.117000
HATS-51 b,HATS-51,1,Transit,2017,3.34887020000,0.0463900000,15.80469000,244.09344000,389.57000000,102.8474248,-29.0586551,,5758.00,1.187000,1.440000
HATS-52 b,HATS-52,1,Transit,2017,1.36665436000,0.0249800000,15.49083800,711.93920000,555.13400000,140.0875894,-31.2692116,,6010.00,1.111000,1.046000
HATS-53 b,HATS-53,1,Transit,2017,3.85377680000,0.0475300000,15.02006000,189.10885000,585.77000000,176.6283230,-33.8600764,,5644.00,0.964000,1.101000
HATS-54 b,HATS-54,1,Transit,2019,2.54417650000,0.0370000000,11.37711541,239.32479047,748.58500000,200.6348641,-44.6888393,G6 V,5621.00,1.050000,1.230000
HATS-55 b,HATS-55,1,Transit,2019,4.20420010000,0.0541200000,14.02245900,292.72143000,609.83800000,114.2833819,-32.7554188,,6214.00,1.195500,1.126000
HATS-56 b,HATS-56,1,Transit,2019,4.32479900000,0.0604300000,18.92079200,191.33366000,564.40900000,180.1650720,-45.7994559,,6536.00,1.573000,2.201000
HATS-57 b,HATS-57,1,Transit,2019,2.35062100000,0.0349300000,12.76705100,1000.21101000,279.48500000,60.9482779,-19.0568182,,5587.00,1.026000,0.960000
HATS-58 A b,HATS-58 A,1,Transit,2019,4.21808960000,0.0579800000,12.27385500,327.36490000,403.59100000,186.7873036,-48.9784105,,7175.00,1.461000,1.433000
HATS-59 b,HATS-59,2,Transit,2018,5.41608100000,0.0611200000,12.62133400,256.17098000,642.88400000,170.3243250,-22.3881770,,5670.00,1.038000,1.036000
HATS-59 c,HATS-59,2,Radial Velocity,2018,1422.00000000000,2.5040000000,12.30000000,4036.44100000,642.88400000,170.3243250,-22.3881770,,5670.00,1.038000,1.036000
HATS-6 b,HATS-6,1,Transit,2015,3.32527250000,0.0362300000,11.18658200,101.38777000,169.31800000,88.1468079,-19.0316268,M1 V,3724.00,0.574000,0.570000
HATS-60 b,HATS-60,1,Transit,2018,3.56082900000,0.0470800000,12.92397700,210.40346000,486.47400000,341.3640336,-14.9917747,,5688.00,1.097000,1.460000
HATS-61 b,HATS-61,1,Transit,2018,7.81795300000,0.0790800000,13.39475500,1080.62200000,679.76100000,61.6578005,-25.3496674,,5542.00,1.076000,1.664000
HATS-62 b,HATS-62,1,Transit,2018,3.27688370000,0.0416300000,11.82549500,56.89157000,523.06700000,312.4493079,-24.3035060,,5416.00,0.896000,0.933000
HATS-63 b,HATS-63,1,Transit,2018,3.05665270000,0.0402600000,13.52926300,305.11680000,623.23200000,67.4185820,-28.1972149,,5627.00,0.931000,1.070000
HATS-64 b,HATS-64,1,Transit,2018,4.90889700000,0.0656200000,18.81991100,305.11680000,1080.15000000,144.2876092,-29.8004440,,6554.00,1.564000,2.113000
HATS-65 b,HATS-65,1,Transit,2018,3.10516100000,0.0449700000,16.82470900,260.93843000,493.32000000,292.9397825,-26.7402021,,6277.00,1.257000,1.310000
HATS-66 b,HATS-66,1,Transit,2018,3.14143910000,0.0471400000,15.81589900,1694.03390000,1477.98000000,101.3948048,-33.8816918,,6626.00,1.411000,1.841000
HATS-67 b,HATS-67,1,Transit,2018,1.60917880000,0.0303200000,18.88716500,460.85350000,960.10900000,180.2087883,-46.1364201,,6594.00,1.435000,1.441000
HATS-68 b,HATS-68,1,Transit,2018,3.58622020000,0.0507100000,13.80948800,410.00070000,603.95500000,15.0060770,-58.9047242,,6147.00,1.351000,1.748000
HATS-69 b,HATS-69,1,Transit,2018,2.22525770000,0.0321100000,10.59250500,183.38791000,414.53700000,289.2974275,-60.8917599,,5137.00,0.892000,0.878500
HATS-7 b,HATS-7,1,Transit,2015,3.18531500000,0.0401200000,6.31066700,38.13960000,240.70700000,208.8567465,-21.2078587,K2,4985.00,0.849000,0.815000
HATS-70 b,HATS-70,1,Transit,2019,1.88823780000,0.0363200000,15.51325600,4100.00700000,1458.83000000,109.1045212,-31.2443947,,7930.00,1.780000,1.881000
HATS-71 b,HATS-71,1,Transit,2020,3.79552020000,0.0374500000,11.47801600,117.59710000,140.22500000,15.5518893,-61.7561333,M3 V,3405.00,0.486100,0.478300
HATS-72 b,HATS-72,1,Transit,2020,7.32794740000,0.0665170000,8.09738160,39.85588200,127.58900000,339.0258401,-17.0003046,,4656.10,0.731100,0.721400
HATS-74 A b,HATS-74 A,1,Transit,2021,1.73185606000,0.0238400000,11.56766808,464.02947422,299.38900000,171.0147921,-19.5569588,,3776.90,0.601000,0.575800
HATS-75 b,HATS-75,1,Transit,2021,2.78865560000,0.0327420000,9.90873894,156.05374784,194.96400000,60.9493919,-25.4089214,,3790.40,0.601700,0.584800
HATS-76 b,HATS-76,1,Transit,2021,1.94164230000,0.0265800000,12.09449018,835.57088200,385.68900000,70.3397665,-32.3204175,,4016.00,0.662000,0.625900
HATS-77 b,HATS-77,1,Transit,2021,3.08762620000,0.0360700000,13.05846252,436.69623122,436.17600000,149.8236672,-27.3928174,,4071.00,0.655000,0.642800
HATS-8 b,HATS-8,1,Transit,2015,3.58389300000,0.0466700000,9.78545700,43.86054000,794.63700000,294.9416887,-25.7483655,,5679.00,1.056000,1.086000
HATS-9 b,HATS-9,1,Transit,2015,1.91529100000,0.0312000000,13.85000000,266.02371000,638.70000000,290.8101704,-20.1663771,,5599.00,1.100000,1.560000
HD 100508 b,HD 100508,1,Radial Velocity,2026,5681.00000000000,6.1100000000,13.70000000,381.39408840,32.75480000,173.3014057,-67.0546386,K1 IV,5419.00,0.940000,1.017900
HD 100546 b,HD 100546,1,Imaging,2014,,53.0000000000,77.34210000,2701.54145950,109.67700000,173.3555116,-70.1947897,B9 Vne,10500.00,2.400000,1.852880
HD 100655 b,HD 100655,1,Radial Velocity,2011,157.57001000000,0.6800000000,13.50000000,511.70630000,137.17800000,173.7653631,20.4415410,G9 III,4891.00,2.280000,10.060000
HD 100777 b,HD 100777,1,Radial Velocity,2007,383.00000000000,1.0600000000,13.70000000,390.92894061,49.53360000,173.9646303,-4.7555425,G8 V,5533.00,1.080000,1.040000
HD 101581 b,HIP 56998,2,Transit,2025,4.46569000000,0.0460000000,0.95600000,0.82700000,12.77810000,175.2563039,-44.4041485,K4/5V,4675.00,0.653000,0.630000
HD 101581 c,HIP 56998,2,Transit,2025,6.20401000000,0.0573000000,0.99000000,0.93700000,12.77810000,175.2563039,-44.4041485,K4/5V,4675.00,0.653000,0.630000
HD 10180 c,HD 10180,6,Radial Velocity,2010,5.75969000000,0.0641200000,,2741.58783878,38.96070000,24.4731133,-60.5114881,G1 V,5911.00,1.060000,1.109000
HD 10180 d,HD 10180,6,Radial Velocity,2010,16.35700000000,0.1285900000,,3295.88058059,38.96070000,24.4731133,-60.5114881,G1 V,5911.00,1.060000,1.109000
HD 10180 e,HD 10180,6,Radial Velocity,2010,49.74800000000,0.2699000000,5.39000000,25.10000000,38.96070000,24.4731133,-60.5114881,G1 V,5911.00,1.060000,1.109000
HD 10180 f,HD 10180,6,Radial Velocity,2010,122.74400000000,0.4929000000,5.24000000,23.90000000,38.96070000,24.4731133,-60.5114881,G1 V,5911.00,1.060000,1.109000
HD 10180 g,HD 10180,6,Radial Velocity,2010,604.67000000000,1.4270000000,,3375.33768234,38.96070000,24.4731133,-60.5114881,G1 V,5911.00,1.060000,1.109000
HD 10180 h,HD 10180,6,Radial Velocity,2010,2205.00000000000,3.3810000000,9.40000000,64.40000000,38.96070000,24.4731133,-60.5114881,G1 V,5911.00,1.060000,1.109000
HD 101930 b,HD 101930,1,Radial Velocity,2005,70.46000000000,0.3000000000,10.60000000,79.45750000,30.02740000,175.8756080,-58.0053798,K1 V,5108.00,0.570000,0.860000
HD 102117 b,HD 102117,1,Radial Velocity,2005,20.81330000000,0.1500000000,8.47000000,54.03110000,39.57920000,176.2097267,-58.7040134,G6 V,5655.00,1.060000,1.230000
HD 102195 b,HD 102195,1,Radial Velocity,2006,4.11377000000,0.0500000000,14.20000000,130.31030000,29.33860000,176.4254063,2.8209912,K0 V,5301.00,0.760000,0.820000
HD 102272 b,HD 102272,1,Radial Velocity,2008,127.58000000000,0.5100000000,12.90000000,1570.08020000,347.09700000,176.5980316,14.1240201,K0,4790.00,1.450000,10.300000
HD 102329 b,HD 102329,2,Radial Velocity,2011,778.09998000000,1.8100000000,12.60000000,2593.49280000,217.10700000,176.6941567,3.4742143,K0 III,4745.00,3.210000,9.820000
HD 102329 c,HD 102329,2,Radial Velocity,2016,1123.00000000000,,13.50000000,483.10160000,217.10700000,176.6941567,3.4742143,K0 III,4830.00,1.300000,6.300000
HD 102843 b,HD 102843,1,Radial Velocity,2019,3090.94200000000,4.0740000000,13.10000000,113.90000000,62.75800000,177.5854673,-1.2522989,K0 V,5436.00,0.950000,0.961488
HD 102888 b,HD 102888,1,Radial Velocity,2025,252.06000000000,1.0500000000,12.80000000,1808.44363583,126.48400000,177.6545263,-27.2779074,G8 III,4990.00,2.420000,8.600000
HD 102956 b,HD 102956,1,Radial Velocity,2010,6.49470000000,0.0807000000,13.80000000,305.11680000,121.89000000,177.8436988,57.6406584,G5,4985.00,1.660000,4.550000
HD 103197 b,HD 103197,1,Radial Velocity,2011,47.84000000000,0.2500000000,5.83000000,28.60470000,57.14630000,178.2201971,-50.2927911,K1 V(P),5250.00,0.800000,0.880000
HD 103720 b,HD 103720,1,Radial Velocity,2014,4.55570000000,0.0498000000,14.10000000,197.04600000,45.53520000,179.1713308,-2.7791393,K3 V,5017.00,0.794000,0.730000
HD 103774 b,HD 103774,1,Radial Velocity,2013,5.88810000000,0.0700000000,13.30000000,116.00000000,56.40890000,179.2310729,-12.1079951,F5 V,6489.00,1.335000,1.581047
HD 103891 b,HD 103891,1,Radial Velocity,2022,1919.00000000000,3.2700000000,13.20000000,918.52409623,55.52130000,179.4382907,-8.5486195,F9,6072.00,1.280000,2.220000
HD 103949 b,HD 103949,1,Radial Velocity,2019,120.87800000000,0.4390000000,3.35000000,11.20000000,26.49970000,179.5479558,-23.9241221,K3 V,4792.00,0.770000,0.753113
HD 104067 b,HD 104067,2,Radial Velocity,2011,55.85100000000,0.2674000000,9.20000000,62.10000000,20.36320000,179.7923543,-20.3556058,K2V,4952.00,0.820000,0.780000
HD 104067 c,HD 104067,2,Radial Velocity,2024,13.89920000000,0.1058000000,3.69000000,13.20000000,20.36320000,179.7923543,-20.3556058,K2V,4952.00,0.820000,0.780000
HD 10442 b,HD 10442,1,Radial Velocity,2014,1032.30000000000,2.0100000000,13.60000000,472.61321000,135.37400000,25.4715240,2.7044193,K0 IV,4912.00,1.010000,1.970000
HD 104985 b,HD 104985,1,Radial Velocity,2003,199.68000000000,0.7150000000,12.80000000,1766.80811451,100.57600000,181.3157854,76.9053359,G9 III,4738.00,1.220000,11.120000
HD 105618 b,HD 105618,2,Radial Velocity,2022,10.02245000000,0.0910000000,5.44000000,25.42627256,70.08370000,182.4021288,11.2115695,,5671.00,1.010000,1.273990
HD 105618 c,HD 105618,2,Radial Velocity,2022,77114.07158000000,35.7310000000,11.90000000,8419.59232984,70.08370000,182.4021288,11.2115695,,5671.00,1.010000,1.273990
HD 105779 b,HD 105779,1,Radial Velocity,2022,2412.00000000000,3.3800000000,14.10000000,203.41018048,55.24110000,182.6612053,-16.9564908,G2,5792.00,0.890000,0.940000
HD 106252 b,HD 106252,1,Radial Velocity,2002,1535.00000000000,2.6550000000,12.50000000,3178.28407000,38.18500000,183.3730583,10.0404302,G0,5874.00,1.050000,1.050000
HD 106270 b,HD 106270,1,Radial Velocity,2011,1888.00000000000,3.3400000000,12.40000000,3623.24383980,93.80800000,183.4049258,-9.5135645,G5 IV,5509.00,1.390000,2.660000
HD 106315 b,HD 106315,2,Transit,2017,9.55237000000,0.0907000000,2.44000000,12.60000000,109.35300000,183.4724742,-0.3934357,F5 V,6327.00,1.091000,1.296000
HD 106315 c,HD 106315,2,Transit,2017,21.05704000000,0.1536000000,4.35000000,15.20000000,109.35300000,183.4724742,-0.3934357,F5 V,6327.00,1.091000,1.296000
HD 10647 b,HD 10647,1,Radial Velocity,2006,989.20000000000,2.0150000000,13.80000000,298.75000000,17.33570000,25.6233526,-53.7412852,F9 V,6218.00,1.110000,1.100000
HD 106515 A b,HD 106515 A,1,Radial Velocity,2012,3626.00000000000,4.4800000000,12.10000000,6006.95689230,34.09150000,183.7762699,-7.2575413,G5 V,5362.00,0.890000,0.910000
HD 106906 b,HD 106906,1,Imaging,2013,,650.0000000000,12.40000000,3496.00000000,103.02900000,184.4713308,-55.9755805,F5 V,6516.00,1.500000,2.123510
HD 10697 b,HD 10697,1,Radial Velocity,1999,1075.37990000000,2.0510000000,12.80000000,1825.28854140,33.12050000,26.2324076,20.0826974,G3 V,5641.00,0.990000,1.863076
HD 107148 b,HD 107148,2,Radial Velocity,2005,48.05600000000,0.2690000000,9.60000000,66.74100000,49.41560000,184.8059773,-3.3199927,G5 V,5797.00,1.120000,1.169193
HD 107148 c,HD 107148,2,Radial Velocity,2021,18.32670000000,0.1407000000,4.70000000,19.89605828,49.41560000,184.8059773,-3.3199927,G5 V,5752.92,1.105215,1.169193
HD 108147 b,HD 108147,1,Radial Velocity,2002,10.89850000000,0.1020000000,10.90000000,82.95000000,38.92000000,186.4409852,-64.0223492,F8 V CH+0.4,6255.73,1.220000,1.206640
HD 108202 b,HD 108202,1,Radial Velocity,2023,2990.00000000000,3.7000000000,13.10000000,953.48522100,38.68460000,186.4613189,-1.1109233,K4/5 V,4556.03,0.740000,0.663550
HD 108236 b,HD 108236,5,Transit,2020,3.79596300000,0.0452700000,1.61500000,3.24000000,64.59780000,186.5740627,-51.3630519,G3 V,5660.00,0.869000,0.877000
HD 108236 c,HD 108236,5,Transit,2020,6.20344900000,0.0620000000,2.07100000,4.94000000,64.59780000,186.5740627,-51.3630519,G3 V,5660.00,0.869000,0.877000
HD 108236 e,HD 108236,5,Transit,2020,19.59002500000,0.1367000000,3.08300000,9.71000000,64.59780000,186.5740627,-51.3630519,G3 V,5660.00,0.869000,0.877000
HD 108236 f,HD 108236,5,Transit,2021,29.54115000000,0.1758000000,2.01700000,4.72000000,64.59780000,186.5740627,-51.3630519,G3 V,5660.00,0.869000,0.877000
HD 108341 b,HD 108341,1,Radial Velocity,2014,1129.00000000000,2.0000000000,13.30000000,715.11391575,48.91020000,186.8791724,-71.4224896,K2 V,5122.00,0.843000,0.790000
HD 108863 b,HD 108863,1,Radial Velocity,2011,437.70000000000,1.3200000000,13.30000000,767.24162000,164.74200000,187.5826081,21.9480993,K0,4878.00,1.590000,5.740000
HD 108874 b,HD 108874,2,Radial Velocity,2002,394.48123000000,1.0400000000,13.60000000,451.31860000,59.51750000,187.6126029,22.8794399,G5,5600.00,1.100000,1.050000
HD 108874 c,HD 108874,2,Radial Velocity,2005,1624.00000000000,2.6590000000,13.80000000,314.64000000,59.51750000,187.6126029,22.8794399,G5,5551.00,0.950000,1.050000
HD 109246 b,HD 109246,1,Radial Velocity,2010,68.27000000000,0.3300000000,13.90000000,273.33380000,67.83490000,188.0271840,74.4893379,G0 V,5844.00,1.200000,1.070000
HD 109271 b,HD 109271,2,Radial Velocity,2013,7.85430000000,0.0790000000,4.31000000,17.16200000,55.87160000,188.3973970,-11.6215204,G5 V,5783.00,1.047000,1.294595
HD 109271 c,HD 109271,2,Radial Velocity,2013,30.93000000000,0.1960000000,5.27000000,24.15400000,55.87160000,188.3973970,-11.6215204,G5 V,5783.00,1.047000,1.294595
HD 109286 b,HD 109286,1,Radial Velocity,2021,520.10000000000,1.2590000000,13.20000000,950.30693693,55.41560000,188.3958418,7.2809064,G4 V,5694.00,0.980000,1.089000
HD 109749 b,HD 109749,1,Radial Velocity,2005,5.23989100000,0.0615000000,11.10000000,85.81410000,63.08210000,189.3173489,-40.8121458,G3 V,5824.00,1.130000,1.220000
HD 10975 b,HD 10975,1,Radial Velocity,2021,283.80000000000,0.9500000000,14.30000000,143.02278315,116.50600000,27.1628025,37.9527542,K0 III,4840.00,1.410000,11.160000
HD 109833 b,HD 109833,2,Transit,2022,9.18852600000,,2.88800000,8.69000000,79.55610000,189.7758591,-74.5740205,,5881.00,1.080000,1.000000
HD 109833 c,HD 109833,2,Transit,2022,13.90014800000,,2.59000000,7.22000000,79.55610000,189.7758591,-74.5740205,,5881.00,1.080000,1.000000
HD 109988 b,HD 109988,1,Radial Velocity,2022,17132.15854000000,12.5180000000,12.10000000,6935.33366915,42.52790000,189.8154662,-32.7263607,,5185.97,0.880000,0.869694
HD 110014 b,HD 110014,1,Radial Velocity,2009,835.47700000000,2.1400000000,12.40000000,3524.59000000,100.75800000,189.8111935,-7.9956702,K2 III,4445.00,2.170000,20.900000
HD 110067 b,HD 110067,6,Transit,2023,9.11367800000,0.0793000000,2.20000000,5.69000000,32.15850000,189.8392243,20.0273377,K0.0 V,5266.00,0.798000,0.788000
HD 110067 c,HD 110067,6,Transit,2023,13.67369400000,0.1039000000,2.38800000,6.30000000,32.15850000,189.8392243,20.0273377,K0.0 V,5266.00,0.798000,0.788000
HD 110067 d,HD 110067,6,Transit,2023,20.51961700000,0.1362000000,2.85200000,8.52000000,32.15850000,189.8392243,20.0273377,K0.0 V,5266.00,0.798000,0.788000
HD 110067 e,HD 110067,6,Transit,2023,30.79309100000,0.1785000000,1.94000000,3.90000000,32.15850000,189.8392243,20.0273377,K0.0 V,5266.00,0.798000,0.788000
HD 110067 f,HD 110067,6,Transit,2023,41.05854000000,0.2163000000,2.60100000,5.04000000,32.15850000,189.8392243,20.0273377,K0.0 V,5266.00,0.798000,0.788000
HD 110067 g,HD 110067,6,Transit,2023,54.76992000000,0.2621000000,2.60700000,8.40000000,32.15850000,189.8392243,20.0273377,K0.0 V,5266.00,0.798000,0.788000
HD 110082 b,HD 110082,1,Transit,2021,10.18271000000,0.1130000000,3.20000000,10.30000000,105.09600000,192.5892855,-88.1211107,F8 V,6200.00,1.210000,1.190000
HD 110113 b,HD 110113,2,Transit,2021,2.54100000000,0.0350000000,2.05000000,4.55000000,106.30700000,190.0365636,-44.3120777,G,5732.00,0.997000,0.968000
HD 110113 c,HD 110113,2,Radial Velocity,2021,6.74400000000,0.0680000000,2.11384817,10.50000000,106.30700000,190.0365636,-44.3120777,G,5732.00,0.997000,0.968000
HD 110537 b,HD 110537,1,Radial Velocity,2022,24469.67342000000,16.7140000000,11.90000000,8612.83200129,45.08580000,190.7462412,-4.0501059,G6/8 V,5718.00,1.020000,1.166260
HD 11112 b,HD 11112,1,Radial Velocity,2022,17244.90764000000,13.3800000000,12.60000000,2598.56505563,44.38040000,27.0881399,-41.4944106,,5905.64,1.070000,1.473680
HD 111232 b,HD 111232,2,Radial Velocity,2003,1169.13202000000,2.1480000000,12.60000000,2531.50326176,28.95710000,192.2159553,-68.4246679,G8 V,5512.00,0.960000,0.900000
HD 111232 c,HD 111232,2,Radial Velocity,2022,26472.44623000000,17.2500000000,12.20000000,5740.93451564,28.95710000,192.2159553,-68.4246679,G8 V,5512.00,0.960000,0.900000
HD 111591 b,HD 111591,1,Radial Velocity,2017,1056.40000000000,2.5000000000,12.90000000,1398.45200000,114.16600000,192.5725483,22.8631285,K0 III,4884.00,1.940000,8.030000
HD 111998 b,HD 111998,1,Radial Velocity,2016,810.00000000000,1.9100000000,12.90000000,1525.57635360,33.22370000,193.2953521,-3.5531133,F6 V,6557.00,1.400000,1.450000
HD 112300 b,HD 112300,1,Radial Velocity,2023,466.63000000000,1.3300000000,12.20000000,5031.22368281,62.07324000,193.8988441,3.3972376,M1 III,3657.00,1.400000,65.800000
HD 112570 b,HD 112570,1,Radial Velocity,2023,2615.00000000000,3.9000000000,13.10000000,1086.97315194,101.16600000,194.2824262,46.1765638,K0 III,4750.00,1.150000,9.850000
HD 112640 b,HD 112640,1,Radial Velocity,2020,613.20000000000,1.7000000000,12.90000000,1589.15000000,323.33500000,194.2415171,67.2429122,K0 III,4155.00,1.800000,39.000000
HD 113337 b,HD 113337,2,Radial Velocity,2013,317.58639000000,1.0220000000,13.10000000,1035.80277841,36.18000000,195.4438496,63.6103280,F6 V,6774.00,1.410000,1.500000
HD 113337 c,HD 113337,2,Radial Velocity,2020,5429.93477000000,6.8050000000,12.10000000,6299.67685515,36.18000000,195.4438496,63.6103280,F6 V,6774.00,1.410000,1.500000
HD 11343 c,HIP 8541,2,Radial Velocity,2022,228.53731000000,0.9230000000,13.90000000,255.53403923,155.12100000,27.5271962,-54.4651633,K2 III/IV,4672.00,2.009000,6.840000
HD 113538 b,HD 113538,2,Radial Velocity,2010,663.20000000000,1.2400000000,13.20000000,114.41000000,16.28170000,196.2339330,-52.4463502,K9 V,4462.00,0.585000,0.530000
HD 113538 c,HD 113538,2,Radial Velocity,2010,1818.00000000000,2.4400000000,13.80000000,295.57000000,16.28170000,196.2339330,-52.4463502,K9 V,4462.00,0.585000,0.530000
HD 113996 b,HD 113996,1,Radial Velocity,2017,610.20000000000,1.6000000000,12.70000000,2002.32900000,116.33400000,196.7948740,27.6244384,K5 III,4181.00,1.490000,25.110000
HD 114082 b,HD 114082,1,Radial Velocity,2022,109.75000000000,0.5109000000,11.20898070,2542.62725600,95.39060000,197.3171237,-60.3084347,F3 V,6651.00,1.470000,1.490000
HD 114386 b,HD 114386,2,Radial Velocity,2003,937.70001000000,1.7300000000,13.60000000,464.02947422,27.92430000,197.6652124,-35.0561807,K3 VC,4836.00,0.600000,0.760000
HD 114386 c,HD 114386,2,Radial Velocity,2026,444.00000000000,1.0500000000,13.40000000,117.59651059,27.92430000,197.6652124,-35.0561807,K3 VC,4895.00,0.800000,0.760000
HD 114729 b,HD 114729,1,Radial Velocity,2002,1121.79000000000,2.0670000000,13.90000000,262.20975000,37.80630000,198.1833997,-31.8746756,G0 V,5844.00,0.936000,1.473000
HD 114783 b,HD 114783,2,Radial Velocity,2001,493.70000000000,1.1600000000,13.70000000,349.60000000,21.06280000,198.1818436,-2.2649921,K0,5135.00,0.853000,0.840622
HD 114783 c,HD 114783,2,Radial Velocity,2016,4352.00000000000,5.0000000000,13.40000000,603.87397330,21.06280000,198.1818436,-2.2649921,K1 V,5135.00,0.900000,0.840622
HD 11505 b,HD 11505,1,Radial Velocity,2022,32669.22247000000,20.2470000000,12.60000000,2510.52658689,38.96790000,28.2750265,-1.3284416,,5757.15,1.030000,1.195680
HD 11506 b,HD 11506,3,Radial Velocity,2007,1617.70000000000,2.8850000000,12.90000000,1551.00262616,51.26100000,28.2106607,-19.5073960,G0 V,6123.00,1.220000,1.240000
HD 11506 c,HD 11506,3,Radial Velocity,2008,223.92000000000,0.7710000000,14.00000000,127.13136280,51.26100000,28.2106607,-19.5073960,G0 V,6123.00,1.220000,1.240000
HD 11506 d,HD 11506,3,Radial Velocity,2022,26500.00000000000,18.2000000000,12.30000000,4068.20360960,51.26100000,28.2106607,-19.5073960,G0 V,6123.00,1.220000,1.240000
HD 115404 A b,HD 115404 A,2,Radial Velocity,2022,10.49488000000,0.0880000000,6.09000000,30.82935548,10.98160000,199.2155793,17.0160384,K2V,5019.17,0.830000,0.727007
HD 115404 A c,HD 115404 A,2,Radial Velocity,2022,15319.22517000000,11.3640000000,12.50000000,3279.67133183,10.98160000,199.2155793,17.0160384,K2V,5019.17,0.830000,0.727007
HD 115954 b,HD 115954,1,Radial Velocity,2021,3700.00000000000,5.0000000000,12.60000000,2685.65003915,87.64370000,199.9853694,38.3691383,G0 V,5957.00,1.180000,1.213000
HD 116029 b,HD 116029,2,Radial Velocity,2011,670.00000000000,1.6500000000,13.60000000,444.96200000,123.24500000,200.1646905,24.6484725,K0,4819.00,0.830000,4.890000
HD 116029 c,HD 116029,2,Radial Velocity,2016,907.00000000000,,13.70000000,403.64410000,123.24500000,200.1646905,24.6484725,K0,4951.00,1.330000,4.600000
HD 117207 b,HD 117207,1,Radial Velocity,2004,2621.75000000000,3.7870000000,13.40000000,669.34662514,32.35470000,202.3368806,-35.5713041,G7 IV-V,5732.00,1.053000,1.074000
HD 11755 b,HD 11755,1,Radial Velocity,2015,433.70001000000,1.0900000000,12.80000000,1789.38290000,235.04500000,29.7078360,73.1521372,G5,4312.00,0.720000,20.580000
HD 117618 b,HD 117618,1,Radial Velocity,2004,25.80000000000,0.1800000000,8.59000000,55.30242000,37.77810000,203.1066418,-47.2719049,G2 V,5990.00,1.077000,1.200000
HD 118203 b,HD 118203,2,Radial Velocity,2005,6.13497790000,0.0713000000,12.77823800,680.15279098,92.25890000,203.5099560,53.7281876,K0 IV,5742.00,1.270000,2.040000
HD 118203 c,HD 118203,2,Radial Velocity,2024,5103.00000000000,6.2800000000,12.40000000,3747.19691853,92.25890000,203.5099560,53.7281876,K0 IV,5742.00,1.270000,2.040000
HD 11964 b,HD 11964,2,Radial Velocity,2005,1945.00000000000,3.1600000000,14.10000000,198.00000000,33.53690000,29.2884252,-10.2434693,G9 V CN+1,5303.00,0.910000,2.009710
HD 11964 c,HD 11964,2,Radial Velocity,2008,37.91000000000,0.2290000000,5.38000000,25.00000000,33.53690000,29.2884252,-10.2434693,G9 V CN+1,5303.00,0.910000,2.009710
HD 11977 b,HD 11977,1,Radial Velocity,2005,711.00000000000,1.9300000000,12.70000000,2080.00000000,67.93310000,28.7347403,-67.6469871,G8 III/IV,4970.00,1.910000,10.090000
HD 120084 b,HD 120084,1,Radial Velocity,2013,2142.00000000000,4.2100000000,12.70000000,2034.10180480,103.04400000,205.6619890,78.0646376,G7 III,4879.00,2.160000,10.370000
HD 121504 b,HD 121504,1,Radial Velocity,2003,63.33000000000,0.3300000000,13.60000000,479.92330000,41.65920000,209.3199062,-56.0404085,G2 V,6027.00,1.620000,1.070000
HD 12235 b,HD 12235,2,Radial Velocity,2022,4.36305000000,0.0540000000,3.23000000,10.48833743,31.76270000,30.0391601,3.0959098,,5986.00,1.100000,1.801850
HD 12235 c,HD 12235,2,Radial Velocity,2022,36336.70679000000,22.2100000000,12.50000000,3135.69506346,31.76270000,30.0391601,3.0959098,,5986.00,1.100000,1.801850
HD 122562 c,HD 122562,1,Radial Velocity,2022,84.96276000000,0.4060000000,10.10000000,73.10053361,53.25280000,210.5886904,20.8810286,,4956.00,1.241000,2.166270
HD 124330 b,HD 124330,1,Radial Velocity,2021,270.66000000000,0.8600000000,14.00000000,238.37130525,60.19770000,212.8207093,54.4089731,G4 IV,5873.00,1.150000,1.304460
HD 12484 b,HD 12484,1,Radial Velocity,2016,58.83000000000,0.2970000000,13.20000000,947.13340000,48.33670000,30.6115322,2.8158078,F8,5920.00,1.010000,1.001848
HD 125136 b,HD 125136,1,Radial Velocity,2026,849.77000000000,,13.30000000,718.29219982,121.25700000,215.3703435,-72.3175327,,4959.00,1.550000,5.390000
HD 125271 b,HD 125271,1,Radial Velocity,2022,14901.99295000000,10.8170000000,12.40000000,3465.60094993,39.34660000,216.6474037,-81.4542756,,4703.93,0.750000,0.751364
HD 125390 b,HD 125390,1,Radial Velocity,2019,1757.39151000000,3.4960000000,11.90000000,8646.20398403,153.64700000,214.5387463,38.9669132,G7 III,4882.00,1.820000,6.470000
HD 125595 b,HD 125595,1,Radial Velocity,2011,9.67370000000,0.0800000000,,3531.07360177,28.19890000,215.3434326,-40.3942443,K4 V,4691.00,0.290000,0.740000
HD 125612 b,HD 125612,3,Radial Velocity,2007,557.69994000000,1.3490000000,13.20000000,945.22168242,57.62070000,215.2227183,-17.4818147,G3 V,5900.00,1.050000,1.070000
HD 125612 c,HD 125612,3,Radial Velocity,2009,4.15466000000,0.0510000000,4.07000000,15.57359194,57.62070000,215.2227183,-17.4818147,G3 V,5900.00,1.050000,1.070000
HD 125612 d,HD 125612,3,Radial Velocity,2009,2822.72698000000,3.9820000000,12.70000000,2281.37230545,57.62070000,215.2227183,-17.4818147,G3 V,5900.00,1.050000,1.070000
HD 126105 b,HD 126105,1,Radial Velocity,2026,524.00000000000,1.3600000000,13.50000000,530.77343969,82.88110000,216.0016789,-19.8010960,K1 III,4875.00,1.200000,4.210000
HD 12648 b,HD 12648,1,Radial Velocity,2015,133.60001000000,0.5400000000,13.40000000,622.94680000,182.19200000,34.7480718,85.7365329,G5,4835.00,0.670000,11.020000
HD 126525 b,HD 126525,1,Radial Velocity,2018,960.41000000000,1.8370000000,10.30000000,75.32571000,37.65060000,216.8852514,-51.9329118,G4 V,5638.00,0.897000,0.979000
HD 12661 b,HD 12661,2,Radial Velocity,2000,262.70862000000,0.8400000000,13.30000000,772.32690000,37.84780000,31.1423525,25.4135632,K0,5645.00,1.200000,1.200000
HD 12661 c,HD 12661,2,Radial Velocity,2002,1708.00000000000,2.8145000000,13.20000000,899.45439181,37.84780000,31.1423525,25.4135632,K0,5748.00,1.020000,1.110000
HD 126614 b,HD 126614,1,Radial Velocity,2009,1257.25303000000,2.2490000000,12.70000000,107.74382997,73.09610000,216.7005171,-5.1784093,G8 IV,5568.00,0.960000,1.369794
HD 127195 b,HD 127195,2,Radial Velocity,2026,534.50000000000,,14.00000000,212.94503269,84.71670000,217.8714193,-47.7292571,,4981.00,1.340000,4.160000
HD 127195 c,HD 127195,2,Radial Velocity,2026,836.99000000000,,14.10000000,206.58846455,84.71670000,217.8714193,-47.7292571,,4981.00,1.340000,4.160000
HD 127506 b,HD 127506,1,Radial Velocity,2022,65.78395000000,0.2870000000,5.67000000,27.33324300,22.52790000,217.6848544,35.4546059,K3V,4595.32,0.730000,0.735766
HD 128311 b,HD 128311,2,Radial Velocity,2002,453.01900000000,1.0840000000,13.50000000,562.24127000,16.32920000,219.0032292,9.7454368,K0,4965.00,0.828000,0.760000
HD 128311 c,HD 128311,2,Radial Velocity,2005,921.53800000000,1.7400000000,13.00000000,1204.25787000,16.32920000,219.0032292,9.7454368,K0,4965.00,0.828000,0.760000
HD 128356 b,HD 128356,1,Radial Velocity,2016,298.20000000000,0.8700000000,13.90000000,282.86870000,26.15480000,219.2702793,-25.8031728,K3 V,4875.00,0.650000,0.850000
HD 128717 b,HD 128717,1,Astrometry,2025,3420.00000000000,4.8500000000,12.10000000,6293.00245860,73.63600000,219.0881687,57.5609512,,6210.00,1.212000,1.248000
HD 129445 b,HD 129445,1,Radial Velocity,2009,1840.00000000000,2.9000000000,13.30000000,797.74930157,67.43860000,221.5104196,-68.7629901,G6 V,5646.00,0.990000,1.175816
HD 130322 b,HD 130322,1,Radial Velocity,1999,10.70871000000,0.0925000000,13.70000000,365.49000000,31.87660000,221.8857975,-0.2820782,K0 V,5387.00,0.920000,0.850000
HD 131496 b,HD 131496,1,Radial Velocity,2011,896.00000000000,2.0100000000,13.40000000,572.09400000,131.84900000,223.3461495,18.2352618,K0,4846.00,1.340000,4.440000
HD 13167 b,HD 13167,1,Radial Velocity,2018,2613.00000000000,4.1000000000,13.10000000,1052.01730000,148.93400000,32.0576350,-24.6955750,G3 V,5671.00,1.350000,2.390000
HD 13189 b,HD 13189,1,Radial Velocity,2005,471.60001000000,1.2500000000,12.40000000,3480.23850000,497.82300000,32.4173964,32.3164548,K2,4175.00,2.240000,38.410000
HD 132406 b,HD 132406,1,Radial Velocity,2007,908.00000000000,1.9800000000,12.80000000,1887.90073758,70.78320000,224.2276121,53.3809615,G0 V,5766.00,0.973000,1.340000
HD 132563 b,HD 132563,1,Radial Velocity,2011,1544.00000000000,2.6200000000,13.60000000,473.54700000,105.15500000,224.5892892,44.0428571,F8,6289.00,1.231000,1.295770
HD 133131 A b,HD 133131 A,3,Radial Velocity,2016,649.00000000000,1.4400000000,13.60000000,451.31860000,51.47360000,225.8984524,-27.8431369,G2 V,5799.00,0.950000,0.955014
HD 133131 A c,HD 133131 A,3,Radial Velocity,2016,3568.00000000000,4.4900000000,14.30000000,133.48860000,51.47360000,225.8984524,-27.8431369,G2 V,5799.00,0.950000,0.955014
HD 133131 B b,HD 133131 B,3,Radial Velocity,2016,5769.00000000000,6.1500000000,13.30000000,794.57500000,51.29930000,225.8999745,-27.8415947,G2 V,5805.00,0.930000,0.989538
HD 134060 b,HD 134060,2,Radial Velocity,2019,3.26960000000,0.0444000000,3.16000000,10.10000000,24.01250000,227.6847587,-61.4223747,G3 IV,5966.00,1.095000,1.164285
HD 134060 c,HD 134060,2,Radial Velocity,2019,1291.56460000000,2.3928000000,5.91000000,29.29000000,24.01250000,227.6847587,-61.4223747,G3 IV,5966.00,1.095000,1.164285
HD 134606 b,HD 134606,5,Radial Velocity,2024,12.08900000000,0.1046000000,2.97000000,9.09000000,26.79090000,228.8103897,-70.5203328,G5IV,5576.00,1.046000,1.158000
HD 134606 c,HD 134606,5,Radial Velocity,2024,58.88300000000,0.3007000000,3.37000000,11.31000000,26.79090000,228.8103897,-70.5203328,G5IV,5576.00,1.046000,1.158000
HD 134606 d,HD 134606,5,Radial Velocity,2024,966.50000000000,1.9410000000,7.59000000,44.80000000,26.79090000,228.8103897,-70.5203328,G5IV,5576.00,1.046000,1.158000
HD 134606 e,HD 134606,5,Radial Velocity,2024,4.32030000000,0.0527000000,1.33000000,2.34000000,26.79090000,228.8103897,-70.5203328,G5IV,5576.00,1.046000,1.158000
HD 134606 f,HD 134606,5,Radial Velocity,2024,26.91500000000,0.1784000000,2.24000000,5.63000000,26.79090000,228.8103897,-70.5203328,G5IV,5576.00,1.046000,1.158000
HD 134987 b,HD 134987,2,Radial Velocity,1999,258.17999000000,0.8100000000,13.50000000,511.70630000,26.18040000,228.3675397,-25.3096721,G5 V,5736.00,1.100000,1.220000
HD 134987 c,HD 134987,2,Radial Velocity,2009,5000.00000000000,5.8000000000,13.90000000,260.00000000,26.18040000,228.3675397,-25.3096721,G5 V,5585.00,1.100000,1.250000
HD 135344 A b,HD 135344 A,1,Imaging,2025,,16.5000000000,16.25302201,3178.28407000,141.59500000,228.9538416,-37.1489176,A0 V,9540.00,2.320000,1.500000
HD 135625 b,HD 135625,1,Radial Velocity,2023,4055.00000000000,5.4000000000,13.30000000,731.00533610,56.51800000,229.4511514,-45.9225871,G3 IV/V,6040.64,1.280000,1.357430
HD 135694 b,HD 135694,1,Transit,2023,15.92347556800,0.1246950000,2.85700000,6.10000000,73.87130000,227.8678636,71.8412965,,5712.00,1.020000,1.080000
HD 135872 b,HD 135872,1,Radial Velocity,2022,2422.32597000000,4.1720000000,12.80000000,1744.56012602,82.42510000,229.4213643,-5.2024735,,4992.00,1.646000,3.930380
HD 136118 b,HD 136118,1,Radial Velocity,2022,1187.59765000000,2.3270000000,12.30000000,4164.18778851,51.43590000,229.7306046,-1.5922913,F7 V,6097.00,1.180000,1.677540
HD 136352 b,HD 136352,3,Radial Velocity,2019,11.57797000000,0.0964000000,1.66400000,4.72000000,14.68200000,230.4401147,-48.3188174,G4 V,5664.00,0.870000,1.058000
HD 136352 c,HD 136352,3,Radial Velocity,2019,27.59221000000,0.1721000000,2.91600000,11.24000000,14.68200000,230.4401147,-48.3188174,G4 V,5664.00,0.870000,1.058000
HD 136352 d,HD 136352,3,Radial Velocity,2019,107.24500000000,0.4250000000,2.56200000,8.82000000,14.68200000,230.4401147,-48.3188174,G4 V,5664.00,0.870000,1.058000
HD 136418 b,HD 136418,1,Radial Velocity,2009,464.29999000000,1.2900000000,13.30000000,680.15620000,105.16800000,229.7756438,41.7324230,G5,4989.00,1.480000,3.780000
HD 136925 b,HD 136925,1,Radial Velocity,2021,4540.00000000000,5.1300000000,13.90000000,266.97586188,47.87400000,230.7157509,13.3663117,,5773.19,0.875104,1.193078
HD 13724 c,HD 13724,1,Radial Velocity,2022,142.22895000000,0.5340000000,8.18000000,50.85254512,43.46500000,33.0859626,-46.8166738,,5835.31,1.004000,1.041980
HD 137388 b,HD 137388,1,Radial Velocity,2011,330.00000000000,0.8900000000,9.32000000,63.56600000,40.48410000,233.9150820,-80.2044169,K2 IV,5181.00,0.680000,0.880000
HD 137496 b,HD 137496,2,Transit,2021,1.62116000000,0.0273200000,1.31000000,4.04000000,155.31700000,231.7420543,-16.5090014,G,5799.00,1.040000,1.590000
HD 137496 c,HD 137496,2,Radial Velocity,2021,479.90000000000,1.2163000000,12.60000000,2434.56559762,155.31700000,231.7420543,-16.5090014,G,5799.00,1.040000,1.590000
HD 13808 b,HD 13808,2,Radial Velocity,2021,14.18150000000,0.1051900000,3.35000000,11.20000000,28.23050000,33.1780708,-53.7437591,K2 V,5035.00,0.771000,0.781000
HD 13808 c,HD 13808,2,Radial Velocity,2021,53.75300000000,0.2554000000,3.13000000,9.96000000,28.23050000,33.1780708,-53.7437591,K2 V,5035.00,0.771000,0.781000
HD 13908 b,HD 13908,2,Radial Velocity,2013,19.38200000000,0.1540000000,13.90000000,274.91000000,79.55150000,34.5609102,65.5941901,F8 V,6255.00,1.290000,1.670000
HD 13908 c,HD 13908,2,Radial Velocity,2013,931.00000000000,2.0300000000,12.80000000,1630.40000000,79.55150000,34.5609102,65.5941901,F8 V,6255.00,1.290000,1.670000
HD 13931 b,HD 13931,1,Radial Velocity,2009,4218.00000000000,5.1500000000,13.20000000,889.91953960,47.39630000,34.1979991,43.7722065,G0,5867.00,1.300000,1.250000
HD 139357 b,HD 139357,1,Radial Velocity,2008,1124.79139000000,2.9490000000,12.10000000,6315.56827550,112.09000000,233.8173564,53.9221505,K4 III,4700.00,2.690000,11.470000
HD 1397 b,HD 1397,1,Transit,2018,11.53533000000,0.1097000000,11.50043400,131.89945000,79.57020000,4.4471631,-66.3589285,G5 III/IV,5521.00,1.324000,2.336000
HD 14067 b,HD 14067,1,Radial Velocity,2014,2744.00000000000,5.1500000000,12.20000000,4862.77462710,142.02400000,34.2933480,23.7676546,G9 III,4815.00,2.400000,12.400000
HD 140901 b,HD 140901,2,Radial Velocity,2022,9.02378000000,0.0850000000,4.07000000,15.57359194,15.25280000,236.8689866,-37.9172333,G7 IV,5610.00,0.990000,0.950000
HD 140901 c,HD 140901,2,Radial Velocity,2022,14386.00000000000,11.8000000000,13.40000000,572.09113260,15.25280000,236.8689866,-37.9172333,G7 IV,5610.00,1.060000,0.950000
HD 141004 b,HD 141004,1,Radial Velocity,2021,15.50830000000,0.1238000000,3.77000000,13.63483866,11.81480000,236.6099205,7.3527684,G0Vvar,5885.38,1.051904,1.389372
HD 141399 b,HD 141399,4,Radial Velocity,2014,94.44000000000,0.4150000000,14.30000000,143.34133000,37.01690000,236.7235392,46.9862880,K0,5600.00,1.070000,1.387236
HD 141399 c,HD 141399,4,Radial Velocity,2014,201.99000000000,0.6890000000,13.60000000,422.71390000,37.01690000,236.7235392,46.9862880,K0,5600.00,1.070000,1.387236
HD 141399 d,HD 141399,4,Radial Velocity,2014,1069.80000000000,2.0900000000,13.70000000,375.03940000,37.01690000,236.7235392,46.9862880,K0,5600.00,1.070000,1.387236
HD 141399 e,HD 141399,4,Radial Velocity,2014,5000.00000000000,5.0000000000,14.10000000,209.76780000,37.01690000,236.7235392,46.9862880,K0,5600.00,1.070000,1.387236
HD 141937 b,HD 141937,1,Radial Velocity,2002,662.37000000000,1.5400000000,12.40000000,3591.46099910,33.36220000,238.0735585,-18.4359716,G1 V,5870.00,1.090000,1.030000
HD 142 A d,HD 142,3,Radial Velocity,2022,108.45299000000,0.4740000000,10.90000000,82.63538582,26.18530000,1.5836771,-49.0753625,F7V,6245.00,1.210000,1.470000
HD 142 b,HD 142,3,Radial Velocity,2001,351.43394000000,1.0390000000,12.70000000,2256.58168970,26.18530000,1.5836771,-49.0753625,F7V,6245.00,1.210000,1.470000
HD 142 c,HD 142,3,Radial Velocity,2012,10159.64279000000,9.8110000000,12.40000000,3464.64746471,26.18530000,1.5836771,-49.0753625,F7V,6245.00,1.210000,1.470000
HD 142022 A b,HD 142022 A,1,Radial Velocity,2005,1928.00000000000,2.9300000000,12.90000000,1433.40611557,34.28020000,242.5481731,-84.2317494,G9 IV-V,5421.00,0.900000,1.040000
HD 142245 b,HD 142245,1,Radial Velocity,2011,1299.00000000000,2.7800000000,13.10000000,975.73810000,97.23050000,238.2342443,15.4306118,K0,4922.00,3.500000,4.630000
HD 142415 b,HD 142415,1,Radial Velocity,2003,386.29999000000,1.0600000000,13.50000000,530.77610000,35.53180000,239.4189890,-60.2006948,G1 V,5940.00,1.070000,1.040000
HD 143105 b,HD 143105,1,Radial Velocity,2016,2.19740000000,0.0379000000,13.70000000,384.57430000,46.77890000,238.4023547,68.7199779,F5,6380.00,1.510000,1.647304
HD 143361 b,HD 143361,1,Radial Velocity,2008,1039.15000000000,1.9880000000,12.90000000,1382.55357045,68.51460000,240.4588405,-44.4350575,G6 V,5507.00,0.968000,0.916000
HD 143811 AB b,HD 143811 A,1,Imaging,2025,117000.00000000000,63.0000000000,15.69257298,1938.75328270,136.60800000,240.8891972,-30.1371574,,6791.00,1.320000,1.683980
HD 144899 b,HD 144899,1,Radial Velocity,2022,40.43914000000,0.2420000000,4.77000000,20.34101805,115.66500000,242.5721002,-47.9146826,,6126.00,1.160000,1.648020
HD 145377 b,HD 145377,1,Radial Velocity,2008,103.95000000000,0.4500000000,12.80000000,1913.33660000,53.48840000,242.9019658,-27.0781199,G3 V,6014.00,1.200000,1.050000
HD 145457 b,HD 145457,1,Radial Velocity,2010,176.13000000000,0.7620000000,13.20000000,888.01256916,135.29200000,242.5162215,26.7429068,K0,4757.00,1.900000,9.900000
HD 145675 c,14 Her,2,Radial Velocity,2021,15732.45889000000,20.0000000000,12.60000000,2510.84441530,17.93230000,242.6021014,43.8163621,K0,5338.00,0.970000,0.930000
HD 145934 b,HD 145934,1,Radial Velocity,2015,2751.53433000000,4.8900000000,13.40000000,658.54045930,227.88100000,243.2912249,13.2394527,K0,4823.75,2.058000,6.930587
HD 1461 b,HD 1461,2,Radial Velocity,2010,5.77152000000,0.0634000000,2.42000000,6.44000000,23.45340000,4.6762645,-8.0536206,G0 V,5765.00,1.020000,1.152288
HD 1461 c,HD 1461,2,Radial Velocity,2015,13.50520000000,0.1117000000,2.23000000,5.59000000,23.45340000,4.6762645,-8.0536206,G0 V,5765.00,1.020000,1.152288
HD 147018 b,HD 147018,2,Radial Velocity,2009,44.23600000000,0.2388000000,13.40000000,674.00000000,40.42560000,245.7490012,-61.6901291,G9 V,5441.00,0.927000,0.937948
HD 147018 c,HD 147018,2,Radial Velocity,2009,1008.00000000000,1.9220000000,12.70000000,2080.00000000,40.42560000,245.7490012,-61.6901291,G9 V,5441.00,0.927000,0.937948
HD 147379 b,HD 147379,1,Radial Velocity,2017,86.58000000000,0.3193000000,4.94000000,21.60000000,10.76430000,244.1725686,67.2392041,M0.0 V,4090.00,0.580000,0.628304
HD 147513 b,HD 147513,1,Radial Velocity,2003,528.40000000000,1.3200000000,13.70000000,385.00000000,12.90320000,246.0057894,-39.1929661,G3/5V,5883.00,1.110000,0.980000
HD 14787 b,HD 14787,1,Radial Velocity,2018,676.60000000000,1.7000000000,13.70000000,356.28743000,119.13700000,35.8085099,10.8367972,G5,4946.00,1.430000,5.010000
HD 147873 b,HD 147873,2,Radial Velocity,2016,116.59600000000,0.5220000000,12.80000000,1633.64620000,109.05500000,246.4380471,-33.5672217,G1 V,5972.00,1.380000,2.290000
HD 147873 c,HD 147873,2,Radial Velocity,2016,491.54000000000,1.3600000000,13.30000000,731.00900000,109.05500000,246.4380471,-33.5672217,G1 V,5972.00,1.380000,2.290000
HD 148156 b,HD 148156,1,Radial Velocity,2009,1027.00000000000,2.4500000000,13.90000000,270.14400000,57.12890000,247.0723035,-46.3175085,G0/2 V,6308.00,1.220000,1.210000
HD 148164 b,HD 148164,2,Radial Velocity,2018,328.55000000000,0.9930000000,13.70000000,390.93090000,77.19710000,246.4351678,11.9190729,F8,6032.00,1.210000,1.340000
HD 148164 c,HD 148164,2,Radial Velocity,2018,5062.00000000000,6.1500000000,12.80000000,1640.00280000,77.19710000,246.4351678,11.9190729,F8,6032.00,1.210000,1.340000
HD 148427 b,HD 148427,1,Radial Velocity,2009,331.90000000000,1.1100000000,13.70000000,381.39408840,71.34990000,247.1171311,-13.3996231,K0 III- IV,5025.00,1.640000,3.860000
HD 149026 b,HD 149026,1,Radial Velocity,2005,2.87589000000,0.0436400000,8.29466000,120.77540000,75.86430000,247.6229827,38.3475349,G0,6179.00,1.420000,1.410000
HD 149143 b,HD 149143,1,Radial Velocity,2005,4.07182000000,0.0530000000,13.60000000,422.71390000,73.28010000,248.2126715,2.0844547,G0,5856.00,1.200000,1.440000
HD 149806 b,HD 149806,1,Radial Velocity,2022,16521.52778000000,12.4040000000,12.30000000,4003.68444298,20.27270000,249.2855187,0.2546794,K0V,5352.05,0.930000,0.890000
HD 150010 b,HD 150010,1,Radial Velocity,2022,562.00000000000,1.4000000000,13.30000000,762.78817680,144.49000000,247.8670682,72.6125804,K2 III,4153.00,1.300000,16.200000
HD 1502 b,HD 1502,1,Radial Velocity,2011,428.50000000000,1.2620000000,13.20000000,874.03250000,190.95300000,4.8214389,14.0546830,K0,4947.00,1.460000,4.670000
HD 150706 b,HD 150706,1,Radial Velocity,2012,5894.00000000000,6.7000000000,13.30000000,772.32302901,28.26970000,247.8255687,79.7894032,G0 V,5961.00,1.170000,0.960000
HD 151450 b,HD 151450,2,Radial Velocity,2022,21.89288000000,0.1600000000,6.94000000,38.45723725,43.60020000,252.0080127,-15.9643450,,6091.98,1.140000,1.171840
HD 151450 c,HD 151450,2,Radial Velocity,2022,18144.76236000000,14.1310000000,12.80000000,1636.18063924,43.60020000,252.0080127,-15.9643450,,6091.98,1.140000,1.171840
HD 152079 b,HD 152079,1,Radial Velocity,2009,2918.92000000000,4.1870000000,13.20000000,845.74563000,87.88880000,253.3732313,-46.3333582,G6 V,5907.00,1.147000,1.128000
HD 152581 b,HD 152581,1,Radial Velocity,2011,686.50000000000,1.6600000000,13.40000000,594.02427000,165.76000000,253.4316451,11.9736828,K0,5027.00,1.300000,5.140000
HD 152843 b,HD 152843,2,Transit,2021,11.62071000000,0.1049000000,3.05000000,9.82000000,107.89800000,253.7848853,20.4915240,G0,6310.00,1.150000,1.430000
HD 152843 c,HD 152843,2,Transit,2021,19.50210400000,0.1482000000,5.94000000,9.67000000,107.89800000,253.7848853,20.4915240,G0,6310.00,1.150000,1.430000
HD 15337 b,HD 15337,2,Transit,2019,4.75598040000,0.0524500000,1.77000000,6.51900000,44.81550000,36.8678846,-27.6361171,K1 V,5131.00,0.829000,0.855000
HD 15337 c,HD 15337,2,Transit,2019,17.18054600000,0.1235000000,2.52600000,6.79200000,44.81550000,36.8678846,-27.6361171,K1 V,5131.00,0.829000,0.855000
HD 153557 b,HD 153557,3,Radial Velocity,2022,7.29903000000,0.0680000000,4.77000000,20.34101805,17.94120000,254.4706516,47.3678558,K0,4837.00,0.790000,0.745171
HD 153557 c,HD 153557,3,Radial Velocity,2022,15.27018000000,0.1110000000,4.36000000,17.48056238,17.94120000,254.4706516,47.3678558,K0,4837.00,0.790000,0.745171
HD 153557 d,HD 153557,3,Radial Velocity,2022,40654.64809000000,21.4490000000,11.90000000,8725.66108578,17.94120000,254.4706516,47.3678558,K0,4837.00,0.790000,0.745171
HD 153950 b,HD 153950,1,Radial Velocity,2008,499.39999000000,1.2800000000,13.20000000,937.59850000,48.45490000,256.1292826,-43.3103753,F8 V,6124.00,1.250000,1.280000
HD 154088 b,HD 154088,1,Radial Velocity,2021,18.56000000000,0.1340000000,2.46000000,6.60000000,18.26920000,256.1164214,-28.5838342,K0 IV-V,5374.00,0.910000,0.950000
HD 154345 b,HD 154345,1,Radial Velocity,2006,3280.00000000000,4.1580000000,13.70000000,376.94449070,18.28400000,255.6524619,47.0855544,G8,5468.00,0.890000,0.850000
HD 154391 b,HD 154391,1,Radial Velocity,2023,5163.00000000000,7.4600000000,12.50000000,2892.23850370,100.94700000,255.3201345,60.6489226,K1 III,4909.00,2.070000,8.560000
HD 154672 b,HD 154672,1,Radial Velocity,2008,163.94000000000,0.6000000000,12.80000000,1706.74710000,63.04840000,257.5206970,-56.4498041,G3 IV,5743.00,1.180000,1.320000
HD 154857 b,HD 154857,2,Radial Velocity,2004,408.60001000000,1.2900000000,13.30000000,778.68350000,63.44820000,257.8161940,-56.6810380,G5 V,5589.00,1.960000,2.300000
HD 154857 c,HD 154857,2,Radial Velocity,2014,3452.00000000000,5.3600000000,13.20000000,819.97000000,63.44820000,257.8161940,-56.6810380,G5 V,5605.00,1.718000,1.760000
HD 155193 b,HD 155193,1,Radial Velocity,2021,352.65000000000,1.0400000000,14.00000000,238.37130525,57.79950000,257.4208876,10.0381003,F8 IV,6239.00,1.221000,1.764390
HD 155358 b,HD 155358,2,Radial Velocity,2007,194.30000000000,0.6300000000,13.80000000,314.65170000,43.61970000,257.3930947,33.3549277,G0,5905.00,1.150000,1.380000
HD 155358 c,HD 155358,2,Radial Velocity,2007,391.90000000000,1.0200000000,13.90000000,261.00000000,43.61970000,257.3930947,33.3549277,G0,5900.00,0.920000,1.380000
HD 155918 b,HD 155918,2,Radial Velocity,2022,1.87567000000,0.0300000000,2.67000000,7.62788177,27.56100000,260.5364025,-75.3492390,G2V,5771.84,1.030000,1.019060
HD 155918 c,HD 155918,2,Radial Velocity,2022,17202.19446000000,13.1830000000,12.80000000,1878.04805696,27.56100000,260.5364025,-75.3492390,G2V,5771.84,1.030000,1.019060
HD 156098 b,HD 156098,2,Radial Velocity,2022,21.85849000000,0.1670000000,4.12000000,15.89142035,48.24900000,259.2646870,-32.6630768,,6419.19,1.290000,2.757160
HD 156098 c,HD 156098,2,Radial Velocity,2022,7841.58390000000,8.4150000000,12.80000000,1661.60691180,48.24900000,259.2646870,-32.6630768,,6419.19,1.290000,2.757160
HD 156279 b,HD 156279,2,Radial Velocity,2011,133.40355000000,0.5020000000,12.50000000,2997.75753482,36.19450000,258.0966686,63.3527828,G6,5453.00,0.940000,0.950000
HD 156279 c,HD 156279,2,Radial Velocity,2016,4818.25358000000,5.4860000000,12.50000000,3098.82696825,36.19450000,258.0966686,63.3527828,G6,5453.00,0.940000,0.950000
HD 156411 b,HD 156411,1,Radial Velocity,2009,842.20000000000,1.8800000000,14.00000000,235.18000000,56.86550000,259.9639522,-48.5502313,F8 IV/V,5900.00,1.250000,2.160000
HD 156668 b,HD 156668,2,Radial Velocity,2010,4.64550000000,0.0500000000,1.87000000,4.15000000,24.33230000,259.4183491,29.2281610,K2,4850.00,0.772000,0.720000
HD 156668 c,HD 156668,2,Radial Velocity,2021,811.30000000000,1.5700000000,6.17000000,31.49679513,24.33230000,259.4183491,29.2281610,K2,4903.69,0.785167,0.774528
HD 156846 b,HD 156846,1,Radial Velocity,2007,359.51001000000,1.1200000000,12.40000000,3391.24610000,47.73320000,260.1423366,-19.3343650,G0 V,6090.00,1.380000,1.900000
HD 158038 b,HD 158038,1,Radial Velocity,2011,521.00000000000,1.5000000000,13.50000000,486.27990000,94.86250000,261.4395312,27.3030721,K0,4860.00,1.300000,4.500000
HD 158259 b,HD 158259,5,Radial Velocity,2020,2.17800000000,,1.28228000,2.22000000,27.04980000,261.3495847,52.7904721,G0,5801.89,1.080000,1.210000
HD 158259 c,HD 158259,5,Radial Velocity,2020,3.43200000000,,2.23000000,5.60000000,27.04980000,261.3495847,52.7904721,G0,5801.89,1.080000,1.210000
HD 158259 d,HD 158259,5,Radial Velocity,2020,5.19808140000,,2.18000000,5.41000000,27.04980000,261.3495847,52.7904721,G0,5801.89,1.080000,1.210000
HD 158259 e,HD 158259,5,Radial Velocity,2020,7.95100000000,,2.34000000,6.08000000,27.04980000,261.3495847,52.7904721,G0,5801.89,1.080000,1.210000
HD 158259 f,HD 158259,5,Radial Velocity,2020,12.02800000000,,2.35000000,6.14000000,27.04980000,261.3495847,52.7904721,G0,5801.89,1.080000,1.210000
HD 158996 b,HD 158996,1,Radial Velocity,2018,820.20000000000,2.1000000000,12.30000000,4449.62000000,283.65900000,259.9051092,80.1364033,K5 III,4069.00,1.800000,50.300000
HD 15906 b,HD 15906,2,Transit,2023,10.92470900000,0.0900000000,2.24000000,5.65000000,45.56210000,38.2712534,-10.3521780,K V,4757.00,0.790000,0.762000
HD 15906 c,HD 15906,2,Transit,2023,21.58329800000,0.1410000000,2.93000000,8.91000000,45.56210000,38.2712534,-10.3521780,K V,4757.00,0.790000,0.762000
HD 159243 b,HD 159243,2,Radial Velocity,2013,12.62000000000,0.1100000000,13.70000000,359.13000000,73.30550000,263.3395365,5.7008254,G0 V,6123.00,1.125000,1.120000
HD 159243 c,HD 159243,2,Radial Velocity,2013,248.40000000000,0.8000000000,13.40000000,603.90000000,73.30550000,263.3395365,5.7008254,G0 V,6123.00,1.125000,1.120000
HD 159868 b,HD 159868,2,Radial Velocity,2006,1184.10000000000,2.3200000000,13.30000000,704.94694000,55.85030000,264.7466665,-43.1462347,G5 V,5534.00,1.190000,2.130000
HD 159868 c,HD 159868,2,Radial Velocity,2012,351.00000000000,1.0320000000,14.00000000,244.09344000,55.85030000,264.7466665,-43.1462347,G5 V,5534.00,1.190000,2.130000
HD 1605 b,HD 1605,2,Radial Velocity,2015,577.20000000000,1.4920000000,13.80000000,296.85322000,88.80470000,5.1317548,30.9750611,K1 IV,4915.00,1.330000,3.490000
HD 1605 c,HD 1605,2,Radial Velocity,2015,2149.00000000000,3.5840000000,13.00000000,1150.54460000,88.80470000,5.1317548,30.9750611,K1 IV,4915.00,1.330000,3.490000
HD 160691 b,HD 160691,4,Radial Velocity,2000,645.00000000000,1.5000000000,,1366.66215010,15.59810000,266.0361585,-51.8348751,G3 IV-V,5773.00,1.130000,1.330000
HD 160691 c,HD 160691,4,Radial Velocity,2004,3947.00000000000,4.1700000000,,1398.44499080,15.59810000,266.0361585,-51.8348751,G3 IV-V,5773.00,1.130000,1.330000
HD 160691 d,HD 160691,4,Radial Velocity,2004,9.63920000000,0.0952000000,3.23000000,10.49000000,15.59810000,266.0361585,-51.8348751,G3 IV-V,5773.00,1.130000,1.330000
HD 160691 e,HD 160691,4,Radial Velocity,2006,307.90000000000,0.9600000000,,2224.79884900,15.59810000,266.0361585,-51.8348751,G3 IV-V,5773.00,1.130000,1.330000
HD 161178 b,HD 161178,1,Radial Velocity,2021,279.30000000000,0.8500000000,14.10000000,181.16219199,107.18800000,264.2873565,72.4558590,G9 III,4786.00,1.060000,10.950000
HD 16141 b,HD 16141,1,Radial Velocity,2000,75.52300000000,0.3600000000,10.90000000,82.63580000,37.78610000,38.8323674,-3.5624887,G5 IV,5757.00,1.110000,1.480000
HD 16175 b,HD 16175,1,Radial Velocity,2009,990.00000000000,2.1200000000,12.80000000,1875.18760130,59.85900000,39.2577379,42.0624526,G2,5981.00,1.630000,1.720000
HD 162020 b,HD 162020,1,Radial Velocity,2002,8.42820000000,0.0800000000,12.50000000,3127.44720000,30.82480000,267.6599252,-40.3184646,K3 V,4723.00,0.420000,0.750000
HD 163607 b,HD 163607,2,Radial Velocity,2012,75.22030000000,0.3620000000,13.90000000,249.05158800,67.78550000,268.4181383,56.3924701,G5,5522.00,1.120000,1.760000
HD 163607 c,HD 163607,2,Radial Velocity,2012,1272.00000000000,2.3900000000,13.30000000,699.54383000,67.78550000,268.4181383,56.3924701,G5,5522.00,1.120000,1.760000
HD 16417 b,HD 16417,1,Radial Velocity,2008,17.24000000000,0.1400000000,5.00000000,22.10000000,25.39360000,39.2441029,-34.5790905,G1 V,5841.00,1.200000,1.639984
HD 164509 b,HD 164509,1,Radial Velocity,2012,280.17000000000,0.8700000000,14.30000000,140.79869000,53.11190000,270.3800811,0.1044685,G5,5859.00,1.120000,1.110000
HD 164595 b,HD 164595,1,Radial Velocity,2015,40.00000000000,0.2300000000,4.16000000,16.14000000,28.25400000,270.1613723,29.5726698,G2 V,5790.00,0.990000,1.023606
HD 164604 b,HD 164604,2,Radial Velocity,2009,653.90000000000,1.3620000000,12.30000000,4195.33497240,39.36330000,270.7787177,-28.5608343,K3.5 V,4663.00,0.770000,0.780000
HD 164604 c,HD 164604,2,Radial Velocity,2026,5387.00000000000,5.5560000000,12.50000000,3019.36986650,39.36330000,270.7787177,-28.5608343,K3.5 V,4663.00,0.770000,0.780000
HD 164922 b,HD 164922,4,Radial Velocity,2005,1207.00000000000,2.1600000000,13.30000000,116.00000000,22.00160000,270.6304652,26.3104077,G9 V,5390.00,0.926000,0.946000
HD 164922 c,HD 164922,4,Radial Velocity,2016,75.74000000000,0.3410000000,3.66000000,13.00000000,22.00160000,270.6304652,26.3104077,G9 V,5390.00,0.926000,0.946000
HD 164922 d,HD 164922,4,Radial Velocity,2020,12.45800000000,0.1030000000,1.83000000,4.00000000,22.00160000,270.6304652,26.3104077,G9 V,5390.00,0.926000,0.946000
HD 164922 e,HD 164922,4,Radial Velocity,2021,41.76300000000,0.2292000000,3.23000000,10.52012027,22.00160000,270.6304652,26.3104077,G9 V,5393.43,0.921146,1.001813
HD 165131 b,HD 165131,1,Radial Velocity,2023,2342.60000000000,3.5400000000,12.10000000,5943.39121090,57.42630000,271.3444007,-21.6737039,G3/5 V,5870.00,1.060000,1.064190
HD 165155 b,HD 165155,1,Radial Velocity,2016,434.50000000000,1.1300000000,13.20000000,918.52870000,63.35740000,271.4893395,-29.9172536,G8 V,5426.00,1.020000,0.950000
HD 1666 b,HD 1666,1,Radial Velocity,2015,270.00000000000,0.9400000000,12.70000000,2040.00000000,117.90800000,5.2180424,-19.9314823,F7 V,6317.00,1.500000,1.930000
HD 166724 b,HD 166724,1,Radial Velocity,2012,5144.00000000000,5.4200000000,13.00000000,1207.74794660,45.13420000,273.4988604,-42.5757218,K0 IV-V,5127.00,0.810000,0.797485
HD 167042 b,HD 167042,1,Radial Velocity,2007,417.67000000000,1.2200000000,13.60000000,444.00628458,49.66330000,272.6326268,54.2876184,K1 IV,4919.00,1.390000,4.630000
HD 16760 b,HD 16760,1,Radial Velocity,2009,466.08000000000,1.1560000000,12.10000000,6833.31075050,50.17561000,40.5892123,38.6182163,G5 V,5518.00,0.930000,0.835000
HD 167677 b,HD 167677,1,Radial Velocity,2023,1820.00000000000,2.8770000000,13.20000000,905.81095995,54.32580000,274.2067844,-11.4067857,G5 V,5474.00,0.960000,0.952710
HD 167768 b,HD 167768,1,Radial Velocity,2022,20.65320000000,0.1512000000,13.90000000,270.15414595,107.21400000,274.2213308,-3.0085807,G8 III,4851.00,1.080000,9.700000
HD 168009 b,HD 168009,1,Radial Velocity,2021,15.14790000000,0.1192000000,3.05000000,9.53485221,23.30320000,273.8847918,45.2088229,G2V,5778.33,0.986073,1.209505
HD 168443 b,HD 168443,2,Radial Velocity,1998,58.11187000000,0.2920000000,12.60000000,2424.39508860,39.62450000,275.0159879,-9.5966905,G5,5491.00,0.980000,1.711479
HD 168443 c,HD 168443,2,Radial Velocity,2000,1753.10960000000,2.8420000000,12.20000000,5500.33841154,39.62450000,275.0159879,-9.5966905,G5,5491.00,0.980000,1.711479
HD 168746 b,HD 168746,1,Radial Velocity,2002,6.40400000000,0.0700000000,11.10000000,85.81410000,41.56810000,275.4573269,-11.9229757,G5,5570.00,1.070000,1.090000
HD 168863 b,HD 168863,1,Radial Velocity,2022,14773.93272000000,10.9610000000,12.70000000,2154.87659946,39.89790000,275.6642157,-18.0219726,,4905.00,0.800000,0.777826
HD 1690 b,HD 1690,1,Radial Velocity,2010,533.00000000000,1.3600000000,12.50000000,2793.72570000,752.61500000,5.3055886,-8.2811442,K1 III,4374.00,1.860000,21.660000
HD 16905 b,HD 16905,1,Radial Velocity,2022,10256.00000000000,8.8000000000,12.40000000,3591.46099910,39.74010000,40.0136203,-61.3550396,K3 V,4866.12,0.850000,0.774940
HD 169142 b,HD 169142,1,Imaging,2023,,37.2000000000,13.10000000,953.48522100,113.60000000,276.1240717,-29.7805318,,7246.00,1.850000,1.537020
HD 169830 b,HD 169830,2,Radial Velocity,2000,225.67372000000,0.7650000000,13.20000000,804.42369812,37.60480000,276.9561859,-29.8167919,F8 V,6300.00,1.170000,1.935709
HD 169830 c,HD 169830,2,Radial Velocity,2003,1818.82339000000,3.0750000000,12.60000000,2437.42605328,37.60480000,276.9561859,-29.8167919,F7 V,6300.00,1.170000,1.935709
HD 170469 b,HD 170469,1,Radial Velocity,2007,1145.00000000000,2.2400000000,14.10000000,209.76780000,60.17800000,277.2955423,11.6954244,G5 IV,5842.00,1.100000,1.240000
HD 17092 b,HD 17092,1,Radial Velocity,2007,359.89999000000,1.3100000000,12.50000000,3219.61790000,228.42200000,41.5924261,49.6530375,K0 III,4326.00,6.730000,13.580000
HD 171028 b,HD 171028,1,Radial Velocity,2007,550.00000000000,1.3200000000,13.20000000,832.71460000,111.65900000,278.0643694,6.9456827,G0,5671.00,1.530000,2.470000
HD 171238 b,HD 171238,1,Radial Velocity,2009,1515.00000000000,2.5180000000,12.50000000,2796.88998160,44.81130000,278.6818389,-28.0727849,G8 V,5467.00,0.920000,1.010000
HD 17156 b,HD 17156,1,Radial Velocity,2007,21.21642940000,0.1632000000,12.26262489,1036.12060682,78.08630000,42.4366123,71.7530882,G5,6046.00,1.285000,1.517000
HD 173416 b,HD 173416,1,Radial Velocity,2008,322.03000000000,1.1580000000,13.40000000,585.12209729,132.18400000,280.9005676,36.5568570,G8,4683.00,2.000000,13.500000
HD 174205 b,HD 174205,1,Radial Velocity,2022,582.00000000000,1.7000000000,13.00000000,1334.87930940,234.02700000,280.7932014,70.7928237,K2,4308.00,1.800000,26.600000
HD 175167 b,HD 175167,1,Radial Velocity,2009,1175.00000000000,2.4000000000,12.30000000,4703.86042360,71.08630000,285.0033888,-69.9450664,G5 IV/V,5635.00,1.090000,1.750000
HD 175541 b,HD 175541,1,Radial Velocity,2007,298.43000000000,0.9750000000,14.10000000,190.06234000,129.60300000,283.9203211,4.2649344,G8 IV,5013.00,1.390000,4.190000
HD 175607 b,HD 175607,1,Radial Velocity,2015,29.01000000000,,,2456.17792930,40.33030000,285.2742901,-66.1943379,G6 V,5392.00,0.710000,0.700000
HD 17674 b,HD 17674,1,Radial Velocity,2017,623.80000000000,1.4200000000,13.90000000,276.51210000,44.42640000,42.7684964,30.2865981,G0 V,5904.00,0.980000,1.180000
HD 176986 b,HD 176986,3,Radial Velocity,2017,6.49164000000,0.0629560000,,1487.75477317,27.78430000,285.7739138,-11.0449410,K2.5 V,4931.00,0.789000,0.782000
HD 176986 c,HD 176986,3,Radial Velocity,2017,16.81240000000,0.1187300000,,2097.98531461,27.78430000,285.7739138,-11.0449410,K2.5 V,4931.00,0.789000,0.782000
HD 176986 d,HD 176986,3,Radial Velocity,2026,61.37600000000,0.2814900000,2.49000000,6.76000000,27.78430000,285.7739138,-11.0449410,K2.5 V,4931.00,0.789000,0.782000
HD 177565 b,HD 177565,1,Radial Velocity,2017,44.50500000000,0.2460000000,4.00000000,15.10000000,16.91790000,286.7175787,-37.8122394,G8V,5627.00,1.000000,0.971489
HD 177830 b,HD 177830,2,Radial Velocity,1999,410.10001000000,1.1400000000,13.50000000,537.13270000,62.76740000,286.3363574,25.9204327,K0,4901.00,1.700000,3.260000
HD 177830 c,HD 177830,2,Radial Velocity,2010,110.90000000000,0.5137000000,7.87000000,47.67250000,62.76740000,286.3363574,25.9204327,K0,4949.00,1.470000,2.620000
HD 178911 B b,HD 178911 B,1,Radial Velocity,2001,71.48400000000,0.3400000000,12.60000000,2552.17490000,40.97270000,287.2632091,34.6006972,G5,5588.00,1.240000,1.080000
HD 179079 b,HD 179079,1,Radial Velocity,2008,14.47900000000,0.1214000000,,4195.33497240,69.71160000,287.7903733,-2.6387703,G5 IV,5646.00,1.140000,1.630000
HD 179949 b,HD 179949,1,Radial Velocity,2000,3.09251400000,0.0443000000,13.90000000,291.12000000,27.45730000,288.8890182,-24.1797939,F8 V,6168.00,1.210000,1.266865
HD 180053 b,HD 180053,1,Radial Velocity,2018,213.72000000000,0.8430000000,13.30000000,697.31902000,137.04300000,288.4008374,34.9146658,K0,5131.00,1.750000,4.060000
HD 18015 b,HD 18015,1,Radial Velocity,2018,2278.00000000000,3.8700000000,13.10000000,1048.83374310,123.80100000,43.3636339,-8.8480392,G6 IV,5603.00,1.490000,3.130000
HD 180314 b,HD 180314,1,Radial Velocity,2010,394.73000000000,1.4480000000,12.00000000,7216.92963775,122.36200000,288.7094401,31.8604391,K0,4917.00,2.600000,9.200000
HD 180617 b,HD 180617,1,Radial Velocity,2018,105.91100000000,0.3430000000,3.53000000,12.21400000,5.91059000,289.2277322,5.1631615,M2.5 V,3534.00,0.484000,0.481000
HD 180902 b,HD 180902,1,Radial Velocity,2009,510.90000000000,1.4000000000,13.50000000,535.54355000,104.57700000,289.8239604,-23.5582432,K0 III/IV,4961.00,1.410000,4.160000
HD 181234 b,HD 181234,1,Radial Velocity,2019,7593.40512000000,7.4270000000,12.50000000,2980.91262925,47.74580000,289.9998695,-9.3249700,G8 IV,5386.00,0.940000,1.059423
HD 181342 b,HD 181342,1,Radial Velocity,2009,564.10000000000,1.5920000000,13.20000000,807.28820000,120.39100000,290.2674078,-23.6196996,K0 III,4945.00,1.690000,4.710000
HD 18143 b,HD 18143,2,Radial Velocity,2022,10.28510000000,0.0880000000,3.28000000,10.80616584,22.52430000,43.9140248,26.8723829,K2,5078.00,0.850000,0.870000
HD 18143 c,HD 18143,2,Radial Velocity,2022,28982.41764000000,17.5300000000,12.50000000,3177.64841319,22.52430000,43.9140248,26.8723829,K2,5078.00,0.850000,0.870000
HD 181433 b,HD 181433,3,Radial Velocity,2008,9.37450000000,0.0828000000,,1708.64551603,26.87620000,291.2873731,-66.4677838,K3 IV,4918.00,0.860000,0.790000
HD 181433 c,HD 181433,3,Radial Velocity,2008,1018.50000000000,1.8850000000,,2207.00045821,26.87620000,291.2873731,-66.4677838,K3 IV,4918.00,0.860000,0.790000
HD 181433 d,HD 181433,3,Radial Velocity,2008,6896.10000000000,6.7400000000,13.20000000,858.13669890,26.87620000,291.2873731,-66.4677838,K3 IV,4918.00,0.860000,0.790000
HD 181720 b,HD 181720,1,Radial Velocity,2009,956.00000000000,1.8500000000,14.00000000,127.13200000,60.20460000,290.7212224,-32.9208401,G1 V,5736.00,1.030000,1.500000
HD 183263 b,HD 183263,2,Radial Velocity,2004,624.87404000000,1.4600000000,13.10000000,1103.18240070,54.19550000,292.1022982,8.3579183,G2 IV,5948.00,1.060000,1.230000
HD 183263 c,HD 183263,2,Radial Velocity,2008,4667.97841000000,5.5850000000,12.50000000,2958.98246917,54.19550000,292.1022982,8.3579183,G2 IV,5948.00,1.060000,1.230000
HD 183579 b,HD 183579,1,Transit,2021,17.47129100000,0.1322000000,3.49000000,20.40000000,57.26510000,293.2866147,-54.5327284,G2 V,5784.00,0.996000,0.960000
HD 184010 b,HD 184010,3,Radial Velocity,2022,286.60000000000,0.9400000000,12.10000000,98.52680617,60.79930000,292.8401421,26.6172796,K0 III-IV,4971.00,1.350000,4.860000
HD 184010 c,HD 184010,3,Radial Velocity,2022,484.30000000000,1.3340000000,11.80000000,95.34852210,60.79930000,292.8401421,26.6172796,K0 III-IV,4971.00,1.350000,4.860000
HD 184010 d,HD 184010,3,Radial Velocity,2022,836.40000000000,1.9200000000,14.30000000,143.02278315,60.79930000,292.8401421,26.6172796,K0 III-IV,4971.00,1.350000,4.860000
HD 18438 b,HD 18438,1,Radial Velocity,2023,803.00000000000,2.1000000000,12.10000000,6674.39654700,224.14600000,46.5318358,79.4185800,M2.5 III,3860.00,1.840000,88.475000
HD 185269 b,HD 185269,1,Radial Velocity,2006,6.83776000000,0.0770000000,13.80000000,321.00830000,51.99170000,294.2987668,28.4995140,G0 IV,5923.00,1.300000,2.000000
HD 185283 b,HD 185283,1,Radial Velocity,2023,4060.00000000000,4.6000000000,13.60000000,413.17692910,31.39500000,295.3233609,-56.3221096,K3 V,4848.00,0.800000,0.743303
HD 18599 b,HD 18599,1,Transit,2022,4.13743540000,0.0480000000,2.60000000,24.10000000,38.56530000,44.2620144,-56.1918694,K2 V,5145.00,0.863000,0.767000
HD 187085 b,HD 187085,1,Radial Velocity,2006,1019.74000000000,2.1000000000,13.90000000,265.70588000,45.89930000,297.3915731,-37.7809929,G0 V,6117.00,1.189000,1.270000
HD 187123 b,HD 187123,2,Radial Velocity,1998,3.09658280000,0.0426000000,14.20000000,166.21800000,45.95480000,296.7428786,34.4189900,G3 V,5790.00,1.040000,1.150430
HD 187123 c,HD 187123,2,Radial Velocity,2008,3810.00000000000,4.8900000000,13.20000000,912.16752809,45.95480000,296.7428786,34.4189900,G3 V,5790.00,1.040000,1.150430
HD 18742 b,HD 18742,1,Radial Velocity,2011,766.00000000000,1.8200000000,13.10000000,1080.62200000,162.68500000,45.0443115,-20.8027024,G8/K0 IV,4940.00,1.360000,5.130000
HD 188015 b,HD 188015,1,Radial Velocity,2004,461.20000000000,1.2030000000,13.60000000,476.72000000,50.67060000,298.0191857,28.0999769,G5 IV,5746.00,1.090000,1.125296
HD 188641 b,HD 188641,1,Radial Velocity,2022,14583.81038000000,12.0270000000,11.90000000,9333.03117155,64.33990000,299.4048303,-37.7448845,,5897.32,1.070000,1.944920
HD 189567 b,HD 189567,2,Radial Velocity,2021,14.28800000000,0.1110000000,2.85000000,8.50000000,17.90550000,301.3959616,-67.3237992,G3 V,5726.00,0.830000,1.040000
HD 189567 c,HD 189567,2,Radial Velocity,2021,33.68800000000,0.1970000000,2.54000000,7.00000000,17.90550000,301.3959616,-67.3237992,G3 V,5726.00,0.830000,1.040000
HD 189733 b,HD 189733,1,Radial Velocity,2005,2.21857567000,0.0312600000,12.66617000,359.14790000,19.76380000,300.1821223,22.7097759,K2 V,5052.00,0.790000,0.750000
HD 190007 b,HD 190007,1,Radial Velocity,2020,11.72412800000,0.0920000000,4.06000000,15.50000000,12.71410000,300.6956339,3.3266992,K4 V,4610.00,0.770000,0.790000
HD 190228 b,HD 190228,1,Radial Velocity,2022,1143.59858000000,2.4060000000,12.90000000,1598.67688721,62.71460000,300.7537294,28.3065564,G5 IV,5360.00,1.415000,2.586580
HD 190360 b,HD 190360,3,Radial Velocity,2003,2887.50000000000,3.9650000000,13.50000000,537.00000000,16.00690000,300.9092476,29.8945410,G7 IV-V,5560.00,0.996000,1.140000
HD 190360 c,HD 190360,3,Radial Velocity,2005,17.11625000000,0.1298000000,5.53000000,26.20000000,16.00690000,300.9092476,29.8945410,G7 IV-V,5560.00,0.996000,1.140000
HD 190360 d,HD 190360,3,Radial Velocity,2026,88.69000000000,0.3886000000,3.48000000,11.90000000,16.00690000,300.9092476,29.8945410,G7 IV-V,5560.00,0.996000,1.140000
HD 190647 b,HD 190647,1,Radial Velocity,2007,1176.45000000000,2.2310000000,13.40000000,630.89255000,54.47380000,301.8318167,-35.5395236,G5 V,5656.00,1.069000,1.376000
HD 190984 b,HD 190984,1,Radial Velocity,2009,4885.00000000000,5.5000000000,13.00000000,1137.82569706,148.18700000,302.8779827,-64.6202728,F8 V,5988.00,0.910000,1.530000
HD 191806 b,HD 191806,1,Radial Velocity,2016,1603.38923000000,2.7490000000,12.50000000,2966.61035094,65.66680000,302.3687580,52.2767265,K0,6010.00,1.070000,1.402230
HD 191939 b,HD 191939,6,Transit,2020,8.88032560000,0.0804000000,3.41000000,10.00000000,53.60890000,302.0256247,66.8503014,G9 V,5348.00,0.810000,0.940000
HD 191939 c,HD 191939,6,Transit,2020,28.57974300000,0.1752000000,3.19500000,8.00000000,53.60890000,302.0256247,66.8503014,G9 V,5348.00,0.810000,0.940000
HD 191939 d,HD 191939,6,Transit,2020,38.35303700000,0.2132000000,2.99500000,2.80000000,53.60890000,302.0256247,66.8503014,G9 V,5348.00,0.810000,0.940000
HD 191939 e,HD 191939,6,Radial Velocity,2022,101.12000000000,0.4070000000,13.00000000,112.20000000,53.60890000,302.0256247,66.8503014,G9 V,5348.00,0.810000,0.940000
HD 191939 f,HD 191939,6,Radial Velocity,2022,2898.00000000000,3.7100000000,13.20000000,915.34581216,53.60890000,302.0256247,66.8503014,G9 V,5348.00,0.810000,0.940000
HD 191939 g,HD 191939,6,Radial Velocity,2022,284.00000000000,0.8120000000,3.74000000,13.50000000,53.60890000,302.0256247,66.8503014,G9 V,5348.00,0.810000,0.940000
HD 192263 b,HD 192263,1,Radial Velocity,1999,24.35560000000,0.1500000000,14.20000000,177.98480000,19.63590000,303.4990864,-0.8657574,K2 V,4976.00,0.660000,0.740000
HD 192310 b,HD 192310,2,Radial Velocity,2011,74.72000000000,0.3200000000,4.27000000,16.90000000,8.79687000,303.8284712,-27.0337556,K3V,5166.00,0.800000,0.857922
HD 192310 c,HD 192310,2,Radial Velocity,2011,525.80000000000,1.1800000000,5.25000000,24.00000000,8.79687000,303.8284712,-27.0337556,K3V,5166.00,0.800000,0.857922
HD 192699 b,HD 192699,1,Radial Velocity,2007,340.94000000000,1.0630000000,13.40000000,666.17168000,71.86270000,304.0248392,4.5805708,G8 IV,5041.00,1.380000,4.410000
HD 194490 b,HD 194490,1,Radial Velocity,2022,13092.18348000000,11.1160000000,12.40000000,3561.90295725,80.23490000,306.9980087,-51.6644646,,5861.32,1.060000,1.149110
HD 195019 b,HD 195019,1,Radial Velocity,1998,18.20132000000,0.1400000000,13.00000000,1264.96340000,37.66810000,307.0792427,18.7692509,G3 IV-V,5751.00,1.210000,1.480000
HD 196050 b,HD 196050,1,Radial Velocity,2002,1392.00000000000,2.6500000000,12.90000000,1493.79351290,50.67420000,309.4637796,-60.6347649,G3 V,5879.00,1.270000,1.420000
HD 196067 b,HD 196067,2,Radial Velocity,2012,3413.70000000000,4.7100000000,12.40000000,3623.24383980,39.93460000,310.4364195,-75.3514992,G0 V,6072.00,1.160000,1.710000
HD 196067 c,HD 196067,2,Radial Velocity,2025,4.60108800000,,3.21000000,10.40000000,39.93460000,310.4364195,-75.3514992,G0 V,6072.00,1.160000,1.710000
HD 19615 b,HD 19615,1,Radial Velocity,2022,402.00000000000,1.1000000000,12.60000000,2701.54145950,265.15500000,48.7813299,73.8680150,K0,4263.00,1.100000,32.300000
HD 196885 A b,HD 196885 A,1,Radial Velocity,2007,1333.00000000000,2.3700000000,13.20000000,819.97000000,34.16920000,309.9664609,11.2500236,F8 V,6254.00,1.280000,1.310000
HD 197037 b,HD 197037,1,Radial Velocity,2012,1035.70000000000,2.0700000000,13.90000000,251.00000000,33.19440000,309.8869681,42.2475930,F7 V,6150.00,1.110000,1.105000
HD 199509 b,HD 199509,1,Radial Velocity,2022,99.62167000000,0.4260000000,7.43000000,43.22466335,24.30560000,317.3445632,-82.0274926,G3V,5796.02,1.040000,0.920000
HD 19994 b,HD 19994,1,Radial Velocity,2003,466.20000000000,1.3050000000,13.60000000,435.41000000,22.52420000,48.1943193,-1.1963955,F8 V,6188.00,1.365000,1.796470
HD 20003 b,HD 20003,2,Radial Velocity,2019,11.84820000000,0.0974000000,3.43000000,11.66000000,41.83160000,46.9090081,-72.3219221,G8 V,5494.00,0.875000,0.921637
HD 20003 c,HD 20003,2,Radial Velocity,2019,33.92390000000,0.1964000000,3.89000000,14.44000000,41.83160000,46.9090081,-72.3219221,G8 V,5494.00,0.875000,0.921637
HD 200964 b,HD 200964,2,Radial Velocity,2010,606.30000000000,1.5650000000,13.50000000,508.21017000,72.59220000,316.6664183,3.8033357,G8 IV,4982.00,1.390000,4.920000
HD 200964 c,HD 200964,2,Radial Velocity,2010,852.50000000000,1.9600000000,13.70000000,385.84562000,72.59220000,316.6664183,3.8033357,G8 IV,4982.00,1.390000,4.920000
HD 202206 c,HD 202206,1,Radial Velocity,2004,1260.00000000000,2.4100000000,12.20000000,5689.15700000,45.96650000,318.7405221,-20.7897284,G6 V,5766.00,1.070000,1.040000
HD 202696 b,HD 202696,2,Radial Velocity,2019,517.80000000000,1.5660000000,,634.38868000,188.54600000,319.2250346,27.2582799,K0 III-IV,5040.00,1.910000,6.430000
HD 202696 c,HD 202696,2,Radial Velocity,2019,946.60000000000,2.3420000000,,592.43512000,188.54600000,319.2250346,27.2582799,K0 III-IV,5040.00,1.910000,6.430000
HD 202772 A b,HD 202772 A,1,Transit,2019,3.30887750000,0.0520800000,18.23701160,323.54931833,161.49800000,319.6995877,-26.6163743,,6442.00,1.721000,2.554000
HD 203030 b,HD 203030,1,Imaging,2006,,487.1000000000,14.45958510,3496.11247700,39.25030000,319.7432238,26.2305846,G8 V,5603.00,0.940000,0.856458
HD 20329 b,HD 20329,1,Transit,2022,0.92611800000,0.0180000000,1.72000000,7.42000000,63.67960000,49.1781240,15.6563542,,5596.00,0.900000,1.130000
HD 203387 b,HD 203387,2,Radial Velocity,2022,512.53520000000,1.7710000000,13.10000000,1106.04285636,61.74770000,320.5617820,-16.8345229,,5174.32,2.817000,10.585200
HD 203387 c,HD 203387,2,Radial Velocity,2022,2481.07227000000,5.0670000000,12.60000000,2378.94562640,61.74770000,320.5617820,-16.8345229,,5174.32,2.817000,10.585200
HD 2039 b,HD 2039,1,Radial Velocity,2002,1120.00000000000,2.2000000000,12.70000000,1999.15070000,85.69220000,6.0851069,-56.6499880,G2/G3 IV/V,5945.00,1.230000,1.190000
HD 204313 b,HD 204313,3,Radial Velocity,2010,2041.11539000000,3.1850000000,12.90000000,1466.77809830,47.79450000,322.0510568,-21.7274194,G5 V,5767.00,1.030000,1.100000
HD 204313 c,HD 204313,3,Radial Velocity,2015,34.95875000000,0.2110000000,4.31000000,17.16273398,47.79450000,322.0510568,-21.7274194,G5 V,5767.00,1.030000,1.100000
HD 204313 e,HD 204313,3,Radial Velocity,2022,7325.64666000000,7.4570000000,12.20000000,4868.17771002,47.79450000,322.0510568,-21.7274194,G5 V,5767.00,1.030000,1.100000
HD 204941 b,HD 204941,1,Radial Velocity,2011,1733.00000000000,2.5500000000,10.10000000,73.10090000,28.71650000,323.0966714,-20.9579570,K1/2V,5026.00,0.580000,0.780000
HD 205158 b,HD 205158,1,Radial Velocity,2022,25.33798000000,0.1770000000,13.90000000,124.58873554,86.61590000,323.9186227,-59.6933144,,6133.55,1.160000,1.877410
HD 205739 b,HD 205739,1,Radial Velocity,2008,279.80000000000,0.8960000000,13.60000000,435.41000000,92.50870000,324.5351273,-31.7378373,F7 V,6176.00,1.220000,1.330000
HD 206255 b,HD 206255,1,Radial Velocity,2019,96.04500000000,0.4610000000,6.47000000,34.20000000,75.23630000,325.5917768,-50.0935884,G5 IV/V,5635.00,1.420000,2.221489
HD 206610 b,HD 206610,1,Radial Velocity,2009,673.20000000000,1.7400000000,13.40000000,647.10188000,147.19200000,325.8537599,-7.4082451,K0 III,4842.00,1.550000,6.120000
HD 206893 b,HD 206893,2,Imaging,2021,11100.00000000000,10.7500000000,14.01122587,6197.65393650,40.75830000,326.3416874,-12.7833522,F5 V,6500.00,1.310000,1.311160
HD 206893 c,HD 206893,2,Imaging,2022,2290.00000000000,3.7400000000,16.36511182,3527.89531770,40.75830000,326.3416874,-12.7833522,F5 V,6500.00,1.310000,1.311160
HD 207496 b,HD 207496,1,Transit,2023,6.44100800000,0.0629000000,2.25000000,6.10000000,23.60600000,328.7181708,-77.3388025,K2.5 V,4819.00,0.800000,0.769000
HD 20781 b,HD 20781,5,Radial Velocity,2019,5.31350000000,0.0529000000,1.21000000,1.93000000,35.97150000,50.0139757,-28.7841175,K0 V,5256.00,0.700000,0.833609
HD 20781 c,HD 20781,5,Radial Velocity,2019,13.89050000000,0.1004000000,2.17000000,5.33000000,35.97150000,50.0139757,-28.7841175,K0 V,5256.00,0.700000,0.833609
HD 20781 d,HD 20781,5,Radial Velocity,2019,29.15800000000,0.1647000000,3.25000000,10.61000000,35.97150000,50.0139757,-28.7841175,K0 V,5256.00,0.700000,0.833609
HD 20781 e,HD 20781,5,Radial Velocity,2019,85.50730000000,0.3374000000,3.83000000,14.03000000,35.97150000,50.0139757,-28.7841175,K0 V,5256.00,0.700000,0.833609
HD 20782 b,HD 20782,5,Radial Velocity,2006,597.06430000000,1.3649000000,13.60000000,472.83000000,35.98640000,50.0166232,-28.8543535,G1.5 V,5782.13,1.040000,1.126810
HD 207832 b,HD 207832,2,Radial Velocity,2012,160.07000000000,0.5860000000,14.20000000,177.98480000,58.92910000,328.1517893,-26.0271749,G5 V,5726.00,1.050000,0.890000
HD 207832 c,HD 207832,2,Radial Velocity,2012,1155.70000000000,2.1120000000,14.00000000,232.01590000,58.92910000,328.1517893,-26.0271749,G5 V,5710.00,0.940000,0.901000
HD 207897 b,HD 207897,1,Transit,2021,16.20166000000,0.1170000000,2.34302132,14.80000000,28.29380000,325.2016451,84.3337613,K0 V,5106.00,0.820800,0.782700
HD 20794 b,HD 20794,4,Radial Velocity,2011,18.31400000000,0.1257000000,1.45000000,2.70000000,6.00278000,49.9997666,-43.0666533,G6 V,5368.00,0.790000,0.930000
HD 20794 d,HD 20794,4,Radial Velocity,2011,89.68000000000,0.3625000000,2.04000000,4.80000000,6.00278000,49.9997666,-43.0666533,G6 V,5368.00,0.790000,0.930000
HD 20794 e,HD 20794,4,Radial Velocity,2017,147.02000000000,0.5090000000,2.03000000,4.77000000,6.00278000,49.9997666,-43.0666533,G8,5401.00,0.813000,0.930000
HD 20794 f,HD 20794,4,Radial Velocity,2025,647.60000000000,1.3541000000,2.28000000,5.82000000,6.00278000,49.9997666,-43.0666533,G6 V,5368.00,0.790000,0.930000
HD 208487 b,HD 208487,1,Radial Velocity,2004,129.36000000000,0.5300000000,14.30000000,146.20106722,45.14700000,329.3332489,-37.7641354,G2 V,6134.00,1.150000,1.160000
HD 208527 b,HD 208527,1,Radial Velocity,2012,875.50000000000,2.1000000000,12.50000000,3146.40000000,312.20200000,329.0999413,21.2399220,M1 III,4035.00,1.600000,51.100000
HD 20868 b,HD 20868,1,Radial Velocity,2008,380.85001000000,0.9500000000,13.70000000,397.28750000,47.72230000,50.1794053,-33.7296900,K3/4 IV,4802.00,0.390000,0.760000
HD 208897 b,HD 208897,1,Radial Velocity,2017,358.27000000000,1.0630000000,13.70000000,379.48711796,67.48720000,329.7490639,19.0201591,K0,4860.00,1.250000,4.980000
HD 209458 b,HD 209458,1,Radial Velocity,1999,3.52474859000,0.0470700000,15.58051000,232.01590000,48.30160000,330.7950219,18.8842419,G0 V,6091.00,1.230000,1.190000
HD 210193 b,HD 210193,1,Radial Velocity,2019,649.91800000000,1.4870000000,14.30000000,153.10000000,42.20290000,332.3951324,-41.2252050,G3 V,5790.00,1.040000,1.059710
HD 210277 b,HD 210277,1,Radial Velocity,1998,442.19000000000,1.1300000000,13.60000000,410.00070000,21.29850000,332.3748117,-7.5505962,G0 V,5538.00,1.010000,1.070000
HD 210702 b,HD 210702,1,Radial Velocity,2007,355.50000000000,1.0790000000,13.60000000,481.51003660,54.19630000,332.9638643,16.0404806,K1 IV,4912.00,1.330000,4.540000
HD 211403 b,HD 211403,1,Radial Velocity,2021,223.80000000000,0.7680000000,12.80000000,1760.76937478,83.09190000,333.8158177,58.2755601,F7 V,6273.00,1.200000,1.206000
HD 211810 b,HD 211810,1,Radial Velocity,2018,1558.00000000000,2.6560000000,14.00000000,212.94610000,64.63530000,334.5286724,61.1349912,G5,5652.00,1.030000,1.130000
HD 211970 b,HD 211970,1,Radial Velocity,2019,25.20100000000,0.1430000000,3.66000000,13.00000000,13.12770000,335.5661579,-54.5596006,K7 V,4127.00,0.610000,0.574175
HD 212301 b,HD 212301,1,Radial Velocity,2005,2.24571000000,0.0300000000,14.20000000,162.09330000,54.23040000,336.8803957,-77.7183219,F8 V,6239.00,1.550000,1.160000
HD 212771 b,HD 212771,1,Radial Velocity,2009,380.70000000000,1.1900000000,13.30000000,759.61370000,111.15500000,336.7624130,-17.2641046,G8 IV,5003.00,1.560000,5.270000
HD 213240 b,HD 213240,1,Radial Velocity,2001,882.70001000000,1.8900000000,12.80000000,1655.88600047,40.87070000,337.7506266,-49.4341037,G0/1 V,5979.00,1.570000,1.510000
HD 213472 b,HD 213472,1,Radial Velocity,2021,17000.00000000000,13.0000000000,13.10000000,1112.39942450,64.45270000,337.7069969,40.7222277,,5729.54,1.048132,1.433902
HD 213519 b,HD 213519,1,Radial Velocity,2022,11.12214000000,0.0990000000,2.99000000,9.21702380,41.00140000,337.7727845,45.1452472,,5840.00,1.050000,1.082870
HD 213885 b,HD 213885,2,Transit,2019,1.00803500000,0.0201200000,1.74500000,8.83000000,48.08830000,338.9837166,-59.8648290,G,5978.00,1.068000,1.101100
HD 213885 c,HD 213885,2,Radial Velocity,2019,4.78503000000,0.0567980000,4.71000000,19.95000000,48.08830000,338.9837166,-59.8648290,G,5978.00,1.068000,1.101100
HD 21411 b,HD 21411,1,Radial Velocity,2019,84.28800000000,0.3620000000,9.52000000,65.90000000,29.13280000,51.5474155,-30.6168403,G8 V,5605.00,0.890000,0.825605
HD 214823 b,HD 214823,1,Radial Velocity,2016,1854.84424000000,3.0800000000,12.10000000,5914.78665427,101.36800000,340.0832062,31.7875183,G0,6215.00,1.115000,2.040000
HD 215152 b,HD 215152,4,Radial Velocity,2018,5.75999000000,0.0576380000,,565.41673605,21.59740000,340.8380941,-6.4020685,K3 V,4935.00,0.770000,0.730000
HD 215152 c,HD 215152,4,Radial Velocity,2018,7.28243000000,0.0673930000,,468.79690033,21.59740000,340.8380941,-6.4020685,K3 V,4935.00,0.770000,0.730000
HD 215152 d,HD 215152,4,Radial Velocity,2018,10.86499000000,0.0879900000,,770.41605857,21.59740000,340.8380941,-6.4020685,K3 V,4935.00,0.770000,0.730000
HD 215152 e,HD 215152,4,Radial Velocity,2018,25.19670000000,0.1541700000,,975.41538108,21.59740000,340.8380941,-6.4020685,K3 V,4935.00,0.770000,0.730000
HD 21520 b,HD 21520,1,Transit,2024,25.12920000000,0.1726000000,2.69700000,17.70000000,79.20800000,51.6403449,-43.6136649,,5871.00,1.090000,1.044000
HD 215497 b,HD 215497,2,Radial Velocity,2009,3.93404000000,0.0500000000,,1588.82420659,40.54680000,341.6527140,-56.5997984,K3 V,5110.00,0.670000,0.850000
HD 215497 c,HD 215497,2,Radial Velocity,2009,566.00000000000,1.3100000000,13.00000000,111.23994245,40.54680000,341.6527140,-56.5997984,K3 V,5113.00,0.920000,0.850000
HD 216435 b,HD 216435,1,Radial Velocity,2002,1311.00000000000,2.5600000000,13.70000000,400.40000000,32.98340000,343.4094703,-48.5986332,G0 V,5999.00,1.300000,1.800029
HD 216437 b,HD 216437,1,Radial Velocity,2002,1359.00000000000,2.5700000000,13.00000000,1334.87930940,26.69020000,343.6639631,-70.0733957,G1 V,5909.00,1.220000,1.394000
HD 216520 b,HD 216520,2,Radial Velocity,2020,35.45000000000,0.1980000000,3.18000000,10.26000000,19.55200000,341.8768719,83.6975307,K2,5103.00,0.820000,0.760000
HD 216520 c,HD 216520,2,Radial Velocity,2020,154.43000000000,0.5280000000,3.03000000,9.44000000,19.55200000,341.8768719,83.6975307,K2,5103.00,0.820000,0.760000
HD 216536 b,HD 216536,1,Radial Velocity,2015,148.60001000000,0.6100000000,13.80000000,333.72150000,376.23300000,343.2665641,44.4777303,K0,4639.00,0.810000,9.830000
HD 216770 b,HD 216770,1,Radial Velocity,2003,118.45000000000,0.4600000000,14.10000000,181.16310000,36.66250000,343.9748751,-26.6595286,G9 V CN+1,5399.00,0.740000,0.930000
HD 21693 b,HD 21693,2,Radial Velocity,2019,22.67860000000,0.1455000000,2.80000000,8.23000000,33.25500000,51.8040469,-58.3232726,G8 V,5430.00,0.800000,0.914378
HD 21693 c,HD 21693,2,Radial Velocity,2019,53.73570000000,0.2586000000,4.34000000,17.37000000,33.25500000,51.8040469,-58.3232726,G8 V,5430.00,0.800000,0.914378
HD 217107 b,HD 217107,2,Radial Velocity,1998,7.12701660000,0.0735900000,13.60000000,459.57987652,20.06190000,344.5647243,-2.3954489,G,5622.00,1.045000,1.224500
HD 217107 c,HD 217107,2,Radial Velocity,2005,5138.70000000000,5.9220000000,12.90000000,1388.91013859,20.06190000,344.5647243,-2.3954489,G,5622.00,1.045000,1.224500
HD 21749 c,GJ 143,2,Transit,2019,7.78993000000,0.0695000000,0.89200000,3.70000000,16.32000000,51.7501882,-63.5001660,K4.5,4640.00,0.730000,0.695000
HD 217786 b,HD 217786,2,Radial Velocity,2011,1301.36009000000,2.4460000000,12.30000000,4402.55909376,55.48470000,345.7838088,-0.4303594,F8 V,5966.00,1.140000,1.270000
HD 217786 c,HD 217786,2,Radial Velocity,2022,2.52221000000,0.0380000000,2.61000000,7.31005336,55.48470000,345.7838088,-0.4303594,F8 V,5966.00,1.140000,1.270000
HD 217958 b,HD 217958,1,Radial Velocity,2022,2560.19774000000,3.7580000000,14.20000000,166.54208527,61.79570000,346.1365770,-25.6917758,,5930.64,1.080000,1.326190
HD 218566 b,HD 218566,1,Radial Velocity,2010,225.70000000000,0.6900000000,9.32000000,63.56600000,28.82740000,347.2974170,-2.2611645,K3V,4730.00,0.760000,0.850000
HD 219077 b,HD 219077,1,Radial Velocity,2012,5478.68861000000,5.9350000000,12.50000000,3057.50927534,29.18640000,348.5319387,-62.7018297,G8 V+,5362.00,0.920000,1.910000
HD 219134 b,HD 219134,6,Radial Velocity,2015,3.09292600000,0.0387600000,1.60200000,4.74000000,6.53127000,348.3372026,57.1696255,K3 V,4699.00,0.810000,0.778000
HD 219134 c,HD 219134,6,Radial Velocity,2015,6.76458000000,0.0653000000,1.51100000,4.36000000,6.53127000,348.3372026,57.1696255,K3 V,4699.00,0.810000,0.778000
HD 219134 d,HD 219134,6,Radial Velocity,2015,46.85900000000,0.2370000000,1.61000000,16.17000000,6.53127000,348.3372026,57.1696255,K3 V,4699.00,0.810000,0.778000
HD 219134 f,HD 219134,6,Radial Velocity,2015,22.71700000000,0.1463000000,1.31000000,7.30000000,6.53127000,348.3372026,57.1696255,K3 V,4699.00,0.810000,0.778000
HD 219134 g,HD 219134,6,Radial Velocity,2015,94.20000000000,0.3753000000,3.28000000,10.80622000,6.53127000,348.3372026,57.1696255,K3 V,4913.00,0.794000,0.770000
HD 219134 h,HD 219134,6,Radial Velocity,2015,2247.00000000000,3.1100000000,12.70000000,108.06220000,6.53127000,348.3372026,57.1696255,K3 V,4913.00,0.794000,0.770000
HD 219139 b,HD 219139,1,Radial Velocity,2021,275.50000000000,0.9400000000,14.00000000,247.90615746,104.93500000,348.3604055,11.0649832,G5 III,4831.00,1.460000,11.220000
HD 219415 b,HD 219415,1,Radial Velocity,2012,2093.30000000000,3.2000000000,13.80000000,317.83000000,165.18400000,348.7243579,56.7303001,K0 III,4820.00,1.000000,2.900000
HD 219666 b,HD 219666,1,Transit,2018,6.03446800000,0.0635600000,4.89800000,17.60000000,94.17190000,349.5592665,-56.9039857,G5 V,5540.00,1.020000,1.059000
HD 219828 b,HD 219828,2,Radial Velocity,2007,3.83483000000,0.0490000000,4.59000000,19.06970442,73.11400000,349.6947029,18.6457524,G0 IV,5891.00,1.040000,1.560000
HD 219828 c,HD 219828,2,Radial Velocity,2016,4789.87297000000,5.6570000000,12.20000000,5102.41724598,73.11400000,349.6947029,18.6457524,G0 IV,5891.00,1.040000,1.560000
HD 220074 b,HD 220074,1,Radial Velocity,2012,672.09998000000,1.6000000000,12.20000000,5288.69120000,324.54000000,350.0599827,61.9701062,M2 III,3787.00,2.200000,54.920000
HD 220197 b,HD 220197,1,Radial Velocity,2018,1728.00000000000,2.7290000000,9.32000000,63.56600000,64.41100000,350.4946927,16.6323305,G5,5683.00,0.910000,0.980000
HD 220689 b,HD 220689,1,Radial Velocity,2012,2266.40000000000,3.3960000000,13.70000000,381.39408840,46.87780000,351.4707282,-20.6167923,G3 V,5921.00,1.016000,1.068000
HD 220773 b,HD 220773,1,Radial Velocity,2011,3724.70000000000,4.9400000000,13.60000000,460.80000000,50.51030000,351.6144715,8.6428871,F9,5940.00,1.160000,1.679696
HD 220842 b,HD 220842,1,Radial Velocity,2016,218.47000000000,0.7400000000,13.10000000,1010.69940000,64.64980000,351.6534162,56.8871415,F8,5960.00,1.130000,1.416470
HD 221287 b,HD 221287,1,Radial Velocity,2007,456.10000000000,1.2500000000,13.10000000,982.05000000,55.92310000,352.8362230,-58.2097540,F7 V,6304.00,1.250000,1.138640
HD 221416 b,HD 221416,1,Transit,2019,14.27670000000,0.1228000000,9.17000000,60.50000000,95.54830000,353.0331863,-21.8012007,K0 IV/V,5080.00,1.212000,2.943000
HD 221420 b,HD 221420,1,Radial Velocity,2019,10090.00000000000,10.1500000000,12.00000000,7278.27052030,31.14150000,353.3319001,-77.3853286,G2 IV-V,5847.00,1.351000,1.947000
HD 221585 b,HD 221585,1,Radial Velocity,2016,1173.00000000000,2.3060000000,13.50000000,511.70630000,55.85350000,353.2293802,63.1556146,G8 IV,5620.00,1.190000,1.850575
HD 222076 b,HD 222076,1,Radial Velocity,2016,871.00000000000,1.8300000000,13.50000000,495.81480000,91.15380000,354.5319820,-70.9032461,K0 III,4806.00,1.070000,4.100000
HD 222155 b,HD 222155,1,Radial Velocity,2011,3999.00000000000,5.1400000000,13.40000000,581.62598481,50.60780000,354.5025617,48.9960191,G2 V,5701.00,1.210000,1.850000
HD 222237 b,HD 222237,1,Radial Velocity,2024,14892.00000000000,10.8000000000,12.80000000,1649.52943233,11.44690000,354.9078642,-72.7253271,K3 V,4751.00,0.760000,0.710000
HD 222582 b,HD 222582,1,Radial Velocity,1999,572.38000000000,1.3400000000,12.60000000,2660.23710000,42.15860000,355.4640788,-5.9862379,G5 V,5790.00,1.120000,1.130000
HD 224018 b,HD 224018,3,Radial Velocity,2025,10.64130000000,0.0952000000,0.91000000,4.10000000,105.48000000,358.6390056,-4.7233362,G V,5784.00,1.013000,1.147000
HD 224018 c,HD 224018,3,Transit,2025,36.57669000000,0.2170000000,2.42000000,10.40000000,105.48000000,358.6390056,-4.7233362,G V,5784.00,1.013000,1.147000
HD 224018 d,HD 224018,3,Transit,2025,138.07310000000,0.5300000000,2.40000000,4.20000000,105.48000000,358.6390056,-4.7233362,G V,5784.00,1.013000,1.147000
HD 224538 b,HD 224538,1,Radial Velocity,2016,1202.05199000000,2.3750000000,12.70000000,2075.73732612,79.06080000,359.7164302,-61.5868613,F8/G0 IV/V,6097.00,1.230000,1.540000
HD 224693 b,HD 224693,1,Radial Velocity,2006,26.69040000000,0.1910000000,14.00000000,222.48100000,93.50150000,359.9749837,-22.4279999,G2 V,5894.00,1.310000,1.930000
HD 22496 b,HD 22496,1,Radial Velocity,2021,5.09071000000,0.0510000000,2.22000000,5.57000000,13.59560000,53.7565398,-48.4178173,K5/M0V,4385.00,0.684000,0.674000
HD 22532 b,HD 22532,1,Radial Velocity,2022,872.60000000000,1.9000000000,13.40000000,673.79622284,161.18300000,53.8148478,-49.4172669,G8 III/IV,5038.00,1.570000,5.690000
HD 22781 b,HD 22781,1,Radial Velocity,2011,528.07000000000,1.1670000000,12.30000000,4338.20000000,32.60340000,55.2065581,31.8258855,K1,5027.00,0.750000,0.743475
HD 22946 d,HD 22946,3,Transit,2023,47.42489000000,0.2958000000,2.60700000,26.57000000,62.77920000,54.8195380,-42.7630276,F7/F8V,6169.00,1.098000,1.117000
HD 23079 b,HD 23079,2,Radial Velocity,2001,735.74000000000,1.6000000000,13.20000000,845.42356262,33.45910000,54.9281897,-52.9162344,F9.5 V,5994.00,1.160000,1.080000
HD 23079 c,HD 23079,2,Radial Velocity,2025,5.74891300000,,2.80000000,8.26000000,33.45910000,54.9281897,-52.9162344,F9.5 V,5994.00,1.160000,1.080000
HD 23127 b,HD 23127,1,Radial Velocity,2006,1211.17000000000,2.3700000000,13.50000000,485.32641000,93.85550000,54.8491271,-60.0772290,G2 V,5843.00,1.208000,1.490000
HD 231701 b,HD 231701,1,Radial Velocity,2007,141.63000000000,0.5670000000,13.70000000,359.14790000,108.87700000,293.0176220,16.4743566,F8 V,6101.00,1.210000,1.530000
HD 233604 b,HD 233604,1,Radial Velocity,2013,192.00000000000,0.7470000000,12.70000000,2089.64400000,847.05800000,137.4535054,53.5682016,K5,4791.00,1.500000,10.900000
HD 233832 b,HD 233832,1,Radial Velocity,2018,2058.00000000000,2.8270000000,13.50000000,565.73740000,58.74200000,171.5196515,50.3763099,G0,4981.00,0.710000,0.680000
HD 23472 b,HD 23472,5,Transit,2019,17.66708700000,0.1162000000,2.00000000,8.32000000,39.03410000,55.4590314,-62.7672667,K4 V,4684.00,0.670000,0.710000
HD 23472 c,HD 23472,5,Transit,2019,29.79749000000,0.1646000000,1.87000000,3.41000000,39.03410000,55.4590314,-62.7672667,K4 V,4684.00,0.670000,0.710000
HD 23472 d,HD 23472,5,Transit,2022,3.97664000000,0.0429800000,0.75000000,0.55000000,39.03410000,55.4590314,-62.7672667,K4 V,4684.00,0.670000,0.710000
HD 23472 e,HD 23472,5,Transit,2022,7.90754000000,0.0680000000,0.81800000,0.72000000,39.03410000,55.4590314,-62.7672667,K4 V,4684.00,0.670000,0.710000
HD 23472 f,HD 23472,5,Transit,2022,12.16218390000,0.0906000000,1.13700000,0.77000000,39.03410000,55.4590314,-62.7672667,K4 V,4684.00,0.670000,0.710000
HD 235088 b,HD 235088,1,Transit,2023,7.43413250000,0.0706000000,1.98200000,4.15000000,41.17060000,300.6154535,53.3774418,K V,5075.00,0.849000,0.772000
HD 23596 b,HD 23596,1,Radial Velocity,2003,1535.11912000000,2.6940000000,12.40000000,3786.60764100,52.00180000,57.0018601,40.5307308,F8,6040.00,1.100000,1.530000
HD 238090 b,HD 238090,1,Radial Velocity,2020,13.67100000000,0.0932000000,2.52000000,6.89000000,15.23540000,183.0886375,54.4861530,M0.0 V,3933.00,0.578000,0.570000
HD 238914 b,HD 238914,1,Radial Velocity,2018,4100.00000000000,5.7000000000,12.80000000,1906.98000000,519.45200000,279.5842102,59.2538819,K7,4769.00,1.470000,12.730000
HD 240210 b,HD 240210,1,Radial Velocity,2009,501.75000000000,1.1600000000,12.80000000,1655.82000000,372.40500000,347.6219227,57.0294818,K3 III,4297.00,0.820000,25.456816
HD 240237 b,HD 240237,1,Radial Velocity,2011,745.70001000000,1.9200000000,12.20000000,5050.31870000,933.37700000,348.9259334,58.0432233,K2 III,3926.00,8.760000,71.230000
HD 24040 b,HD 24040,2,Radial Velocity,2006,3668.00000000000,4.9200000000,12.90000000,1589.14203500,46.62240000,57.5962104,17.4752873,G0 V,5802.00,1.110000,1.300000
HD 24040 c,HD 24040,2,Radial Velocity,2021,515.40000000000,1.3000000000,9.35000000,63.88350981,46.62240000,57.5962104,17.4752873,G0 V,5776.49,1.103940,1.387296
HD 24064 b,HD 24064,1,Radial Velocity,2015,535.59998000000,1.2900000000,12.30000000,4096.82870000,300.24700000,59.1510071,74.0800789,K0,4052.00,1.610000,40.000000
HD 24085 b,HD 24085,1,Radial Velocity,2019,2.04550000000,0.0340000000,3.46000000,11.80000000,54.90040000,56.2563447,-70.0245193,G0 V,6034.00,1.220000,1.412551
HD 25015 b,HD 25015,1,Radial Velocity,2019,6134.42700000000,6.2480000000,12.50000000,2884.92845034,37.43300000,59.4335463,-20.2673347,K2 V,5160.00,0.860000,0.830000
HD 25171 b,HD 25171,1,Radial Velocity,2010,1802.29000000000,2.9710000000,13.90000000,290.81445000,55.61460000,58.9574779,-65.1863239,F8 V,6125.00,1.076000,1.230000
HD 25463 b,HD 25463,2,Transit,2023,7.04914230000,0.0760000000,2.54535814,8.70000000,45.61810000,60.7483361,9.2077676,,6353.00,1.251000,1.418200
HD 25463 c,HD 25463,2,Transit,2023,3.04405000000,0.0443000000,1.36354953,4.30000000,45.61810000,60.7483361,9.2077676,,6353.00,1.251000,1.418200
HD 25723 b,HD 25723,1,Radial Velocity,2020,457.01000000000,1.4900000000,13.30000000,794.57101750,114.81600000,61.0947182,-12.7922241,K1 III,4766.00,2.120000,13.760000
HD 25912 b,HD 25912,2,Radial Velocity,2022,41.83156000000,0.2420000000,6.90000000,38.13940884,49.16610000,60.9074988,-51.9315058,,5920.58,1.080000,0.995896
HD 25912 c,HD 25912,2,Radial Velocity,2022,26308.65619000000,17.8480000000,12.20000000,5252.75008249,49.16610000,60.9074988,-51.9315058,,5920.58,1.080000,0.995896
HD 260655 b,HD 260655,2,Transit,2022,2.76953000000,0.0293300000,1.24000000,2.14000000,10.00550000,99.2915429,17.5662696,M0 V,3803.00,0.439000,0.439000
HD 260655 c,HD 260655,2,Transit,2022,5.70588000000,0.0474900000,1.53300000,3.09000000,10.00550000,99.2915429,17.5662696,M0 V,3803.00,0.439000,0.439000
HD 26161 b,HD 26161,1,Radial Velocity,2021,10942.29013000000,10.0870000000,11.90000000,9045.39646322,40.91280000,62.4122255,31.6524346,,6057.62,1.120000,1.455981
HD 2638 b,HD 2638,1,Radial Velocity,2005,3.44420000000,0.0400000000,14.30000000,133.48860000,54.96210000,7.4990038,-5.7649600,K1 V,5186.00,0.770000,0.940000
HD 2685 b,HD 2685,1,Transit,2019,4.12688000000,0.0568000000,16.14096000,371.86110000,196.85200000,7.3289156,-76.3040320,,6801.00,1.430000,1.560000
HD 27442 b,HD 27442,1,Radial Velocity,2000,428.10000000000,1.2710000000,13.50000000,495.80000000,18.27040000,64.1205476,-59.3028771,K1/2III,4846.00,1.230000,3.180000
HD 27631 b,HD 27631,1,Radial Velocity,2012,2198.14000000000,3.2420000000,13.50000000,495.81231492,50.28620000,64.9392168,-41.9606604,G3 IV/V,5737.00,0.944000,0.923000
HD 27894 b,HD 27894,3,Radial Velocity,2005,18.01939000000,0.1250000000,14.10000000,196.73578393,43.82140000,65.1975693,-59.4096776,K2 V,4875.00,0.810000,0.891767
HD 27894 c,HD 27894,3,Radial Velocity,2017,36.07000000000,0.1980000000,8.24000000,51.48846000,43.82140000,65.1975693,-59.4096776,K2 V,4875.00,0.800000,0.891767
HD 27894 d,HD 27894,3,Radial Velocity,2017,5019.54244000000,5.3620000000,12.70000000,2063.65984665,43.82140000,65.1975693,-59.4096776,K2 V,4875.00,0.810000,0.891767
HD 27969 b,HD 27969,1,Radial Velocity,2021,654.50000000000,1.5520000000,12.90000000,1525.57635360,67.93280000,66.7068364,42.9087200,G0 V,5966.00,1.160000,1.270000
HD 28109 b,HD 28109,3,Transit,2022,22.89105400000,0.1357000000,2.69000000,6.20000000,139.61100000,65.2383065,-68.1026875,F8,6189.00,1.227000,1.425000
HD 28109 c,HD 28109,3,Transit,2022,55.99712000000,0.3080000000,4.13000000,9.20000000,139.61100000,65.2383065,-68.1026875,F8,6189.00,1.227000,1.425000
HD 28109 d,HD 28109,3,Transit,2022,84.28990000000,0.4110000000,3.11000000,5.80000000,139.61100000,65.2383065,-68.1026875,F8,6189.00,1.227000,1.425000
HD 28185 b,HD 28185,2,Radial Velocity,2001,385.92000000000,1.0340000000,12.80000000,1859.29618095,39.38090000,66.6100461,-10.5510754,G5,5602.00,0.974000,1.048000
HD 28185 c,HD 28185,2,Radial Velocity,2022,9090.00000000000,8.5000000000,12.80000000,1906.97044200,39.38090000,66.6100461,-10.5510754,G5,5602.00,0.974000,1.048000
HD 28192 b,HD 28192,1,Radial Velocity,2022,14.23283000000,0.1180000000,12.20000000,99.79811980,49.80630000,66.7032517,-1.7244842,,5919.87,1.080000,1.070940
HD 28254 b,HD 28254,1,Radial Velocity,2010,1333.00000000000,2.4500000000,13.00000000,1207.74794660,55.28840000,66.2108141,-50.6228081,G5 V,5664.00,1.100000,1.480000
HD 284149 AB b,HD 284149 A,1,Imaging,2017,,431.1600000000,12.00000000,8352.53053596,117.80700000,61.6616887,20.3030344,,6035.00,1.130000,1.360000
HD 28471 b,HD 28471,3,Radial Velocity,2025,3.16490000000,0.0420000000,1.75000000,3.72000000,43.64550000,66.2875166,-64.0786861,G5 V,5766.00,0.980000,1.080000
HD 28471 c,HD 28471,3,Radial Velocity,2025,6.12450000000,0.0650000000,2.26000000,5.72000000,43.64550000,66.2875166,-64.0786861,G5 V,5766.00,0.980000,1.080000
HD 28471 d,HD 28471,3,Radial Velocity,2025,11.68100000000,0.1000000000,2.06000000,4.91000000,43.64550000,66.2875166,-64.0786861,G5 V,5766.00,0.980000,1.080000
HD 285507 b,HD 285507,1,Radial Velocity,2013,6.08810000000,0.0600000000,13.80000000,311.47340000,45.02930000,61.7556630,15.3349441,K4.5 V,4503.00,0.820000,0.690000
HD 285968 b,HD 285968,1,Radial Velocity,2008,8.78360000000,0.0660000000,2.83000000,8.40000000,9.47045000,70.7353853,18.9533580,M2 V,3703.49,0.500000,0.478214
HD 28678 b,HD 28678,1,Radial Velocity,2011,380.20000000000,1.1800000000,13.50000000,490.09386000,189.90800000,67.8560643,4.5752495,G8 IV,4972.00,1.530000,6.480000
HD 29021 b,HD 29021,1,Radial Velocity,2017,1365.00000000000,2.2940000000,12.90000000,1420.69297929,30.99390000,69.4681379,60.6762985,G5,5560.00,0.860000,0.850000
HD 290327 b,HD 290327,1,Radial Velocity,2009,2443.00000000000,3.4300000000,13.30000000,772.32690000,56.43300000,80.8399887,-2.2780391,G8 V,5505.00,0.840000,0.950000
HD 29399 b,HD 29399,1,Radial Velocity,2022,892.70000000000,1.9130000000,13.50000000,498.99059899,44.15180000,68.3903471,-62.8237576,K1 III,4845.00,1.170000,4.500000
HD 2952 b,HD 2952,1,Radial Velocity,2013,312.08000000000,1.1170000000,13.90000000,284.77425267,110.10300000,8.2938367,54.8948177,K0 III,4853.00,1.910000,10.900000
HD 29985 b,HD 29985,1,Radial Velocity,2022,20608.14049000000,13.3900000000,12.80000000,1739.47487151,31.27070000,70.5216589,-33.9210696,,4678.00,0.750000,0.574666
HD 30177 b,HD 30177,2,Radial Velocity,2002,2539.00000000000,3.4900000000,12.60000000,2622.08435775,55.58670000,70.4770964,-58.0208085,G8 V,5680.00,0.980000,1.019000
HD 30177 c,HD 30177,2,Radial Velocity,2016,11320.00000000000,9.9000000000,12.90000000,1484.25866069,55.58670000,70.4770964,-58.0208085,G8 V,5680.00,0.980000,1.019000
HD 30562 b,HD 30562,1,Radial Velocity,2009,1157.00000000000,2.3400000000,13.60000000,467.20775829,26.15970000,72.1529519,-5.6751152,G2 IV,5882.00,1.120000,1.610000
HD 30669 b,HD 30669,1,Radial Velocity,2014,1684.00000000000,2.6900000000,14.30000000,149.37000000,58.08440000,72.1198522,-28.4190757,G9 V,5400.00,0.920000,0.910000
HD 30856 b,HD 30856,1,Radial Velocity,2011,847.00000000000,1.8500000000,13.50000000,491.68301000,131.19900000,72.5745099,-24.3689282,K0 III,4895.00,1.170000,4.400000
HD 31253 b,HD 31253,1,Radial Velocity,2010,466.00000000000,1.2600000000,14.10000000,197.05460000,58.14380000,73.6822877,12.3520103,F8,6130.00,1.700000,1.750000
HD 31527 b,HD 31527,3,Radial Velocity,2019,16.55350000000,0.1254000000,3.22000000,10.47000000,38.44730000,73.9096193,-23.2413163,G2 V,5898.00,0.960000,1.073694
HD 31527 c,HD 31527,3,Radial Velocity,2019,51.20530000000,0.2663000000,3.85000000,14.16000000,38.44730000,73.9096193,-23.2413163,G2 V,5898.00,0.960000,1.073694
HD 31527 d,HD 31527,3,Radial Velocity,2019,271.67370000000,0.8098000000,3.46000000,11.82000000,38.44730000,73.9096193,-23.2413163,G2 V,5898.00,0.960000,1.073694
HD 3167 b,HD 3167,4,Transit,2016,0.95964100000,0.0179600000,1.67000000,4.97000000,47.28990000,8.7401487,4.3807215,K0 V,5261.00,0.837000,0.880000
HD 3167 c,HD 3167,4,Transit,2016,29.84540000000,0.1776000000,3.00000000,11.13000000,47.28990000,8.7401487,4.3807215,K0 V,5261.00,0.837000,0.880000
HD 3167 d,HD 3167,4,Radial Velocity,2017,8.41120000000,0.0763000000,1.92000000,4.33000000,47.28990000,8.7401487,4.3807215,K0 V,5261.00,0.837000,0.880000
HD 3167 e,HD 3167,4,Radial Velocity,2022,96.63000000000,0.3885000000,2.83000000,8.41000000,47.28990000,8.7401487,4.3807215,K0 V,5261.00,0.837000,0.880000
HD 32518 b,HD 32518,1,Radial Velocity,2009,157.35000000000,0.5940000000,13.20000000,905.49313154,122.11500000,77.4037569,69.6391355,K1 III,4580.00,1.130000,10.220000
HD 32963 b,HD 32963,1,Radial Velocity,2015,2372.00000000000,3.4100000000,13.40000000,657.90480249,38.07860000,76.9820146,26.3276805,G5 IV,5727.00,0.940000,1.111044
HD 330075 b,HD 330075,1,Radial Velocity,2004,3.38773000000,0.0400000000,14.30000000,152.55840000,45.29890000,237.4054997,-49.9639199,K1,5000.00,0.470000,0.840000
HD 331093 b,HD 331093,1,Radial Velocity,2021,621.62000000000,1.4400000000,13.60000000,476.74261050,50.19280000,295.6200054,31.7395451,K0,5544.00,1.030000,1.111200
HD 33142 b,HD 33142,3,Radial Velocity,2011,330.00000000000,1.0740000000,13.70000000,400.46379282,121.37500000,76.8980559,-13.9863374,K0 III,5025.40,1.520000,4.170000
HD 33142 c,HD 33142,3,Radial Velocity,2016,810.20000000000,1.9550000000,13.90000000,282.86728223,121.37500000,76.8980559,-13.9863374,K0 III,5025.40,1.520000,4.170000
HD 33142 d,HD 33142,3,Radial Velocity,2022,89.90000000000,0.4520000000,9.32000000,63.56568140,121.37500000,76.8980559,-13.9863374,K0 III,5025.40,1.520000,4.170000
HD 332231 b,HD 332231,1,Transit,2020,18.71202400000,0.1450000000,9.07303305,74.10000000,80.66650000,306.7411340,33.7443882,F8,6128.00,1.164200,1.266000
HD 33283 b,HD 33283,1,Radial Velocity,2006,18.19910000000,0.1508000000,12.50000000,104.56607000,89.86230000,77.0044889,-26.7976689,G3/G5 V,5935.00,1.380000,1.970000
HD 33564 b,HD 33564,1,Radial Velocity,2005,388.00000000000,1.1000000000,12.50000000,2892.10000000,20.95310000,80.6378979,79.2318488,F6 V,6250.00,1.250000,1.436700
HD 33844 b,HD 33844,2,Radial Velocity,2015,551.40002000000,1.6000000000,13.40000000,638.83830000,105.77900000,78.1505649,-14.9509775,K0 III,4861.00,1.840000,5.390000
HD 33844 c,HD 33844,2,Radial Velocity,2015,916.00000000000,2.2400000000,13.50000000,556.20250000,105.77900000,78.1505649,-14.9509775,K0 III,4861.00,1.780000,5.290000
HD 34445 b,HD 34445,6,Radial Velocity,2009,1049.00000000000,2.0700000000,13.90000000,260.62060000,46.09070000,79.4207483,7.3527156,G0 V,5879.00,1.140000,1.380000
HD 34445 c,HD 34445,6,Radial Velocity,2017,214.67000000000,0.7181000000,8.42000000,53.50000000,46.09070000,79.4207483,7.3527156,G0 V,5836.00,1.070000,1.380000
HD 34445 d,HD 34445,6,Radial Velocity,2017,117.87000000000,0.4817000000,6.07000000,30.70000000,46.09070000,79.4207483,7.3527156,G0 V,5836.00,1.070000,1.380000
HD 34445 e,HD 34445,6,Radial Velocity,2017,49.17500000000,0.2687000000,4.26000000,16.80000000,46.09070000,79.4207483,7.3527156,G0 V,5836.00,1.070000,1.380000
HD 34445 f,HD 34445,6,Radial Velocity,2017,676.80000000000,1.5430000000,6.88000000,37.90000000,46.09070000,79.4207483,7.3527156,G0 V,5836.00,1.070000,1.380000
HD 34445 g,HD 34445,6,Radial Velocity,2017,5700.00000000000,6.3600000000,13.60000000,120.60000000,46.09070000,79.4207483,7.3527156,G0 V,5836.00,1.070000,1.380000
HD 35759 b,HD 35759,1,Radial Velocity,2016,82.46700000000,0.3890000000,13.00000000,1195.04080000,71.24230000,82.8886636,64.3183753,G0,6060.00,1.150000,1.759974
HD 35843 b,HD 35843,2,Radial Velocity,2025,9.89910000000,0.0880000000,2.29000000,5.84000000,69.60260000,81.3488924,-44.4312849,,5666.00,0.940000,0.897000
HD 35843 c,HD 35843,2,Transit,2025,46.96220000000,0.2500000000,2.54000000,11.32000000,69.60260000,81.3488924,-44.4312849,,5666.00,0.940000,0.897000
HD 360 b,HD 360,1,Radial Velocity,2021,273.10000000000,0.9800000000,14.00000000,238.37130525,111.54200000,2.0729030,-8.8242618,G8 III,4770.00,1.690000,10.860000
HD 36384 b,HD 36384,1,Radial Velocity,2023,490.00000000000,1.3000000000,12.70000000,2097.66748620,209.30900000,84.9319998,75.0439884,M0 III,3940.00,1.140000,38.400000
HD 3651 b,HD 3651,1,Radial Velocity,2003,62.25000000000,0.2950000000,10.10000000,72.46524000,11.13360000,9.8387218,21.2488844,K0 V,5221.00,0.799000,0.871954
HD 37124 b,HD 37124,3,Radial Velocity,2002,154.37800000000,0.5336400000,14.00000000,214.53525000,31.66340000,84.2599947,20.7289784,G4 V,5698.64,0.850000,0.949168
HD 37124 c,HD 37124,3,Radial Velocity,2002,885.50000000000,1.7100000000,14.10000000,207.22516000,31.66340000,84.2599947,20.7289784,G4 V,5698.64,0.850000,0.949168
HD 37124 d,HD 37124,3,Radial Velocity,2005,1862.00000000000,2.8070000000,14.00000000,221.20968000,31.66340000,84.2599947,20.7289784,G4 V,5698.64,0.850000,0.949168
HD 37605 b,HD 37605,2,Radial Velocity,2004,55.01292000000,0.2770000000,13.20000000,854.96270000,46.78640000,85.0074276,6.0595116,K0,5329.00,0.940000,0.910000
HD 37605 c,HD 37605,2,Radial Velocity,2012,2720.00000000000,3.7400000000,13.10000000,1013.87770000,46.78640000,85.0074276,6.0595116,K0,5329.00,0.940000,0.910000
HD 3765 b,HD 3765,1,Radial Velocity,2021,1211.00000000000,2.1080000000,8.56000000,54.98431441,17.92600000,10.2072994,40.1842918,K2V,5049.80,0.851785,0.830610
HD 38283 b,HD 38283,1,Radial Velocity,2010,363.20001000000,1.0200000000,14.00000000,127.13200000,38.06150000,84.2605324,-73.6998131,F9.5 V,5981.00,1.370000,1.490000
HD 38529 b,HD 38529,2,Radial Velocity,2000,14.30990000000,0.1150000000,14.10000000,206.58846455,42.35380000,86.6451363,1.1675866,G4 IV,5697.00,0.980000,2.857838
HD 38529 c,HD 38529,2,Radial Velocity,2000,2127.60566000000,3.2260000000,12.50000000,3299.05886466,42.35380000,86.6451363,1.1675866,G4 IV,5697.00,0.980000,2.857838
HD 38801 b,HD 38801,1,Radial Velocity,2009,685.25000000000,1.6230000000,12.50000000,3082.31534000,91.43490000,86.9963141,-8.3280256,K0,5338.00,1.207000,2.029000
HD 39091 b,HD 39091,3,Radial Velocity,2001,2088.80000000000,3.2800000000,12.30000000,4481.38053870,18.27020000,84.2992798,-80.4646041,G0 V,5998.00,1.070000,1.170000
HD 39194 b,HD 39194,3,Radial Velocity,2021,5.63692000000,0.0589500000,1.99000000,4.62000000,26.41310000,86.1290710,-70.1382377,K0 V,5205.00,0.860000,0.783742
HD 39194 c,HD 39194,3,Radial Velocity,2021,14.03090000000,0.1083000000,2.65000000,7.49000000,26.41310000,86.1290710,-70.1382377,K0 V,5205.00,0.860000,0.783742
HD 39194 d,HD 39194,3,Radial Velocity,2021,33.87400000000,0.1949000000,2.12000000,5.16000000,26.41310000,86.1290710,-70.1382377,K0 V,5205.00,0.860000,0.783742
HD 39855 b,HD 39855,1,Radial Velocity,2019,3.24980000000,0.0410000000,2.85000000,8.50000000,23.25990000,88.6260731,-19.7044472,G8 V,5576.00,0.870000,0.744665
HD 40307 b,HD 40307,5,Radial Velocity,2009,4.31230000000,0.0468000000,,1188.99607059,12.93630000,88.5172191,-60.0237289,K2.5 V,4956.00,0.770000,0.716684
HD 40307 c,HD 40307,5,Radial Velocity,2009,9.61840000000,0.0799000000,,1868.51320475,12.93630000,88.5172191,-60.0237289,K2.5 V,4956.00,0.770000,0.716684
HD 40307 d,HD 40307,5,Radial Velocity,2009,20.43200000000,0.1321000000,,1775.38948150,12.93630000,88.5172191,-60.0237289,K2.5 V,4956.00,0.770000,0.716684
HD 40307 f,HD 40307,5,Radial Velocity,2013,51.76000000000,0.2470000000,2.13000000,5.20000000,12.93630000,88.5172191,-60.0237289,K2.5 V,4956.00,0.770000,0.716684
HD 40307 g,HD 40307,5,Radial Velocity,2013,197.80000000000,0.6000000000,2.56000000,7.10000000,12.93630000,88.5172191,-60.0237289,K2.5 V,4956.00,0.770000,0.716684
HD 40956 b,HD 40956,1,Radial Velocity,2017,578.60000000000,1.4000000000,13.20000000,858.14100000,116.59300000,91.6628015,63.4538750,K0,4869.00,2.000000,8.560000
HD 40979 b,HD 40979,1,Radial Velocity,2002,264.14999000000,0.8500000000,12.90000000,1484.26610000,34.08830000,91.1253346,44.2597855,F8 V,6165.00,1.450000,1.210000
HD 41004 A b,HD 41004 A,2,Radial Velocity,2004,963.00000000000,,13.20000000,807.25000000,36.69117000,89.9566041,-48.2394189,K1/K2 V,5310.00,0.950000,0.850000
HD 41004 B b,HD 41004 B,2,Radial Velocity,2003,1.32830000000,,12.10000000,5838.29000000,41.55040000,89.9565956,-48.2394114,M2 V,5036.00,0.400000,1.041370
HD 4113 b,HD 4113,1,Radial Velocity,2007,526.52390000000,1.2800000000,13.50000000,541.26177712,41.87270000,10.8027515,-37.9831248,G5 V,5688.00,1.008000,1.077514
HD 42012 b,HD 42012,1,Radial Velocity,2017,857.50000000000,1.6700000000,13.50000000,508.52800000,36.79840000,92.4854730,34.1341722,K0,5405.00,0.830000,0.820000
HD 4203 b,HD 4203,2,Radial Velocity,2001,431.88000000000,1.1700000000,13.30000000,708.76090000,81.37950000,11.1722288,20.4483925,G5,5596.00,1.250000,1.420000
HD 4203 c,HD 4203,2,Radial Velocity,2014,6700.00000000000,6.9500000000,13.30000000,689.66000000,81.37950000,11.1722288,20.4483925,G5,5582.00,0.990000,1.497950
HD 4208 b,HD 4208,1,Radial Velocity,2001,832.97000000000,1.6620000000,13.90000000,257.44230000,34.19370000,11.1125532,-26.5150392,G7 V Fe-1 CH-0.5,5717.00,0.883000,0.846000
HD 42618 b,HD 42618,1,Radial Velocity,2016,149.61000000000,0.5540000000,3.89000000,14.40000000,24.33580000,93.0032173,6.7819742,G4 V,5727.00,1.015000,0.999000
HD 4308 b,HD 4308,1,Radial Velocity,2005,15.56000000000,0.1200000000,4.12000000,15.89150000,22.01580000,11.1652594,-65.6527159,G5V,5686.00,0.930000,1.020000
HD 4313 b,HD 4313,1,Radial Velocity,2009,356.21000000000,1.1570000000,13.40000000,612.45841000,136.30800000,11.4181301,7.8450492,G5,4943.00,1.630000,5.140000
HD 43197 b,HD 43197,2,Radial Velocity,2010,308.92072000000,0.8820000000,14.20000000,175.75910907,62.41120000,93.3993231,-29.8971929,G8 V,5508.00,0.960000,1.000000
HD 43197 c,HD 43197,2,Radial Velocity,2022,9295.97350000000,8.5400000000,12.60000000,2500.67390628,62.41120000,93.3993231,-29.8971929,G8 V,5508.00,0.960000,1.000000
HD 43691 b,HD 43691,1,Radial Velocity,2007,36.99870000000,0.2380000000,13.20000000,810.46650000,85.60090000,94.8946124,41.0920773,G0,6093.00,1.320000,1.600000
HD 44219 b,HD 44219,1,Radial Velocity,2010,472.00000000000,1.2600000000,14.10000000,184.34047606,52.90510000,95.0599971,-10.7250799,G3 V,5752.00,1.200000,1.320000
HD 45184 b,HD 45184,2,Radial Velocity,2019,5.88540000000,0.0644000000,3.52000000,12.19000000,21.95320000,96.1820205,-28.7806402,G1.5 V,5869.00,1.030000,1.075139
HD 45184 c,HD 45184,2,Radial Velocity,2019,13.13540000000,0.1100000000,2.91000000,8.81000000,21.95320000,96.1820205,-28.7806402,G1.5 V,5869.00,1.030000,1.075139
HD 45350 b,HD 45350,1,Radial Velocity,2004,963.60000000000,1.9200000000,13.50000000,568.89000000,46.87330000,97.1902262,38.9627315,G5 V,5566.00,0.980000,1.264420
HD 45364 b,HD 45364,2,Radial Velocity,2008,225.79000000000,0.6793000000,9.03000000,60.16491745,34.35400000,96.4105736,-31.4810037,K0 V,5466.00,0.820000,0.890000
HD 45364 c,HD 45364,2,Radial Velocity,2008,345.43000000000,0.9020000000,14.20000000,174.48779544,34.35400000,96.4105736,-31.4810037,K0 V,5466.00,0.820000,0.890000
HD 45652 b,HD 45652,1,Radial Velocity,2008,44.07300000000,0.2370000000,14.30000000,137.62039000,34.85410000,97.3058709,10.9336212,G8/K0,5294.00,0.920000,0.940000
HD 457 b,HD 457,1,Radial Velocity,2022,20324.58153000000,15.3690000000,11.90000000,8445.33643080,55.03750000,2.2492922,-39.7372401,,6114.04,1.150000,1.281940
HD 46375 b,HD 46375,1,Radial Velocity,2000,3.02357300000,0.0398000000,10.00000000,71.80000000,29.55290000,98.3030763,5.4625071,K1 IV-V,5285.00,0.920000,0.914196
HD 47186 b,HD 47186,2,Radial Velocity,2008,4.08450000000,0.0500000000,5.02000000,22.24810000,37.45740000,99.0367212,-27.6234285,G6 V,5657.00,0.960000,1.080000
HD 47186 c,HD 47186,2,Radial Velocity,2008,1353.60000000000,2.3950000000,13.00000000,111.42000000,37.45740000,99.0367212,-27.6234285,G6 V,5657.00,0.960000,1.080000
HD 4732 b,HD 4732,2,Radial Velocity,2012,371.74000000000,1.1290000000,13.40000000,631.20721630,54.78410000,12.3085089,-24.1369079,K0 IV,4898.00,1.390000,5.030000
HD 4732 c,HD 4732,2,Radial Velocity,2012,3184.20000000000,4.7250000000,13.10000000,1069.49258955,54.78410000,12.3085089,-24.1369079,K0 IV,4898.00,1.390000,5.030000
HD 47366 b,HD 47366,2,Radial Velocity,2016,360.08000000000,1.2070000000,13.40000000,661.71874337,84.35520000,99.4200181,-12.9856593,K1 III,4866.00,1.810000,7.300000
HD 47366 c,HD 47366,2,Radial Velocity,2016,677.53000000000,1.8400000000,13.50000000,483.73483545,84.35520000,99.4200181,-12.9856593,K1 III,4866.00,1.810000,7.300000
HD 47536 b,HD 47536,1,Radial Velocity,2002,712.13000000000,1.9300000000,12.60000000,2330.00000000,122.53600000,99.4489580,-32.3394531,K1 III,4380.00,2.100000,23.470000
HD 4760 b,HD 4760,1,Radial Velocity,2021,434.00000000000,1.1400000000,12.30000000,4417.83700000,537.87300000,12.4161652,6.4071412,K2,4076.00,1.050000,42.400000
HD 48265 b,HD 48265,2,Radial Velocity,2008,778.51000000000,1.8140000000,12.60000000,2351.93021180,90.54460000,100.0073683,-48.5418284,G5 IV/V,5733.00,1.312000,1.901000
HD 48265 c,HD 48265,2,Radial Velocity,2026,10418.00000000000,10.4000000000,12.90000000,1414.33641115,90.54460000,100.0073683,-48.5418284,G5 IV/V,5805.00,1.380000,2.050000
HD 48948 b,HD 48948,3,Radial Velocity,2024,7.34013000000,0.0652000000,2.06000000,4.88000000,16.90430000,102.4898110,60.3373133,K3 V,4593.00,0.686000,0.679000
HD 48948 c,HD 48948,3,Radial Velocity,2024,38.06000000000,0.1951000000,2.60000000,7.27000000,16.90430000,102.4898110,60.3373133,K3 V,4593.00,0.686000,0.679000
HD 48948 d,HD 48948,3,Radial Velocity,2024,151.92000000000,0.4894000000,3.24000000,10.59000000,16.90430000,102.4898110,60.3373133,K3 V,4593.00,0.686000,0.679000
HD 4917 b,HD 4917,1,Radial Velocity,2018,400.50000000000,1.1670000000,13.50000000,513.29545000,204.27700000,12.7762624,-12.9276648,K0 III/IV,4802.00,1.320000,5.010000
HD 49674 b,HD 49674,1,Radial Velocity,2002,4.94737000000,0.0600000000,6.20000000,31.78300000,43.03990000,102.8773483,40.8672284,G5 V,5602.00,1.030000,1.020000
HD 50499 b,HD 50499,2,Radial Velocity,2005,2447.10000000000,3.8330000000,13.50000000,519.96988000,46.28450000,103.0080750,-33.9152670,G1 V,6102.00,1.253000,1.351000
HD 50499 c,HD 50499,2,Radial Velocity,2019,8619.90000000000,9.0200000000,13.20000000,931.24190000,46.28450000,103.0080750,-33.9152670,G1 V,6099.00,1.310000,1.420000
HD 50554 b,HD 50554,1,Radial Velocity,2002,1293.00000000000,2.3530000000,12.80000000,1859.29618095,31.16640000,103.6782730,24.2451409,F8 V,5987.00,1.040000,1.020000
HD 51608 b,HD 51608,2,Radial Velocity,2019,14.07260000000,0.1059000000,3.62000000,12.77000000,35.05530000,103.7137102,-55.2600189,G7 V,5358.00,0.800000,0.916136
HD 51608 c,HD 51608,2,Radial Velocity,2019,95.94460000000,0.3809000000,3.87000000,14.31000000,35.05530000,103.7137102,-55.2600189,G7 V,5358.00,0.800000,0.916136
HD 52265 b,HD 52265,1,Radial Velocity,2000,119.27000000000,0.5200000000,13.70000000,384.57430000,29.98030000,105.0746449,-5.3668142,G0V,6136.00,1.204000,1.320000
HD 5278 b,HD 5278,2,Transit,2021,14.33915600000,0.1202000000,2.45000000,7.80000000,57.58460000,12.5467785,-83.7437671,F V,6203.00,1.126000,1.194000
HD 5278 c,HD 5278,2,Radial Velocity,2021,40.87000000000,0.2416000000,4.49000000,18.40000000,57.58460000,12.5467785,-83.7437671,F V,6203.00,1.126000,1.194000
HD 5319 b,HD 5319,2,Radial Velocity,2007,637.10000000000,1.5700000000,13.50000000,494.54348000,121.40500000,13.7558096,0.7893425,G5,4871.00,1.270000,4.060000
HD 5319 c,HD 5319,2,Radial Velocity,2014,872.20000000000,1.9300000000,13.80000000,334.67499000,121.40500000,13.7558096,0.7893425,G5,4871.00,1.270000,4.060000
HD 5388 b,HD 5388,1,Radial Velocity,2010,772.50000000000,1.7570000000,13.10000000,1017.05090240,53.06610000,13.7990300,-47.4067326,F6 V,6297.00,1.210000,1.910000
HD 55696 b,HD 55696,1,Radial Velocity,2018,1827.00000000000,3.1800000000,12.90000000,1357.12729789,77.96930000,108.0622029,-38.1746390,G0 V,6012.00,1.290000,1.520000
HD 5583 b,HD 5583,1,Radial Velocity,2016,139.35000000000,0.5300000000,12.80000000,1837.05740000,219.21600000,14.4869460,34.9853306,,4830.00,1.010000,9.090000
HD 5608 b,HD 5608,1,Radial Velocity,2012,768.70000000000,1.7900000000,13.70000000,371.22357938,58.11050000,14.5594349,33.9505774,K0 IV,4807.00,1.290000,5.430000
HD 564 b,HD 564,1,Radial Velocity,2014,492.30000000000,1.2000000000,12.50000000,104.88000000,51.16590000,2.4694459,-50.2678998,G2/G3 V,5902.00,0.961000,1.010000
HD 56414 b,HD 56414,1,Transit,2022,29.04992000000,0.2290000000,3.71000000,13.30000000,272.21700000,107.8436846,-68.8333403,,8500.00,1.890000,1.751000
HD 56957 b,HD 56957,1,Radial Velocity,2022,5859.08992000000,6.4260000000,12.80000000,1880.90851263,61.49250000,109.3253986,-40.6560651,,5743.00,1.030000,1.777930
HD 5891 b,HD 5891,1,Radial Velocity,2011,177.11000000000,0.6400000000,12.60000000,2425.04290000,283.50200000,15.1383168,20.2923139,G5,4673.00,1.930000,10.640000
HD 59686 A b,HD 59686 A,1,Radial Velocity,2016,299.36000000000,1.0860000000,12.70000000,2199.38360000,89.27210000,112.9518629,17.0857195,K2 III,4658.00,1.900000,13.200000
HD 60292 b,HD 60292,1,Radial Velocity,2020,495.40000000000,1.5000000000,12.70000000,2065.89500000,315.21100000,114.6201698,66.2350517,K0 III,4348.00,1.700000,27.000000
HD 60532 b,HD 60532,2,Radial Velocity,2008,201.90000000000,0.7700000000,13.80000000,336.89980000,25.97160000,113.5130656,-22.2958661,F6 IV,6245.00,1.500000,2.570000
HD 60532 c,HD 60532,2,Radial Velocity,2008,600.10000000000,1.6000000000,13.30000000,797.75330000,25.97160000,113.5130656,-22.2958661,F6 IV,6245.00,1.500000,2.570000
HD 6061 b,HD 6061,1,Transit,2023,5.25490000000,0.0600000000,2.42763557,10.00000000,67.62030000,15.5981441,37.1854394,,5934.00,1.026900,1.007200
HD 62364 b,HD 62364,2,Radial Velocity,2022,5138.00000000000,6.1500000000,12.10000000,5965.63919939,53.11200000,113.9052658,-75.5442707,F7 V,6255.00,1.157000,1.401000
HD 62364 c,HD 62364,2,Radial Velocity,2022,74839.94555000000,36.9840000000,12.00000000,7923.46218651,53.11200000,113.9052658,-75.5442707,F7 V,6255.00,1.190000,1.401000
HD 62509 b,HD 62509,1,Radial Velocity,2006,589.64000000000,1.6400000000,13.30000000,731.00000000,10.34000000,116.3288240,28.0261270,K0IIIvar,4892.63,2.000000,8.900000
HD 62549 b,HD 62549,1,Radial Velocity,2022,14306.88519000000,11.8420000000,12.60000000,2707.58019923,49.33050000,116.0821439,-5.0541223,,5930.46,1.080000,1.232270
HD 63433 b,HD 63433,3,Transit,2020,7.10794750000,0.0720000000,2.14000000,21.75500000,22.40350000,117.4793699,27.3631342,G5 V,5553.00,0.956000,0.934000
HD 63433 c,HD 63433,3,Transit,2020,20.54382810000,0.1460000000,2.69200000,15.53900000,22.40350000,117.4793699,27.3631342,G5 V,5553.00,0.956000,0.934000
HD 63433 d,HD 63433,3,Transit,2023,4.20907500000,0.0503000000,1.07300000,1.25000000,22.40350000,117.4793699,27.3631342,G5 V,5688.00,0.990000,0.912000
HD 63454 b,HD 63454,1,Radial Velocity,2005,2.81805000000,0.0400000000,12.31000000,79.45750000,37.68940000,114.8406393,-78.2791464,K4 V,4812.00,0.420000,0.770000
HD 63765 b,HD 63765,1,Radial Velocity,2011,358.00000000000,0.9400000000,14.20000000,168.44990000,32.53760000,116.9582617,-54.2653450,G9 V,5449.00,0.650000,0.830000
HD 63935 b,HD 63935,2,Transit,2021,9.05880700000,0.0830000000,2.91575244,10.50000000,48.97390000,117.9246417,9.3852412,,5513.00,0.940600,0.959800
HD 63935 c,HD 63935,2,Radial Velocity,2021,21.40270000000,0.1480000000,3.06451296,11.10000000,48.97390000,117.9246417,9.3852412,,5513.00,0.940600,0.959800
HD 64114 b,HD 64114,1,Radial Velocity,2019,45.79100000000,0.2460000000,4.41000000,17.80000000,31.52620000,117.9825560,-11.0337221,G7 V,5676.00,0.950000,0.882858
HD 64121 b,HD 64121,1,Radial Velocity,2022,623.00000000000,1.5100000000,13.20000000,813.64072192,129.96600000,117.3651424,-54.8126136,G8/K0 III,5078.00,1.640000,5.440000
HD 6434 b,HD 6434,1,Radial Velocity,2003,21.99800000000,0.1400000000,14.20000000,155.73670000,42.35800000,16.1663441,-39.4904909,G2/3 V,5769.00,1.100000,1.120000
HD 65216 b,HD 65216,2,Radial Velocity,2003,577.60000000000,1.3010000000,13.60000000,411.58985000,35.12050000,118.4209646,-63.6466892,G5 V,5612.00,0.874000,0.880000
HD 65216 c,HD 65216,2,Radial Velocity,2013,5370.00000000000,5.7500000000,13.40000000,645.19490000,35.12050000,118.4209646,-63.6466892,G5 V,5612.00,0.874000,0.880000
HD 66141 b,HD 66141,1,Radial Velocity,2012,480.50000000000,1.2000000000,12.80000000,1906.90000000,68.15090000,120.5662825,2.3350265,K2 III,4323.00,1.100000,21.400000
HD 66428 b,HD 66428,2,Radial Velocity,2005,2269.81726000000,3.3950000000,12.40000000,3478.94974302,53.28170000,120.8691654,-1.1636019,G8 IV (+ G),5716.00,1.010000,1.130000
HD 66428 c,HD 66428,2,Radial Velocity,2021,10478.84437000000,9.4080000000,13.50000000,560.64930995,53.28170000,120.8691654,-1.1636019,G8 IV (+ G),5716.00,1.010000,1.130000
HD 67087 b,HD 67087,2,Radial Velocity,2015,352.20000000000,1.0800000000,13.10000000,973.00000000,76.52170000,121.9155672,31.5511553,F8 V,6330.00,1.360000,1.550000
HD 67087 c,HD 67087,2,Radial Velocity,2015,2374.00000000000,3.8600000000,12.90000000,1540.00000000,76.52170000,121.9155672,31.5511553,F8 V,6330.00,1.360000,1.550000
HD 6718 b,HD 6718,1,Radial Velocity,2009,2476.00000000000,3.5300000000,13.30000000,762.78817680,51.34440000,16.9536005,-8.2336165,G5 V,5746.00,0.960000,1.020000
HD 68402 b,HD 68402,1,Radial Velocity,2016,1103.00000000000,2.1800000000,12.60000000,2510.84441530,78.42930000,121.3474609,-74.4100732,G5 IV/V,5950.00,1.120000,1.020000
HD 68475 b,HD 68475,1,Radial Velocity,2026,7832.00000000000,7.2700000000,12.80000000,1639.99458012,33.42970000,122.7192621,-42.8128841,K2 VC,5022.00,0.830000,0.790990
HD 6860 b,HD 6860,1,Radial Velocity,2023,663.87000000000,2.0300000000,11.90000000,8981.83078182,61.12469000,17.4329790,35.6204990,M0 III,3802.00,2.490000,86.400000
HD 68988 b,HD 68988,2,Radial Velocity,2001,6.27711000000,0.0700000000,13.40000000,626.12510000,60.84470000,124.5935429,61.4608518,G2 V,5932.00,1.280000,1.190000
HD 68988 c,HD 68988,2,Radial Velocity,2021,16000.00000000000,13.2000000000,12.20000000,4776.96095721,60.84470000,124.5935429,61.4608518,G2 V,5883.41,1.171665,1.255733
HD 69123 b,HD 69123,1,Radial Velocity,2022,1193.30000000000,2.4820000000,13.10000000,982.08977763,75.11600000,123.5549900,-35.4899246,K1 III,4842.00,1.680000,7.720000
HD 69830 b,HD 69830,3,Radial Velocity,2006,8.66700000000,0.0785000000,3.17000000,10.20000000,12.55910000,124.6010091,-12.6364246,K0V,5385.00,0.860000,0.886947
HD 69830 c,HD 69830,3,Radial Velocity,2006,31.56000000000,0.1860000000,3.46000000,11.80000000,12.55910000,124.6010091,-12.6364246,K0V,5385.00,0.860000,0.886947
HD 69830 d,HD 69830,3,Radial Velocity,2006,197.00000000000,0.6300000000,4.45000000,18.10000000,12.55910000,124.6010091,-12.6364246,K0V,5385.00,0.860000,0.886947
HD 70573 b,HD 70573,1,Radial Velocity,2007,851.80000000000,1.7600000000,12.80000000,1900.00000000,59.18200000,125.7079153,1.8591088,G1-1.5 V,5737.00,1.000000,0.976919
HD 70642 b,HD 70642,1,Radial Velocity,2003,2124.54000000000,3.3180000000,13.00000000,1239.53078730,29.27600000,125.3661079,-39.7044432,G6 V,5732.00,1.078000,0.984000
HD 7199 b,HD 7199,1,Radial Velocity,2011,615.00000000000,1.3600000000,,3639.13526015,36.15310000,17.6979344,-66.1886947,K1 IV,5371.00,0.770000,0.970000
HD 72490 b,HD 72490,1,Radial Velocity,2018,858.00000000000,1.8800000000,13.50000000,561.92344000,126.33900000,128.4028287,13.5507189,G5,4934.00,1.210000,4.960000
HD 72659 b,HD 72659,2,Radial Velocity,2002,3549.00000000000,4.6070000000,13.20000000,949.67128012,51.89490000,128.5128072,-1.5686323,G2 V,5929.00,1.033000,1.360000
HD 72659 c,HD 72659,2,Radial Velocity,2022,35500.00000000000,21.5000000000,12.10000000,6165.87109580,51.89490000,128.5128072,-1.5686323,G2 V,5929.00,1.033000,1.360000
HD 72892 b,HD 72892,1,Radial Velocity,2016,39.44603000000,0.2280000000,12.80000000,1737.88572948,69.73110000,128.7195554,-14.4574311,G5 V,5688.00,1.010000,1.220000
HD 73256 c,HD 73256,1,Radial Velocity,2023,2690.00000000000,3.8000000000,12.20000000,5085.25451200,36.70800000,129.0949961,-30.0373339,G8 IV,5570.00,1.000000,0.944723
HD 73267 b,HD 73267,2,Radial Velocity,2008,1257.99159000000,2.2290000000,13.00000000,1321.53051631,50.40930000,129.0735123,-34.4594469,K0 V,5387.00,0.930000,0.909000
HD 73267 c,HD 73267,2,Radial Velocity,2022,17071.78045000000,12.6880000000,12.80000000,1630.77755632,50.40930000,129.0735123,-34.4594469,K0 V,5387.00,0.930000,0.909000
HD 73344 b,HD 73344,3,Transit,2024,15.61100000000,0.1310000000,2.88400000,10.48000000,35.26000000,129.6894456,23.6852651,F6 V,6252.60,1.200000,1.220000
HD 73344 c,HD 73344,3,Radial Velocity,2025,65.94000000000,0.3388000000,13.50000000,118.54999581,35.26000000,129.6894456,23.6852651,F6 V,6148.00,1.190000,1.220000
HD 73344 d,HD 73344,3,Radial Velocity,2025,5823.00000000000,6.7000000000,13.20000000,810.46243785,35.26000000,129.6894456,23.6852651,F6 V,6148.00,1.190000,1.220000
HD 73526 b,HD 73526,2,Radial Velocity,2002,188.30000000000,0.6500000000,13.10000000,978.91640000,97.23960000,129.3183310,-41.3184231,G6 V,5601.00,1.140000,1.530000
HD 73526 c,HD 73526,2,Radial Velocity,2005,379.10000000000,1.0300000000,13.30000000,715.09000000,97.23960000,129.3183310,-41.3184231,G6 V,5601.00,1.014000,1.530000
HD 73534 b,HD 73534,1,Radial Velocity,2008,1750.00000000000,2.9900000000,13.70000000,353.42696000,83.33210000,129.8153421,12.9599703,G5,4917.00,1.160000,2.580000
HD 73583 b,HD 73583,2,Transit,2022,6.39804200000,0.0604000000,2.79000000,10.20000000,31.56660000,129.6883026,-13.2565267,K4 V,4511.00,0.730000,0.650000
HD 73583 c,HD 73583,2,Transit,2022,18.87974000000,0.1242000000,2.39000000,9.70000000,31.56660000,129.6883026,-13.2565267,K4 V,4511.00,0.730000,0.650000
HD 74156 b,HD 74156,2,Radial Velocity,2003,51.63564000000,0.2800000000,13.50000000,532.36258173,57.60300000,130.6047813,4.5772338,G0,6068.00,1.100000,1.510576
HD 74156 c,HD 74156,2,Radial Velocity,2003,2448.48726000000,3.6780000000,12.50000000,2753.98314665,57.60300000,130.6047813,4.5772338,G0,6068.00,1.100000,1.510576
HD 7449 b,HD 7449,1,Radial Velocity,2011,1270.55195000000,2.4380000000,12.60000000,2597.92939882,38.66200000,18.6214650,-5.0479716,F9.5 V,6024.00,1.196000,0.970000
HD 74698 b,HD 74698,2,Radial Velocity,2023,15.01700000000,0.1210000000,5.12000000,23.00000000,52.06480000,130.0744755,-71.8768726,G5 V,5783.00,1.039000,1.333000
HD 74698 c,HD 74698,2,Radial Velocity,2023,3449.00000000000,4.5000000000,14.00000000,126.00000000,52.06480000,130.0744755,-71.8768726,G5 V,5783.00,1.039000,1.333000
HD 75289 b,HD 75289,1,Radial Velocity,1999,3.50927000000,0.0500000000,14.20000000,155.73670000,29.11580000,131.9181715,-41.7377748,G0,6117.00,1.290000,1.230000
HD 75302 b,HD 75302,1,Radial Velocity,2023,4356.00000000000,5.3000000000,12.80000000,1716.27339780,30.32880000,132.3015641,3.4850141,G5 V,5697.46,1.060000,0.940904
HD 75784 b,HD 75784,2,Radial Velocity,2014,341.20000000000,1.0320000000,13.80000000,317.83000000,85.43210000,133.0992289,13.2330548,G5,4867.00,1.260000,3.400000
HD 75784 c,HD 75784,2,Radial Velocity,2018,7900.00000000000,8.4000000000,12.80000000,1792.56120000,85.43210000,133.0992289,13.2330548,G5,4867.00,1.260000,3.400000
HD 75898 b,HD 75898,2,Radial Velocity,2007,422.82000000000,1.2025000000,13.20000000,810.46243785,78.05050000,133.4611999,33.0566885,F8 V,6122.00,1.295000,1.550000
HD 75898 c,HD 75898,2,Radial Velocity,2024,6717.00000000000,7.3900000000,12.60000000,2698.36317543,78.05050000,133.4611999,33.0566885,F8 V,6122.00,1.295000,1.550000
HD 76700 b,HD 76700,1,Radial Velocity,2002,3.97097000000,0.0500000000,9.60000000,66.74430000,60.88310000,133.4782248,-66.8004747,G6 V,5644.00,0.990000,1.370000
HD 76920 b,HD 76920,1,Radial Velocity,2017,415.89100000000,1.0910000000,13.10000000,994.80291391,184.03100000,133.8203530,-67.2653621,K1 III,4664.00,1.000000,8.330000
HD 77338 b,HD 77338,1,Radial Velocity,2012,5.73610000000,0.0600000000,4.12000000,15.90000000,45.93500000,135.3022475,-25.5282343,K0 IV,5341.00,1.370000,0.970000
HD 77946 b,HD 77946,1,Transit,2024,6.52736300000,0.0730000000,2.89646124,10.90000000,99.45100000,136.7776440,46.6724251,F5,6007.00,1.197300,1.317400
HD 79181 b,HD 79181,1,Radial Velocity,2021,273.10000000000,0.9000000000,14.10000000,203.41018048,103.33500000,137.9944736,-19.7474341,G8 III,4862.00,1.280000,11.060000
HD 7924 b,HD 7924,3,Radial Velocity,2008,5.39792000000,0.0600000000,,2058.25676373,16.99220000,20.4956562,76.7101475,K0.5 V,5131.00,0.650000,0.780000
HD 7924 c,HD 7924,3,Radial Velocity,2015,15.29900000000,0.1134000000,,1762.67634522,16.99220000,20.4956562,76.7101475,K0.5 V,5075.00,0.832000,0.782100
HD 7924 d,HD 7924,3,Radial Velocity,2015,24.45100000000,0.1551000000,,1568.16536014,16.99220000,20.4956562,76.7101475,K0.5 V,5075.00,0.832000,0.782100
HD 79498 b,HD 79498,1,Radial Velocity,2011,1807.00000000000,2.9800000000,13.60000000,425.89220000,48.94890000,138.7885794,23.3748792,G5,5748.00,1.080000,1.050000
HD 80606 b,HD 80606,1,Radial Velocity,2001,111.43676500000,0.4603000000,11.56766808,1323.46926959,66.47110000,140.6569501,50.6037764,G5,5565.00,1.050000,1.050000
HD 80653 b,HD 80653,2,Transit,2020,0.71957300000,0.0166100000,1.61300000,5.72000000,109.86000000,140.3390845,14.3678691,G2,5959.00,1.180000,1.220000
HD 80869 b,HD 80869,1,Radial Velocity,2021,1752.92067000000,2.9050000000,12.80000000,1609.80088146,85.39510000,140.7912931,33.9048294,G5,5837.00,1.060000,1.062000
HD 80883 b,HD 80883,1,Radial Velocity,2022,6383.78352000000,6.4620000000,12.80000000,1748.05623850,34.60110000,139.9331831,-59.4780815,,5177.91,0.880000,0.814842
HD 80913 b,HD 80913,1,Radial Velocity,2022,10839.83341000000,9.9500000000,12.00000000,7505.20000290,61.36030000,138.1021548,-81.7684510,,6013.24,1.110000,1.654200
HD 81040 b,HD 81040,1,Radial Velocity,2005,1002.70000000000,1.9460000000,12.60000000,2301.07766668,34.43410000,140.9455027,20.3646078,G2/G3,5755.00,0.990000,0.910000
HD 81688 b,HD 81688,1,Radial Velocity,2007,183.93000000000,0.6480000000,13.50000000,525.68818518,85.71830000,142.1665753,45.6009241,K0 III-IV,4797.00,1.070000,11.130000
HD 81817 b,HD 81817,2,Radial Velocity,2020,1021.20159000000,3.2330000000,12.00000000,7668.56380410,269.12600000,144.2715659,81.3263096,K3 III,4140.00,4.300000,83.800000
HD 81817 c,HD 81817,2,Radial Velocity,2022,622.97802000000,2.3250000000,12.00000000,7185.78245386,269.12600000,144.2715659,81.3263096,K3 III,4140.00,4.300000,83.800000
HD 82886 b,HD 82886,1,Radial Velocity,2011,705.00000000000,1.5800000000,13.30000000,740.54390000,127.06100000,143.9383526,34.7805902,G0,4953.00,2.530000,5.260000
HD 82943 b,HD 82943,2,Radial Velocity,2003,441.47000000000,1.1830600000,13.50000000,534.25000000,27.59020000,143.7114034,-12.1302976,G2/3V,5935.00,1.080000,1.182600
HD 82943 c,HD 82943,2,Radial Velocity,2003,220.07800000000,0.7434500000,13.40000000,622.60300000,27.59020000,143.7114034,-12.1302976,G2/3V,5935.00,1.080000,1.182600
HD 8326 b,HD 8326,1,Radial Velocity,2019,158.99100000000,0.5330000000,9.58000000,66.60000000,30.68620000,20.5314418,-26.8940678,K2 V,4914.00,0.800000,0.783181
HD 83443 b,HD 83443,2,Radial Velocity,2002,2.98562800000,0.0406000000,14.10000000,127.76701961,40.89910000,144.2994103,-43.2727210,K0 V,5442.00,1.000000,0.940000
HD 83443 c,HD 83443,2,Radial Velocity,2022,8241.00000000000,8.0000000000,13.60000000,476.74261050,40.89910000,144.2994103,-43.2727210,K0 V,5442.00,1.000000,0.940000
HD 8535 b,HD 8535,1,Radial Velocity,2010,1313.00000000000,2.4500000000,14.00000000,216.12440000,55.44010000,20.9054804,-41.2701007,G0 V,6136.00,1.130000,1.190000
HD 85390 b,HD 85390,1,Radial Velocity,2011,799.52000000000,1.3730000000,6.16000000,31.46517000,33.52250000,147.5105663,-49.7905254,K1.5 V,5186.00,0.758000,0.800000
HD 85426 c,TOI-1774,2,Radial Velocity,2026,35.73000000000,,3.19000000,10.30000000,53.97400000,148.1619305,35.1110080,,5746.00,0.991000,1.130300
HD 8574 b,HD 8574,1,Radial Velocity,2002,227.00000000000,0.7600000000,13.40000000,645.19490000,44.82640000,21.3033807,28.5660169,F8,6064.00,1.340000,1.380000
HD 86065 b,HD 86065,1,Radial Velocity,2022,25775.78859000000,15.9470000000,12.50000000,2877.30056857,40.36610000,148.9256674,-18.1069385,,4927.56,0.810000,0.780347
HD 86081 b,HD 86081,1,Radial Velocity,2006,2.13784310000,0.0346000000,13.60000000,470.38840000,103.93600000,149.0243714,-3.8083543,F8,5939.00,1.210000,1.460000
HD 86226 b,HD 86226,2,Radial Velocity,2009,1628.00000000000,2.7300000000,14.30000000,143.02350000,45.68300000,149.1235154,-24.0991859,G1 V,5863.00,1.019000,1.053000
HD 86226 c,HD 86226,2,Transit,2020,3.98442000000,0.0490000000,2.16000000,7.25000000,45.68300000,149.1235154,-24.0991859,G1 V,5863.00,1.019000,1.053000
HD 86264 b,HD 86264,1,Radial Velocity,2009,1488.79123000000,2.7630000000,12.50000000,3117.26101586,67.81070000,149.2409308,-15.8953993,F7 V,6210.00,1.260000,1.880000
HD 86728 b,HD 86728,1,Radial Velocity,2025,31.15150000000,0.1916000000,3.03000000,9.43000000,14.92020000,150.2500540,31.9218216,G1V,5610.00,0.967000,1.237000
HD 8673 b,HD 8673,1,Radial Velocity,2009,1644.69097000000,2.9700000000,12.30000000,4210.59073594,37.86190000,21.5378455,34.5793389,F5,6389.05,1.280000,1.502250
HD 86950 b,HD 86950,1,Radial Velocity,2016,1270.00000000000,2.7200000000,13.00000000,1144.18800000,209.83900000,150.4066612,-17.3330699,K1 III,4805.00,1.660000,8.800000
HD 87646 b,HD 87646,1,Radial Velocity,2016,13.48100000000,0.1170000000,12.40000000,3941.09200000,73.58352000,151.6695435,17.8949795,G,5770.00,1.120000,1.550000
HD 87816 b,HD 87816,2,Radial Velocity,2025,484.17000000000,1.6180000000,12.70000000,2142.16346318,133.23300000,151.5296524,-52.1878679,K0 III,4989.00,2.410000,9.000000
HD 87816 c,HD 87816,2,Radial Velocity,2025,7596.00000000000,10.1400000000,12.40000000,3877.50656540,133.23300000,151.5296524,-52.1878679,K0 III,4989.00,2.410000,9.000000
HD 87883 b,HD 87883,1,Radial Velocity,2009,3006.00000000000,3.7700000000,12.70000000,2005.49724817,18.29120000,152.1794175,34.2419984,K0,4980.00,0.800000,0.798557
HD 88072 b,HD 88072,1,Radial Velocity,2022,18538.79293000000,13.8950000000,12.60000000,2511.79790052,35.90980000,152.3467466,2.3710540,,5785.33,1.040000,1.032000
HD 88133 b,HD 88133,1,Radial Velocity,2004,3.41488400000,0.0479000000,13.80000000,324.18660000,73.61230000,152.5319349,18.1857284,G5,5392.00,1.260000,2.200000
HD 88986 b,HD 88986,1,Radial Velocity,2023,146.05000000000,0.5800000000,2.49000000,17.20000000,33.26730000,154.1166869,28.6820708,G2 V,5861.00,1.250000,1.543000
HD 89307 b,HD 89307,1,Radial Velocity,2009,2166.00000000000,3.2700000000,13.40000000,642.01338214,32.01040000,154.5874958,12.6209392,G0 V,5955.00,1.270000,1.100000
HD 89345 b,HD 89345,1,Transit,2018,11.81430000000,0.1066000000,7.39794000,34.96130000,132.34500000,154.6710977,10.1288464,G5,5576.00,1.157000,1.747000
HD 89744 b,HD 89744,1,Radial Velocity,1999,256.78000000000,0.9170000000,12.60000000,2653.88050000,38.63640000,155.5433193,41.2289354,F7 V,6291.00,1.860000,2.132570
HD 89839 b,HD 89839,1,Radial Velocity,2023,3391.20000000000,4.7130000000,12.80000000,1748.05623850,57.30630000,155.1688790,-53.6640291,F7 V,6314.00,1.210000,1.285880
HD 90156 b,HD 90156,1,Radial Velocity,2011,49.77000000000,0.2500000000,4.43000000,17.98000000,21.94960000,155.9801144,-29.6451030,G5V,5599.00,0.840000,0.920286
HD 9174 b,HD 9174,1,Radial Velocity,2016,1179.00000000000,2.2000000000,13.70000000,352.79130000,81.48930000,22.5043352,-19.6052945,G8 IV,5577.00,1.030000,1.670000
HD 92788 b,HD 92788,2,Radial Velocity,2000,325.80300000000,0.9700000000,13.00000000,1195.04080000,34.65380000,160.7021351,-2.1847173,G6 V,5744.00,1.150000,1.140000
HD 92788 c,HD 92788,2,Radial Velocity,2019,11611.29750000000,10.5000000000,13.00000000,1166.43610000,34.65380000,160.7021351,-2.1847173,G6 V,5744.00,1.150000,1.140000
HD 93083 b,HD 93083,2,Radial Velocity,2005,144.72000000000,0.5080000000,14.30000000,143.34061156,28.51590000,161.0866672,-33.5776794,K2 IV-V,5033.80,0.836000,0.837000
HD 93351 b,HD 93351,2,Radial Velocity,2022,2.45946000000,0.0350000000,1.69000000,3.49611248,56.16300000,161.6779279,-1.6885763,,5408.00,0.940000,0.911435
HD 93351 c,HD 93351,2,Radial Velocity,2022,14010.29410000000,11.1540000000,12.30000000,4154.01727949,56.16300000,161.6779279,-1.6885763,,5408.00,0.940000,0.911435
HD 93385 b,HD 93385,3,Radial Velocity,2021,7.34260000000,0.0756000000,1.88000000,4.20000000,43.34750000,161.5627065,-41.4646040,G2/G3 V,5977.00,1.040000,1.184840
HD 93385 c,HD 93385,3,Radial Velocity,2021,13.18000000000,0.1120000000,2.56000000,7.10000000,43.34750000,161.5627065,-41.4646040,G2/G3 V,5977.00,1.040000,1.184840
HD 93385 d,HD 93385,3,Radial Velocity,2021,45.85000000000,0.2565000000,2.89000000,8.70000000,43.34750000,161.5627065,-41.4646040,G2/G3 V,5977.00,1.040000,1.184840
HD 93963 A b,HD 93963 A,2,Transit,2022,1.03761090000,0.0206100000,1.46954368,2.80000000,82.34320000,162.7766969,25.6410650,G0 V,5908.00,1.084400,1.031100
HD 93963 A c,HD 93963 A,2,Transit,2022,3.64513890000,0.0472600000,3.11976057,18.40000000,82.34320000,162.7766969,25.6410650,G0 V,5908.00,1.084400,1.031100
HD 9446 b,HD 9446,2,Radial Velocity,2009,30.05200000000,0.1890000000,14.00000000,222.47200000,50.35030000,23.3350424,29.2649187,G5 V,5793.00,1.000000,1.000000
HD 9446 c,HD 9446,2,Radial Velocity,2009,192.90000000000,0.6540000000,13.40000000,578.42600000,50.35030000,23.3350424,29.2649187,G5 V,5793.00,1.000000,1.000000
HD 94771 b,HD 94771,1,Radial Velocity,2023,2164.00000000000,3.4800000000,14.20000000,169.00000000,57.78070000,163.9746776,-35.1145225,G3/G5 V,5631.00,1.200000,1.903000
HD 94834 b,HD 94834,1,Radial Velocity,2018,1576.00000000000,2.7400000000,13.70000000,400.46580000,98.16090000,164.3126363,24.1429374,K0,4798.00,1.110000,4.200000
HD 94890 b,HD 94890,2,Radial Velocity,2025,824.61000000000,2.0700000000,13.30000000,676.97450691,61.70120000,164.1797804,-37.1383035,K0 III,4867.00,1.740000,10.710000
HD 94890 c,HD 94890,2,Radial Velocity,2025,2492.19000000000,4.3300000000,12.50000000,2831.85110637,61.70120000,164.1797804,-37.1383035,K0 III,4867.00,1.740000,10.710000
HD 95086 b,HD 95086,1,Imaging,2013,,55.7000000000,12.90000000,1589.00000000,86.22790000,164.2621032,-68.6672917,A8 III,7595.00,1.600000,1.486670
HD 95089 b,HD 95089,2,Radial Velocity,2009,464.40000000000,1.3600000000,13.70000000,400.46580000,136.95700000,164.6987480,1.7290087,G8/K0 IV,4918.00,1.540000,5.080000
HD 95089 c,HD 95089,2,Radial Velocity,2016,1785.00000000000,3.3300000000,13.10000000,1096.51350000,136.95700000,164.6987480,1.7290087,G8/K0 IV,4918.00,1.540000,5.080000
HD 95127 b,HD 95127,1,Radial Velocity,2015,482.00000000000,1.2800000000,12.40000000,3378.53290000,676.57900000,164.8961152,43.8144094,K0,4218.00,3.700000,41.010000
HD 95338 b,HD 95338,1,Radial Velocity,2020,55.08269400000,0.2620000000,4.27174254,42.90000000,36.99410000,164.8563364,-56.6235564,K0.5 V,5097.00,0.848000,0.868000
HD 95544 b,HD 95544,1,Radial Velocity,2021,2041.54152000000,3.1660000000,12.80000000,1913.64483855,87.80490000,166.3231784,81.0389868,G0,5722.00,1.010000,1.088000
HD 95735 c,GJ 411,2,Radial Velocity,2021,2946.00000000000,2.9400000000,3.76000000,13.60000000,5.67577300,165.8344710,35.9723170,M1.5 V,3719.00,0.389900,0.368500
HD 95872 b,HD 95872,1,Radial Velocity,2015,4375.00000000000,5.1500000000,13.00000000,1188.68420000,72.21950000,165.8658796,-22.0943303,K0 V,5312.00,0.700000,0.840000
HD 96063 b,HD 96063,1,Radial Velocity,2011,362.50000000000,1.1100000000,13.70000000,403.64410000,140.06500000,166.1853484,-2.5132966,G6 V,5020.00,1.370000,4.750000
HD 96127 b,HD 96127,1,Radial Velocity,2011,638.90000000000,1.4100000000,13.00000000,1207.74794660,587.65900000,166.4415020,44.3015500,K2 III,3943.00,0.910000,35.000000
HD 96167 b,HD 96167,1,Radial Velocity,2009,498.04000000000,1.3320000000,14.00000000,227.88411000,85.30060000,166.3125657,-10.2913450,G5,5733.00,1.270000,1.940000
HD 96700 b,HD 96700,3,Radial Velocity,2021,8.12450000000,0.0777000000,2.93000000,8.90000000,25.41110000,166.9742616,-30.1751383,G0 V,5845.00,0.890000,1.160000
HD 96700 c,HD 96700,3,Radial Velocity,2021,19.88000000000,0.1410000000,1.69000000,3.50000000,25.41110000,166.9742616,-30.1751383,G0 V,5845.00,0.890000,1.160000
HD 96700 d,HD 96700,3,Radial Velocity,2021,103.50000000000,0.4240000000,3.61000000,12.70000000,25.41110000,166.9742616,-30.1751383,G0 V,5845.00,0.890000,1.160000
HD 96992 b,HD 96992,1,Radial Velocity,2021,514.00000000000,1.2400000000,13.70000000,362.32620000,396.08200000,167.5966158,43.9189897,K0,4725.00,0.960000,7.430000
HD 97037 b,HD 97037,1,Radial Velocity,2022,6449.08337000000,6.9250000000,12.10000000,6707.76852973,32.41300000,167.5545621,-7.3901483,,5874.10,1.060000,1.263560
HD 97048 b,HD 97048,1,Disk Kinematics,2019,,130.0000000000,13.30000000,794.57500000,183.85700000,167.0133422,-77.6548530,Be9.5/AO,10000.00,2.400000,2.250000
HD 97658 b,HD 97658,1,Radial Velocity,2010,9.48971160000,0.0805000000,2.12000000,8.30000000,21.56180000,168.6376584,25.7105962,K1 V,5212.00,0.850000,0.728000
HD 98219 b,HD 98219,1,Radial Velocity,2011,433.80000000000,1.2600000000,13.40000000,624.21812000,113.70400000,169.4475218,-23.9754880,K0 III/IV,4925.00,1.410000,4.600000
HD 98649 b,HD 98649,1,Radial Velocity,2012,5384.00000000000,5.9700000000,12.50000000,3082.93554790,42.17270000,170.2147665,-23.2181063,G3/G5 V,5759.00,0.970000,1.010000
HD 98736 b,HD 98736,1,Radial Velocity,2018,968.80000000000,1.8640000000,13.30000000,740.54390000,32.44590000,170.4549045,18.1896082,G5,5271.00,0.920000,0.930000
HD 99109 b,HD 99109,1,Radial Velocity,2005,439.29999000000,1.1100000000,14.30000000,139.84520000,54.79010000,171.0715576,-1.5297610,G8/K0 IV,5282.00,0.760000,0.980000
HD 99283 b,HD 99283,1,Radial Velocity,2021,310.40000000000,1.0800000000,13.80000000,308.29355479,111.09300000,171.4874082,55.8506653,K0 III,4886.00,1.760000,11.210000
HD 99492 b,HD 99492,2,Radial Velocity,2004,17.05030000000,0.1200000000,5.44000000,25.50000000,18.20380000,171.6896870,3.0071331,K2 V,4929.00,0.850000,0.822539
HD 99492 c,HD 99492,2,Radial Velocity,2023,95.23300000000,,4.42000000,17.90000000,18.20380000,171.6896870,3.0071331,K2 V,4929.00,0.850000,0.822539
HD 99706 b,HD 99706,2,Radial Velocity,2011,841.00000000000,1.9800000000,13.70000000,390.93090000,146.60000000,172.1261621,43.9662025,K0,4862.00,1.460000,5.520000
HD 99706 c,HD 99706,2,Radial Velocity,2016,1278.00000000000,,12.80000000,1808.45270000,146.60000000,172.1261621,43.9662025,K0,4891.00,1.720000,5.400000
HIP 10090 b,HIP 10090,2,Radial Velocity,2026,2960.00000000000,3.8700000000,13.00000000,1229.99593509,82.39370000,32.4351198,-30.7470844,K0,5661.00,0.940000,1.382680
HIP 10090 c,HIP 10090,2,Radial Velocity,2026,321.82000000000,0.9000000000,13.90000000,270.15414595,82.39370000,32.4351198,-30.7470844,K0,5661.00,0.940000,1.382680
HIP 105854 b,HIP 105854,1,Radial Velocity,2014,184.20000000000,0.8100000000,12.60000000,2606.10000000,78.63810000,321.5962275,-37.8294782,K2 III,4780.00,2.100000,10.305119
HIP 107772 b,HIP 107772,1,Radial Velocity,2020,55.19900000000,0.2430000000,3.64000000,12.90000000,23.64340000,327.4977057,-41.2440371,M0 V,4006.00,0.630000,0.513922
HIP 107773 b,HIP 107773,1,Radial Velocity,2015,144.30000000000,0.7200000000,13.40000000,629.30340000,105.18000000,327.5005089,-64.7126993,K1 III,4945.00,2.420000,11.600000
HIP 109384 b,HIP 109384,1,Radial Velocity,2016,499.48000000000,1.1340000000,13.50000000,495.81480000,58.95820000,332.4089720,71.3139560,G5,5180.00,0.780000,0.831075
HIP 109600 b,HIP 109600,1,Radial Velocity,2016,232.08000000000,0.7060000000,13.20000000,851.78440000,66.33610000,333.0270790,29.0662082,G5,5530.00,0.870000,0.971958
HIP 111909 b,HIP 111909,2,Radial Velocity,2025,487.08000000000,1.3200000000,13.70000000,384.57237247,88.07700000,340.0304354,-49.5985391,K1 III,4891.00,1.280000,4.530000
HIP 111909 c,HIP 111909,2,Radial Velocity,2025,893.63000000000,1.9700000000,13.90000000,257.44100967,88.07700000,340.0304354,-49.5985391,K1 III,4891.00,1.280000,4.530000
HIP 113103 b,HIP 113103,2,Transit,2023,7.61030300000,0.0689900000,1.82900000,4.00000000,46.21220000,343.5723794,-43.0102291,,4930.00,0.761000,0.742000
HIP 113103 c,HIP 113103,2,Transit,2023,14.24564800000,0.1047900000,2.40000000,6.35000000,46.21220000,343.5723794,-43.0102291,,4930.00,0.761000,0.742000
HIP 114933 b,HIP 114933,1,Radial Velocity,2021,1481.60000000000,2.8400000000,13.40000000,616.58710958,101.76600000,349.2071949,-21.2033101,K0 III,4823.00,1.390000,5.270000
HIP 116454 b,HIP 116454,1,Transit,2014,9.10041570000,0.0792000000,2.46900000,9.70000000,62.44910000,353.9543517,0.4447043,K1,5048.00,0.800000,0.758000
HIP 12961 b,HIP 12961,1,Radial Velocity,2010,57.43500000000,0.2500000000,13.20000000,114.41880000,23.37100000,41.6800749,-23.0860048,M0,3901.00,0.690000,0.650000
HIP 14810 b,HIP 14810,3,Radial Velocity,2005,6.67389200000,0.0696000000,13.00000000,1239.53700000,50.48000000,47.8092750,21.0971302,G5,5544.00,1.010000,1.070000
HIP 14810 c,HIP 14810,3,Radial Velocity,2006,147.74700000000,0.5490000000,13.60000000,416.35730000,50.48000000,47.8092750,21.0971302,G5,5544.00,1.010000,1.070000
HIP 14810 d,HIP 14810,3,Radial Velocity,2009,981.80000000000,1.9400000000,14.10000000,187.51970000,50.48000000,47.8092750,21.0971302,G5,5544.00,1.010000,1.070000
HIP 18606 b,HIP 18606,1,Radial Velocity,2025,674.94000000000,1.6100000000,14.00000000,244.72787339,47.02880000,59.7181058,-5.4706979,K0/1 III,4860.00,1.210000,4.830000
HIP 19976 b,HIP 19976,1,Radial Velocity,2022,50.65905000000,0.2340000000,4.94000000,21.61233168,40.27070000,64.2597881,-40.7985198,,4316.00,0.670000,0.772319
HIP 21152 b,HIP 21152,1,Imaging,2022,22000.00000000000,17.0000000000,12.00000000,7627.88176800,43.40730000,68.0205209,5.4100745,F5 V,6655.00,1.400000,1.591860
HIP 29442 c,TOI-469,3,Radial Velocity,2023,3.53795590000,0.0451800000,1.55100000,4.50000000,68.19200000,93.0578446,-14.6493167,,5289.00,0.901000,0.980000
HIP 29442 d,TOI-469,3,Radial Velocity,2023,6.42957500000,0.0673000000,1.53800000,5.14000000,68.19200000,93.0578446,-14.6493167,,5289.00,0.901000,0.980000
HIP 34222 b,HIP 34222,1,Radial Velocity,2021,159.98600000000,0.4920000000,13.90000000,263.79757781,22.83860000,106.4257786,27.4704132,K7 V,4050.00,0.620000,0.618600
HIP 35173 b,HIP 35173,1,Radial Velocity,2019,41.51600000000,0.2170000000,3.61000000,12.70000000,33.15620000,109.0449329,-3.6661273,K2 V,4881.00,0.790000,0.773404
HIP 35965 b,HIP 35965,1,Radial Velocity,2022,26125.56497000000,15.8980000000,12.60000000,2589.98368864,50.16770000,111.2025182,-51.3257507,,4836.00,0.780000,0.697551
HIP 38594 b,HIP 38594,2,Radial Velocity,2020,60.72200000000,0.2560000000,2.77000000,8.10000000,17.78860000,118.5439118,-25.3023073,M0,4086.30,0.610000,0.626646
HIP 38594 c,HIP 38594,2,Radial Velocity,2020,3477.76800000000,3.8050000000,7.94000000,48.40000000,17.78860000,118.5439118,-25.3023073,M0,4086.30,0.610000,0.626646
HIP 39017 b,HIP 39017,1,Imaging,2024,31000.00000000000,22.1000000000,12.00000000,7500.75040520,66.32170000,119.7665756,-4.3326006,A9/F0,7201.00,1.520000,1.519870
HIP 39330 b,HIP 39330,1,Radial Velocity,2026,4650.00000000000,5.0500000000,13.50000000,530.77343969,36.39580000,120.6116831,-46.3353155,G5 V,5748.00,0.960000,1.027860
HIP 41378 b,HIP 41378,6,Transit,2016,15.57209000000,0.1303000000,2.64000000,6.90000000,106.28900000,126.6158279,10.0803708,F6,6290.00,1.220000,1.300000
HIP 41378 c,HIP 41378,6,Transit,2016,31.70591000000,0.2093000000,2.74000000,5.97000000,106.28900000,126.6158279,10.0803708,F6,6290.00,1.220000,1.300000
HIP 41378 d,HIP 41378,6,Transit,2016,278.36180000000,1.1700000000,3.65000000,6.53000000,106.28900000,126.6158279,10.0803708,F6,6290.00,1.220000,1.300000
HIP 41378 e,HIP 41378,6,Transit,2016,393.00000000000,0.6800000000,5.19000000,7.62000000,106.28900000,126.6158279,10.0803708,F6,6290.00,1.220000,1.300000
HIP 41378 f,HIP 41378,6,Transit,2016,542.07970000000,1.3940000000,9.47000000,25.00000000,106.28900000,126.6158279,10.0803708,F6,6290.00,1.220000,1.300000
HIP 41378 g,HIP 41378,6,Radial Velocity,2025,63.19000000000,,2.50000000,6.81000000,106.28900000,126.6158279,10.0803708,F6,6290.00,1.220000,1.300000
HIP 4845 b,HIP 4845,1,Radial Velocity,2020,34.15000000000,0.1760000000,3.89000000,14.40000000,21.09740000,15.5881733,-10.4246208,K7V,4010.00,0.620000,0.603999
HIP 48714 b,HIP 48714,1,Radial Velocity,2020,17.81800000000,0.1120000000,5.11000000,22.90000000,10.52980000,149.0332672,62.7859505,M0.5 Ve,4015.50,0.580000,0.595456
HIP 5158 b,HIP 5158,2,Radial Velocity,2009,345.72000000000,0.8900000000,13.60000000,451.00000000,51.60260000,16.5094891,-22.4536134,,4962.00,0.780000,0.750000
HIP 5158 c,HIP 5158,2,Radial Velocity,2011,9017.76000000000,7.7000000000,12.20000000,4780.16320000,51.60260000,16.5094891,-22.4536134,,4813.00,0.780000,0.754089
HIP 54373 b,HIP 54373,2,Radial Velocity,2019,7.76000000000,0.0630000000,2.87000000,8.62000000,18.71680000,166.8643532,-19.2916857,K5 V,4021.00,0.570000,0.564998
HIP 54373 c,HIP 54373,2,Radial Velocity,2019,15.14400000000,0.0990000000,3.57000000,12.44000000,18.71680000,166.8643532,-19.2916857,K5 V,4021.00,0.570000,0.564998
HIP 54515 b,HIP 54515,1,Imaging,2026,33000.00000000000,24.8000000000,12.20000000,5625.56280390,82.81010000,167.3066308,-1.3332838,A5 V,8100.00,1.900000,1.649150
HIP 54597 b,HIP 54597,1,Radial Velocity,2023,3274.00000000000,4.0000000000,13.30000000,762.78817680,39.74290000,167.6082179,-29.4143018,K5 V,4799.00,0.800000,0.660000
HIP 55507 b,HIP 55507,1,Radial Velocity,2022,5138.43727000000,5.0620000000,12.60000000,2585.53409095,25.48930000,170.5227246,46.9078030,M0,4171.00,0.650000,0.723643
HIP 56640 b,HIP 56640,1,Radial Velocity,2021,2675.57603000000,4.5500000000,12.70000000,2151.69831539,122.32400000,174.2008941,-37.0391349,K1 III,4769.00,1.750000,4.930000
HIP 57274 b,HIP 57274,3,Radial Velocity,2011,8.13520000000,0.0700000000,,3359.44626199,25.86180000,176.1705487,30.9576484,K4 V,4510.00,0.290000,0.780000
HIP 57274 c,HIP 57274,3,Radial Velocity,2011,32.03000000000,0.1780000000,14.20000000,130.00000000,25.86180000,176.1705487,30.9576484,K4 V,4640.00,0.730000,0.680000
HIP 57274 d,HIP 57274,3,Radial Velocity,2011,431.70000000000,1.0100000000,14.20000000,167.40000000,25.86180000,176.1705487,30.9576484,K4 V,4640.00,0.730000,0.680000
HIP 5763 b,HIP 5763,1,Radial Velocity,2021,30.01400000000,0.1700000000,14.20000000,162.09248757,31.90430000,18.4953430,16.4942738,K6 V,4352.00,0.720000,0.750378
HIP 63242 b,HIP 63242,1,Radial Velocity,2013,124.60000000000,0.5650000000,12.50000000,2917.56000000,156.45600000,194.3824825,-65.6463263,G8,4830.00,1.540000,10.275655
HIP 65 A b,HIP 65 A,1,Transit,2020,0.98097340000,0.0178200000,22.75427000,1021.18779000,61.78560000,0.1856063,-54.8308228,K4 V,4590.00,0.781000,0.724200
HIP 65407 b,HIP 65407,2,Radial Velocity,2016,28.12500000000,0.1770000000,14.30000000,136.03124000,61.78040000,201.0876630,48.8847322,K0,5460.00,0.930000,0.952252
HIP 65407 c,HIP 65407,2,Radial Velocity,2016,67.30000000000,0.3160000000,13.90000000,249.17872000,61.78040000,201.0876630,48.8847322,K0,5460.00,0.930000,0.952252
HIP 65426 b,HIP 65426,1,Imaging,2017,,92.0000000000,16.81350000,2860.47000000,108.87500000,201.1501727,-51.5045384,A2 V,8840.00,1.960000,1.770000
HIP 65891 b,HIP 65891,1,Radial Velocity,2015,1089.60000000000,2.8200000000,12.70000000,1938.75328270,150.29200000,202.6050857,-58.6643937,K0 III,5000.00,2.500000,8.930000
HIP 66074 b,HIP 66074,1,Astrometry,2023,310.90000000000,0.7990000000,12.90000000,1589.14203500,35.44380000,203.1635632,75.0071038,,4300.00,0.705000,0.690000
HIP 67522 b,HIP 67522,2,Transit,2020,6.95947310000,0.0748000000,9.98720180,71.40000000,127.28000000,207.5260010,-40.8358961,G1 V,5675.00,1.220000,1.380000
HIP 67522 c,HIP 67522,2,Transit,2024,14.33489200000,0.1228000000,7.93595834,48.30000000,127.28000000,207.5260010,-40.8358961,G1 V,5675.00,1.220000,1.380000
HIP 67537 b,HIP 67537,1,Radial Velocity,2017,2523.64713000000,4.8070000000,12.30000000,4309.11754211,116.04600000,207.5808445,-39.9008996,K1 III,4985.00,2.316000,8.690000
HIP 67851 b,HIP 67851,2,Radial Velocity,2015,89.23000000000,0.4200000000,13.70000000,365.50266805,64.11810000,208.4653640,-35.3146536,K0 III,4840.00,1.280000,5.450000
HIP 67851 c,HIP 67851,2,Radial Velocity,2015,3128.41000000000,4.5500000000,12.70000000,2204.77565936,64.11810000,208.4653640,-35.3146536,K0 III,4840.00,1.280000,5.450000
HIP 70849 b,HIP 70849,1,Radial Velocity,2011,3649.00000000000,3.9900000000,12.90000000,1430.22783150,24.05720000,217.3270762,-46.4646840,K7 V,4105.00,0.650000,0.633112
HIP 71135 b,HIP 71135,1,Radial Velocity,2019,87.19000000000,0.3350000000,4.55000000,18.80000000,32.33110000,218.2158073,-52.6464757,M1,4146.00,0.660000,0.681296
HIP 74890 b,HIP 74890,1,Radial Velocity,2016,822.30000000000,2.1000000000,13.30000000,762.79200000,78.65620000,229.5714974,-41.4210961,K1 III,4850.00,1.740000,5.770000
HIP 75092 b,HIP 75092,1,Radial Velocity,2021,926.40000000000,2.0200000000,13.50000000,568.91284853,81.66960000,230.1724206,-25.9910525,K0 III,4891.00,1.280000,4.530000
HIP 77900 b,HIP 77900,1,Imaging,2024,,3319.0000000000,12.10000000,6674.39654700,150.86200000,238.6253901,-27.3387434,,13646.00,,
HIP 78530 b,HIP 78530,1,Imaging,2010,,740.0000000000,12.00000000,7300.00000000,136.75900000,240.4810052,-21.9804920,B9 V,10500.00,2.500000,2.108760
HIP 79098 AB b,HIP 79098 AB,1,Imaging,2019,,345.0000000000,12.10000000,6515.51500000,145.79800000,242.1821202,-23.6855244,B9 V,9193.75,3.750000,
HIP 79431 b,HIP 79431,1,Radial Velocity,2009,111.70000000000,0.3600000000,13.40000000,667.41500000,14.53240000,243.1742467,-18.8764247,M3 V,3191.00,0.490000,0.478625
HIP 81208 C b,HIP 81208 C,1,Imaging,2023,104100.00000000000,23.0400000000,12.30000000,4703.86042360,147.53300000,248.8075000,-35.7247583,M,,0.135000,
HIP 8152 b,HIP 8152,2,Transit,2023,10.75101400000,0.0930000000,2.53625843,8.90000000,101.69400000,26.2092533,-18.4013844,,5618.00,0.937300,0.960300
HIP 8152 c,HIP 8152,2,Transit,2023,19.60562000000,0.1390000000,2.52442508,10.70000000,101.69400000,26.2092533,-18.4013844,,5618.00,0.937300,0.960300
HIP 8541 b,HIP 8541,2,Radial Velocity,2016,1852.14387000000,3.7290000000,12.60000000,2451.72833160,155.12100000,27.5271962,-54.4651633,K2 III/IV,4672.00,2.009000,6.840000
HIP 86221 b,HIP 86221,1,Radial Velocity,2021,2.22400000000,0.0310000000,14.00000000,225.65816897,29.48980000,264.2948750,27.8963910,K5 V,,0.790000,
HIP 8923 b,HIP 8923,1,Radial Velocity,2026,5160.00000000000,5.9000000000,12.50000000,3171.92750186,65.99570000,28.7250931,-11.5113361,G3 V,5980.00,1.010000,1.321640
HIP 90988 b,HIP 90988,1,Radial Velocity,2021,455.73816000000,1.3600000000,13.40000000,668.07531151,94.03490000,278.3892816,-50.2116920,K1 III,4883.00,1.613000,3.940000
HIP 91258 b,HIP 91258,1,Radial Velocity,2013,5.05050000000,0.0600000000,13.70000000,346.43470000,45.88460000,279.2211173,61.7015065,G5 V,5519.00,0.970000,0.890000
HIP 94235 b,HIP 94235,1,Transit,2022,7.71305700000,0.0787000000,3.00000000,379.00000000,58.51460000,287.7411441,-60.2726358,G V,5991.00,1.094000,1.080000
HIP 948 b,HIP 948,1,Radial Velocity,2022,24955.45756000000,15.0370000000,12.10000000,6547.26518420,34.85230000,2.9276336,-39.2304879,,4497.00,0.710000,0.688488
HIP 9618 b,HIP 9618,2,Transit,2023,20.77285800000,0.1450000000,3.82838127,8.30000000,67.54780000,30.9050061,21.2813274,,5649.00,0.942000,0.959300
HIP 9618 c,HIP 9618,2,Transit,2023,52.56363000000,0.2690000000,3.42855926,7.00000000,67.54780000,30.9050061,21.2813274,,5649.00,0.942000,0.959300
HIP 97166 b,HIP 97166,2,Transit,2021,10.28891400000,0.0910000000,2.48013380,19.10000000,65.95010000,296.2446203,74.0628577,K0 V,5216.00,0.934200,0.841800
HIP 97166 c,HIP 97166,2,Radial Velocity,2021,16.43200000000,0.1240000000,2.75000000,8.00000000,65.95010000,296.2446203,74.0628577,K0 V,5216.00,0.934200,0.841800
HIP 97233 b,HIP 97233,1,Radial Velocity,2014,1062.26506000000,2.4910000000,12.10000000,6098.17364511,102.27500000,296.4221207,-0.6968794,K0/1 III,5020.00,1.810000,5.340000
HIP 98599 b,HIP 98599,1,Radial Velocity,2026,2656.00000000000,3.9600000000,12.70000000,2177.12458795,75.94280000,300.4090608,-22.1110649,F7 V,5978.00,1.190000,1.394840
HIP 99770 b,HIP 99770,1,Imaging,2023,18600.00000000000,15.8000000000,12.20000000,5403.08291900,40.07650000,303.6338344,36.8066046,A5-A6,8000.00,1.900000,1.939860
HN Lib b,HN Lib,1,Radial Velocity,2023,36.11600000000,0.1417000000,2.20000000,5.46000000,6.24442000,218.5684823,-12.5170062,M4.0 V,3347.00,0.291000,0.299000
HN Peg b,HN Peg,1,Imaging,2006,,773.0000000000,11.77680000,6991.57000000,18.11860000,326.1315705,14.7714524,G0 V,6186.00,1.080000,1.006954
HR 2562 b,HR 2562,1,Imaging,2016,,22.2000000000,12.44199000,6992.22495400,34.00710000,102.5042716,-60.2486775,F5 V,6597.00,1.300000,1.334000
HR 5183 b,HR 5183,1,Radial Velocity,2019,27000.00000000000,18.0000000000,13.10000000,1052.01202717,31.46070000,206.7357992,6.3498994,G0 V,5794.00,1.070000,1.530000
HR 810 b,HR 810,1,Radial Velocity,1999,302.79999000000,0.9200000000,12.70000000,1970.53612340,17.31810000,40.6417178,-50.7993484,G0V,6167.00,1.340000,1.130000
HR 858 b,HR 858,3,Transit,2019,3.58528700000,0.0488800000,2.00400000,3.55000000,31.96400000,42.9849779,-30.8140609,F6 V,6354.00,1.204000,1.258000
HR 858 c,HR 858,3,Transit,2019,5.97386500000,0.0687000000,1.97900000,3.80000000,31.96400000,42.9849779,-30.8140609,F6 V,6354.00,1.204000,1.258000
HR 858 d,HR 858,3,Transit,2019,11.23051100000,0.1046000000,2.00100000,7.10000000,31.96400000,42.9849779,-30.8140609,F6 V,6354.00,1.204000,1.258000
HR 8799 b,HR 8799,4,Imaging,2008,170000.00000000000,68.0000000000,13.00000000,2000.00000000,41.24410000,346.8701486,21.1340376,A5 V,7204.58,1.500000,1.493380
HR 8799 c,HR 8799,4,Imaging,2008,69000.00000000000,38.0000000000,13.00000000,3000.00000000,41.24410000,346.8701486,21.1340376,A5 V,7204.58,1.500000,1.493380
HR 8799 d,HR 8799,4,Imaging,2008,37000.00000000000,24.0000000000,13.00000000,3000.00000000,41.24410000,346.8701486,21.1340376,A5 V,7204.58,1.500000,1.493380
HR 8799 e,HR 8799,4,Imaging,2010,20815.60000000000,16.4000000000,13.11453000,3178.30000000,41.24410000,346.8701486,21.1340376,A5,7400.00,1.510000,1.493380
HS Psc b,HS Psc,1,Radial Velocity,2024,3.98600000000,0.0435000000,13.60000000,464.02947422,37.66040000,24.3473790,26.9528036,K7 V,4203.00,0.690000,0.650000
HU Aqr AB b,HU Aqr,2,Eclipse Timing Variations,2011,2390.00000000000,3.6000000000,12.80000000,1875.19700000,192.19807871,316.9921976,-5.2948694,,5952.00,0.880000,
HU Aqr AB c,HU Aqr,2,Eclipse Timing Variations,2011,4368.00000000000,5.4000000000,12.90000000,1430.23500000,192.19807871,316.9921976,-5.2948694,,5952.00,0.880000,
IC 4651 9122 b,IC 4651 9122,1,Radial Velocity,2018,734.00000000000,2.0380000000,12.70000000,2002.32900000,859.32400000,261.2086139,-49.9489317,,4740.10,2.100000,10.267424
iot Dra b,iot Dra,2,Radial Velocity,2002,510.85440000000,1.4530000000,12.40000000,3756.73177074,31.32832000,231.2323227,58.9661403,K2 III,4504.00,1.540000,11.790000
iot Dra c,iot Dra,2,Radial Velocity,2021,25000.00000000000,19.4000000000,12.20000000,4958.12314920,31.32832000,231.2323227,58.9661403,K2 III,4504.00,1.540000,11.790000
IRAS 04125+2902 b,IRAS 04125+2902,1,Transit,2024,8.83497800000,0.0770000000,10.73820351,80.80000000,159.24400000,63.9283394,29.1665420,,4080.00,0.700000,1.450000
ITG 15 b,ITG 15 A,1,Imaging,2024,,435.0000000000,12.10000000,6674.39654700,136.37000000,69.9370379,26.0312128,,,,
K2-10 b,K2-10,1,Transit,2015,19.30553000000,0.1370000000,3.77300000,25.20000000,272.36000000,172.1216476,1.6906217,F9,5533.00,0.880000,0.956000
K2-100 b,K2-100,1,Transit,2016,1.67390350000,0.0301000000,3.88000000,21.80000000,188.95900000,129.6010863,20.1060074,G0 V,5945.00,1.150000,1.240000
K2-101 b,K2-101,1,Transit,2016,14.67624290000,0.1124000000,2.00000000,4.66000000,188.33000000,130.3439097,18.9338205,K3,4927.00,0.820000,0.760000
K2-102 b,K2-102,1,Transit,2016,9.91561500000,,1.30000000,2.24000000,188.17500000,130.0558953,19.7787519,K5,4695.00,0.770000,0.710000
K2-104 b,K2-104,1,Transit,2016,1.97419540000,0.0242000000,1.79000000,3.86000000,189.28900000,129.6366594,19.7737202,M2.5e,3712.00,0.510000,0.480000
K2-105 b,K2-105,1,Transit,2017,8.26726000000,0.0796000000,3.40000000,15.40000000,197.98900000,125.4202985,13.4975122,K1,5373.00,0.940000,0.905000
K2-107 b,K2-107,1,Transit,2017,3.31395900000,0.0475000000,15.98000000,266.97720000,685.20000000,284.9853550,-22.2934206,F9 IV,6061.00,1.300000,1.810000
K2-108 b,K2-108,1,Transit,2017,4.73399900000,0.0581000000,5.33000000,59.40000000,477.29500000,123.3818484,16.4195160,,5599.00,1.170000,1.760000
K2-11 b,K2-11,1,Transit,2015,39.93767000000,0.2257000000,7.55000000,44.40000000,329.30900000,169.0418328,1.9866832,G8,5433.00,1.350000,5.150000
K2-110 b,K2-110,1,Transit,2017,13.86375000000,0.1020700000,2.59200000,15.90000000,116.47400000,207.3497402,-12.2849182,K3 V,5010.00,0.738000,0.713000
K2-111 b,K2-111,2,Transit,2017,5.35189630000,0.0565000000,1.83700000,5.35000000,200.39400000,59.8903081,21.2985263,G2,5775.00,0.840000,1.250000
K2-111 c,K2-111,2,Radial Velocity,2020,15.67480000000,0.1156500000,3.34000000,11.10000000,200.39400000,59.8903081,21.2985263,G2,5775.00,0.840000,1.250000
K2-113 b,K2-113,1,Transit,2017,5.81768500000,0.0642000000,12.14000000,410.00070000,635.72200000,19.4493823,6.8688469,G,5660.00,1.040000,1.240000
K2-114 b,K2-114,1,Transit,2017,11.39093100000,0.0944000000,10.59248676,638.83509807,475.75800000,127.8829120,11.9222550,,4899.00,0.863000,0.832000
K2-115 b,K2-115,1,Transit,2017,20.27299140000,0.1415000000,11.80305668,321.00669107,413.59100000,126.5535002,12.2818510,G4,5870.00,0.918000,0.855000
K2-116 b,K2-116,1,Transit,2017,4.65541100000,0.0480000000,0.69000000,0.25700000,49.38550000,336.1523363,-11.5793181,,4348.35,0.694512,0.669400
K2-117 b,K2-117,2,Transit,2017,1.29160000000,0.0189000000,2.03000000,4.78000000,101.63200000,133.8557342,10.4692176,M1.0 V,3778.00,0.540000,0.510000
K2-117 c,K2-117,2,Transit,2017,5.44401700000,0.0492000000,2.06000000,4.90000000,101.63200000,133.8557342,10.4692176,M1.0 V,3778.00,0.540000,0.510000
K2-118 b,K2-118,1,Transit,2017,50.92092000000,0.2450000000,2.54000000,6.99000000,321.72200000,132.1268608,15.6558964,,4726.29,0.756446,0.734626
K2-119 b,K2-119,1,Transit,2017,7.72728300000,0.0698000000,2.53000000,6.94000000,365.58100000,132.0098683,16.9017663,,4740.00,0.760000,0.710000
K2-12 b,K2-12,1,Transit,2015,8.28246000000,0.0792000000,2.44000000,5.20000000,326.38100000,173.1919022,2.2446794,F9,5672.00,0.965000,1.117000
K2-121 b,K2-121,1,Transit,2017,5.18573800000,0.0525000000,7.16000000,51.00000000,169.39800000,126.9366624,17.5793267,,4526.00,0.710000,0.675000
K2-122 b,K2-122,1,Transit,2017,2.21930230000,0.0373000000,1.16000000,1.65000000,72.04440000,126.4762179,20.3593384,M0,4009.00,0.630000,0.590000
K2-123 b,K2-123,1,Transit,2017,30.95152400000,0.1649000000,2.76000000,8.05000000,161.55500000,134.4441404,21.4532748,,4035.00,0.620000,0.590000
K2-124 b,K2-124,1,Transit,2017,6.41365100000,0.0490000000,2.90000000,8.75000000,140.38500000,133.6410515,23.1329509,,3570.00,0.390000,0.388000
K2-125 b,K2-125,1,Transit,2017,21.75026400000,0.1210000000,2.18000000,5.39000000,124.15600000,204.1418754,-14.9478195,,3654.47,0.494727,0.402049
K2-126 b,K2-126,1,Transit,2017,7.38565500000,0.0656000000,1.97000000,4.54000000,102.95300000,203.5467021,-13.5769705,,4339.00,0.690000,0.650000
K2-127 b,K2-127,1,Transit,2017,3.58816300000,0.0411000000,8.37000000,52.90000000,709.99900000,207.0782895,-11.5889878,,4575.00,0.720000,0.660000
K2-128 b,K2-128,1,Transit,2017,5.67581900000,0.0560000000,1.42000000,2.60000000,114.63700000,204.4376666,-8.5970858,,4469.51,0.711248,0.777569
K2-129 b,K2-129,1,Transit,2017,8.23949300000,0.0570000000,1.04000000,1.12000000,27.79570000,289.1485491,-25.6463233,,3459.09,0.360031,0.360010
K2-13 b,K2-13,1,Transit,2015,39.91488000000,0.2114000000,1.89000000,4.23000000,342.39400000,170.1554763,2.5027534,G3,5698.00,0.800000,0.780000
K2-130 b,K2-130,1,Transit,2017,2.49412000000,0.0320000000,1.25000000,2.10000000,118.01100000,290.2705419,-19.6908744,,4356.47,0.695630,0.744261
K2-131 b,K2-131,1,Transit,2017,0.36930380000,0.0093600000,1.69000000,7.90000000,152.50900000,182.7514040,-9.7652392,,5120.00,0.803000,0.759500
K2-132 b,K2-132,1,Transit,2017,9.17510000000,0.0916000000,14.57170000,155.73670000,609.81800000,182.1662666,-8.7472172,,4840.00,1.080000,3.850000
K2-133 b,K2-133,4,Transit,2017,3.07133000000,0.0319400000,1.34000000,2.36000000,75.17030000,70.1493775,25.0098135,M1.5 V,3655.00,0.461000,0.455000
K2-133 c,K2-133,4,Transit,2017,4.86784000000,0.0434100000,1.60300000,3.20000000,75.17030000,70.1493775,25.0098135,M1.5 V,3655.00,0.461000,0.455000
K2-133 d,K2-133,4,Transit,2017,11.02454000000,0.0748700000,2.00300000,4.67000000,75.17030000,70.1493775,25.0098135,M1.5 V,3655.00,0.461000,0.455000
K2-133 e,K2-133,4,Transit,2019,26.58410000000,0.1346000000,1.73000000,3.64000000,75.17030000,70.1493775,25.0098135,M1.5 V,3655.00,0.461000,0.455000
K2-136 b,K2-136,3,Transit,2017,7.97525000000,0.0707000000,1.01400000,4.30000000,59.24740000,67.4128615,22.8825674,K5.5,4500.00,0.742000,0.677000
K2-136 c,K2-136,3,Transit,2017,17.30723000000,0.1185000000,3.00000000,18.10000000,59.24740000,67.4128615,22.8825674,K5 V,4500.00,0.742000,0.677000
K2-136 d,K2-136,3,Transit,2017,25.57500000000,0.1538000000,1.56500000,3.00000000,59.24740000,67.4128615,22.8825674,K5.5,4500.00,0.742000,0.677000
K2-137 b,K2-137,1,Transit,2017,0.17971900000,0.0058000000,0.64000000,158.91500000,98.87650000,186.8704260,-6.1952168,M3 V,3697.00,0.463000,0.290000
K2-138 b,K2-138,6,Transit,2017,2.35309000000,0.0338500000,1.51000000,3.10000000,202.58500000,348.9490311,-10.8497391,G8 V,5356.30,0.935000,0.863000
K2-138 c,K2-138,6,Transit,2017,3.56004000000,0.0446100000,2.29900000,6.31000000,202.58500000,348.9490311,-10.8497391,G8 V,5356.30,0.935000,0.863000
K2-138 d,K2-138,6,Transit,2017,5.40479000000,0.0589300000,2.39000000,7.92000000,202.58500000,348.9490311,-10.8497391,G8 V,5356.30,0.935000,0.863000
K2-138 e,K2-138,6,Transit,2017,8.26146000000,0.0782000000,3.39000000,12.97000000,202.58500000,348.9490311,-10.8497391,G8 V,5356.30,0.935000,0.863000
K2-138 f,K2-138,6,Transit,2017,12.75758000000,0.1044700000,2.90400000,1.63000000,202.58500000,348.9490311,-10.8497391,G8 V,5356.30,0.935000,0.863000
K2-138 g,K2-138,6,Transit,2021,41.96797000000,0.2310900000,3.01300000,4.32000000,202.58500000,348.9490311,-10.8497391,G8 V,5356.30,0.935000,0.863000
K2-139 b,K2-139,1,Transit,2017,28.38061900000,0.1796000000,9.11000000,123.00021000,153.85600000,289.0667070,-17.9107147,K0 V,5370.00,0.960000,0.880000
K2-14 b,K2-14,1,Transit,2015,8.36802000000,0.0627000000,4.81000000,20.70000000,364.04800000,178.0568745,2.5941222,M0,3789.00,0.470000,0.450000
K2-140 b,K2-140,1,Transit,2017,6.56918800000,0.0680000000,13.56286665,295.58041851,347.91700000,188.1373172,-9.6076115,G6 V,5585.00,0.960000,1.060000
K2-141 b,K2-141,2,Transit,2018,0.28032440000,0.0074700000,1.51000000,4.97000000,61.87360000,350.9170464,-1.1891827,K7 V,4570.00,0.708000,0.681000
K2-141 c,K2-141,2,Transit,2018,7.74850000000,0.0683000000,7.00000000,8.00000000,61.87360000,350.9170464,-1.1891827,K7 V,4570.00,0.708000,0.681000
K2-146 b,K2-146,2,Transit,2018,2.64460000000,0.0248000000,2.05000000,5.77000000,79.30020000,130.0266951,19.0923416,M3.0 V,3385.00,0.331000,0.330000
K2-146 c,K2-146,2,Transit,2019,4.00498000000,0.0327000000,2.19000000,7.49000000,79.30020000,130.0266951,19.0923416,M3.0 V,3385.00,0.331000,0.330000
K2-147 b,K2-147,1,Transit,2018,0.96193900000,0.0157500000,1.47286006,2.77000000,90.54940000,293.8330329,-28.4984750,,3690.00,0.563000,0.578000
K2-148 b,K2-148,3,Transit,2018,4.38395000000,0.0454000000,1.33000000,2.33000000,124.45800000,14.5176494,-0.1932580,,4079.00,0.650000,0.632000
K2-148 c,K2-148,3,Transit,2018,6.92260000000,0.0616000000,1.73000000,3.64000000,124.45800000,14.5176494,-0.1932580,,4079.00,0.650000,0.632000
K2-148 d,K2-148,3,Transit,2018,9.75790000000,0.0774000000,1.64000000,3.33000000,124.45800000,14.5176494,-0.1932580,,4079.00,0.650000,0.632000
K2-149 b,K2-149,1,Transit,2018,11.33200000000,0.0830000000,1.64000000,3.33000000,123.67600000,9.8217519,7.2769939,M1.0 V,3745.00,0.595000,0.568000
K2-15 b,K2-15,1,Transit,2015,11.81040000000,0.0910000000,2.48000000,6.71000000,493.99200000,178.1105741,4.2546649,G8,5131.00,0.720000,0.680000
K2-150 b,K2-150,1,Transit,2018,10.59357000000,0.0727000000,2.00000000,4.66000000,102.48300000,18.3443908,8.9874328,M2.5 V,3499.00,0.457000,0.436000
K2-151 b,K2-151,1,Transit,2018,3.83547600000,0.0373000000,1.49000000,2.83000000,69.47980000,19.3047733,9.5012663,M1.5 V,3695.00,0.470000,0.450000
K2-152 b,K2-152,1,Transit,2018,32.64790000000,0.1716000000,2.29000000,5.86000000,108.44900000,181.6324078,-5.8274311,M0.0 V,4044.00,0.630000,0.610000
K2-153 b,K2-153,1,Transit,2018,7.51574000000,0.0614000000,2.00000000,4.66000000,143.12500000,183.8088709,2.0208765,M3.0 V,3845.00,0.550000,0.530000
K2-154 b,K2-154,2,Transit,2018,3.67626000000,0.0405000000,1.99000000,4.62000000,129.35600000,189.0015173,-2.6696217,M0.0 V,4097.00,0.650000,0.630000
K2-154 c,K2-154,2,Transit,2018,7.95486000000,0.0677000000,2.07000000,4.94000000,129.35600000,189.0015173,-2.6696217,M0.0 V,4097.00,0.650000,0.630000
K2-155 b,K2-155,3,Transit,2018,6.34200000000,0.0562000000,1.80000000,3.89000000,72.79980000,65.4696140,21.3532633,K7,4258.00,0.650000,0.580000
K2-155 c,K2-155,3,Transit,2018,13.85000000000,0.0946000000,2.60000000,7.27000000,72.79980000,65.4696140,21.3532633,K7,4258.00,0.650000,0.580000
K2-155 d,K2-155,3,Transit,2018,40.71800000000,0.1937000000,1.90000000,4.27000000,72.79980000,65.4696140,21.3532633,K7,4258.00,0.650000,0.580000
K2-156 b,K2-156,1,Transit,2018,0.81314300000,0.0149000000,1.10000000,1.37000000,150.21000000,182.6996730,-6.2943552,,4460.00,0.660000,0.620000
K2-157 b,K2-157,3,Transit,2018,0.36525750000,0.0096200000,0.93500000,1.14000000,298.37300000,183.7514959,-5.7820178,G9 V,5334.00,0.890000,0.860000
K2-157 c,K2-157,3,Radial Velocity,2025,25.94200000000,0.1650000000,6.08000000,30.80000000,298.37300000,183.7514959,-5.7820178,G9 V,5334.00,0.890000,0.860000
K2-157 d,K2-157,3,Radial Velocity,2025,66.50000000000,0.3090000000,5.16000000,23.30000000,298.37300000,183.7514959,-5.7820178,G9 V,5334.00,0.890000,0.860000
K2-158 b,K2-158,2,Transit,2018,10.06049000000,0.0887000000,2.64000000,7.46000000,197.29900000,179.9397081,-5.7216879,,5503.00,0.920000,0.950000
K2-158 c,K2-158,2,Transit,2018,5.90279000000,0.0622000000,1.28000000,2.18000000,197.29900000,179.9397081,-5.7216879,,5503.00,0.920000,0.950000
K2-159 b,K2-159,1,Transit,2018,12.42205000000,0.1013000000,2.26000000,5.73000000,170.99800000,180.5408896,-3.5809053,,5425.00,0.900000,0.830000
K2-16 b,K2-16,3,Transit,2015,7.61880000000,0.0667000000,2.02000000,4.74000000,334.96700000,175.0972238,4.5574311,K3 V,4742.00,0.680000,0.660000
K2-16 c,K2-16,3,Transit,2015,19.07863000000,0.1229000000,2.54000000,6.99000000,334.96700000,175.0972238,4.5574311,K3 V,4742.00,0.680000,0.660000
K2-160 b,K2-160,1,Transit,2018,3.70587100000,,3.17824034,10.20000000,315.36300000,184.0545174,-3.5530888,,5649.00,0.982829,0.913754
K2-161 b,K2-161,1,Transit,2018,9.28318800000,,6.11721229,31.10000000,916.31900000,183.7938491,-3.4956913,,4972.00,0.986876,2.568173
K2-162 b,K2-162,1,Transit,2018,9.45889000000,0.0795000000,1.44000000,2.67000000,124.43300000,186.0383865,-1.1114790,,4842.00,0.750000,0.690000
K2-163 b,K2-163,1,Transit,2018,6.67311700000,,2.46610713,6.65000000,208.52900000,182.3292517,-0.5393421,,4937.00,0.826112,0.762201
K2-164 b,K2-164,1,Transit,2018,17.35506600000,,3.24925008,10.60000000,375.67000000,171.9336590,-0.0628488,,5791.00,1.180894,2.196069
K2-165 b,K2-165,3,Transit,2018,2.35499200000,,1.27443657,2.17000000,134.59100000,184.9004881,0.9683270,,5185.00,0.834847,0.803827
K2-165 c,K2-165,3,Transit,2018,4.38274500000,,1.55409035,3.03000000,134.59100000,184.9004881,0.9683270,,5185.00,0.834847,0.803827
K2-165 d,K2-165,3,Transit,2018,14.10136100000,,2.64809498,7.50000000,134.59100000,184.9004881,0.9683270,,5185.00,0.834847,0.803827
K2-166 b,K2-166,2,Transit,2018,8.52695000000,0.0858000000,2.19000000,5.43000000,476.88200000,185.1880932,2.2823788,,5960.00,1.160000,1.610000
K2-167 b,K2-167,1,Transit,2018,9.97854100000,0.0932000000,2.36509493,6.50000000,80.89940000,336.5761233,-18.0116650,F7 V,6310.00,1.084000,1.499000
K2-168 b,K2-168,2,Transit,2018,15.85230000000,,1.86000000,4.12000000,243.93500000,333.1100738,-16.3418863,,5502.70,0.877000,0.830000
K2-169 b,K2-169,1,Transit,2018,6.38080300000,,1.27328671,2.16000000,235.86700000,337.0442461,-14.5993376,,5548.00,0.986144,0.919053
K2-17 b,K2-17,1,Transit,2015,17.96753000000,0.1190000000,2.23000000,5.60000000,125.10600000,178.3296746,6.4123178,K7,4320.00,0.710000,0.660000
K2-170 b,K2-170,2,Transit,2018,7.57654400000,,1.41817537,2.60000000,392.87200000,335.4506923,-14.5933554,,5748.00,0.963657,0.981614
K2-170 c,K2-170,2,Transit,2018,12.40004700000,,1.80176470,3.90000000,392.87200000,335.4506923,-14.5933554,,5748.00,0.963657,0.981614
K2-171 b,K2-171,1,Transit,2018,5.62846600000,,2.68657205,7.69000000,606.12800000,332.3407712,-13.4288624,,5250.00,0.891587,1.717458
K2-172 b,K2-172,2,Transit,2018,14.31694100000,,1.66608079,3.42000000,249.74200000,335.3081368,-12.5569819,,5569.00,0.934356,0.868889
K2-172 c,K2-172,2,Transit,2018,29.62682000000,,3.20569097,10.40000000,249.74200000,335.3081368,-12.5569819,,5569.00,0.934356,0.868889
K2-173 b,K2-173,1,Transit,2018,5.86869900000,,1.60826194,3.22000000,228.64100000,60.3752402,15.6251296,,5580.00,0.881538,0.843154
K2-174 b,K2-174,1,Transit,2018,19.56230700000,0.1260000000,2.60000000,7.27000000,99.92930000,60.7929729,16.3471660,,4455.00,0.700000,0.676000
K2-175 b,K2-175,1,Transit,2018,9.52598800000,,2.03803688,4.81000000,247.26600000,52.5035514,17.5841081,,5909.00,1.094693,1.420038
K2-176 b,K2-176,1,Transit,2018,5.32943900000,,1.49090097,2.83000000,247.30200000,58.2691796,17.9069486,,5428.00,0.938545,0.864160
K2-177 b,K2-177,1,Transit,2018,14.15518500000,,2.11620480,5.13000000,492.16700000,55.2296156,20.7360891,,6063.00,1.210525,1.213565
K2-178 b,K2-178,1,Transit,2018,8.74781800000,,3.55790985,12.40000000,214.75300000,52.8888524,22.4348186,,5525.00,0.951090,0.887267
K2-179 b,K2-179,1,Transit,2018,5.17219100000,,2.51267885,6.86000000,190.81000000,58.7967878,23.7567524,,5015.00,0.824345,0.768067
K2-18 b,K2-18,2,Transit,2015,32.93962300000,0.1429000000,2.37000000,8.92000000,38.02660000,172.5601410,7.5878315,M2.5 V,3457.00,0.359000,0.411000
K2-18 c,K2-18,2,Radial Velocity,2017,8.96200000000,0.0600000000,2.65000000,7.51000000,38.02660000,172.5601410,7.5878315,M2.5 V,3457.00,0.359000,0.411000
K2-180 b,K2-180,1,Transit,2018,8.86566300000,0.0756000000,2.46597575,11.41003981,203.89600000,126.4643579,10.2465770,K2 V,5365.00,0.735000,0.719000
K2-181 b,K2-181,1,Transit,2018,6.89410000000,0.0706000000,2.69000000,7.70000000,360.91100000,127.5541103,10.9101444,,5528.00,0.960000,1.060000
K2-182 b,K2-182,1,Transit,2018,4.73696960000,0.0517400000,2.71257333,20.97667486,154.83000000,130.1800460,10.9829509,,5128.00,0.823000,0.789000
K2-183 b,K2-183,3,Transit,2018,0.46928500000,,1.10000000,1.37000000,329.04100000,125.0071770,14.0194586,,5482.00,0.942219,0.870000
K2-183 c,K2-183,3,Transit,2018,10.78799200000,0.0932000000,2.30000000,5.90000000,329.04100000,125.0071770,14.0194586,,5482.00,0.942219,0.870000
K2-183 d,K2-183,3,Transit,2018,22.62034400000,0.1527000000,2.30000000,5.90000000,329.04100000,125.0071770,14.0194586,,5482.00,0.942219,0.870000
K2-184 b,K2-184,1,Transit,2018,16.97801020000,0.1685000000,1.47000000,2.76000000,75.58570000,129.1405227,14.4618826,,5245.00,0.840000,0.750000
K2-185 b,K2-185,2,Transit,2018,10.61638400000,,1.15000000,1.60000000,268.35700000,130.2596625,14.6902225,,5788.00,0.960000,0.940000
K2-185 c,K2-185,2,Transit,2018,52.71349400000,,2.39000000,6.30000000,268.35700000,130.2596625,14.6902225,,5788.00,0.960000,0.940000
K2-186 b,K2-186,1,Transit,2018,41.47421900000,,3.17207779,10.20000000,330.73900000,135.3350487,18.8252879,,5784.00,1.018617,0.980830
K2-187 b,K2-187,4,Transit,2018,0.77401000000,0.0164000000,1.20000000,1.87000000,330.91600000,132.5235618,23.1924709,,5438.00,0.966999,0.830000
K2-187 c,K2-187,4,Transit,2018,2.87151200000,0.0392000000,1.40000000,2.54000000,330.91600000,132.5235618,23.1924709,,5438.00,0.966999,0.830000
K2-187 d,K2-187,4,Transit,2018,7.14958400000,0.0720000000,2.40000000,6.35000000,330.91600000,132.5235618,23.1924709,,5438.00,0.966999,0.830000
K2-187 e,K2-187,4,Transit,2018,13.60662900000,0.1106000000,1.90000000,4.27000000,330.91600000,132.5235618,23.1924709,,5438.00,0.966999,0.830000
K2-188 b,K2-188,2,Transit,2018,1.74216900000,0.0289000000,1.35000000,2.39000000,446.82100000,129.8137008,23.3574367,,5977.00,1.060000,1.190000
K2-188 c,K2-188,2,Transit,2018,7.81025300000,0.0785000000,2.83000000,8.40000000,446.82100000,129.8137008,23.3574367,,5977.00,1.060000,1.190000
K2-189 b,K2-189,2,Transit,2018,2.58812000000,0.0361000000,1.40300000,2.55000000,242.11300000,203.6214411,-15.0365158,,5442.00,0.850000,0.879000
K2-189 c,K2-189,2,Transit,2018,6.67932000000,0.0680000000,2.31000000,5.95000000,242.11300000,203.6214411,-15.0365158,,5442.00,0.850000,0.879000
K2-19 b,K2-19,3,Transit,2015,7.91930000000,0.0748700000,7.00000000,30.80000000,289.82700000,174.9602543,0.6035960,G9,5322.00,0.880000,0.820000
K2-19 c,K2-19,3,Transit,2015,11.90600000000,0.0982000000,4.10000000,11.00000000,289.82700000,174.9602543,0.6035960,G9,5322.00,0.880000,0.820000
K2-19 d,K2-19,3,Transit,2016,2.50827000000,0.0347800000,1.04400000,6.20000000,289.82700000,174.9602543,0.6035960,G9,5350.00,0.892000,0.824000
K2-190 b,K2-190,2,Transit,2018,10.09885800000,,1.35673729,2.41000000,160.67900000,205.3630485,-13.1608686,,5631.00,0.904597,0.912206
K2-190 c,K2-190,2,Transit,2018,21.57402300000,,1.09308317,1.34000000,160.67900000,205.3630485,-13.1608686,,5631.00,0.904597,0.912206
K2-191 b,K2-191,1,Transit,2018,2.85864600000,,1.57889322,3.12000000,287.18800000,201.6391407,-12.8066737,,5176.00,0.900994,0.839696
K2-192 b,K2-192,1,Transit,2018,4.16281700000,0.0490000000,1.52000000,2.92000000,221.75300000,206.5823122,-11.5563527,,5222.00,0.900000,0.810000
K2-193 b,K2-193,1,Transit,2018,14.78688900000,0.1184000000,3.95000000,14.80000000,411.92300000,205.2371043,-11.0093342,,5817.00,1.010000,0.980000
K2-194 b,K2-194,1,Transit,2018,39.72138600000,,3.64229858,12.90000000,629.51000000,204.6089755,-8.9271609,,5979.00,1.110086,1.281115
K2-195 b,K2-195,2,Transit,2018,15.85297500000,0.1208000000,3.13000000,9.96000000,315.01400000,199.8315191,-8.5095364,,5713.00,0.940000,0.990000
K2-195 c,K2-195,2,Transit,2018,28.48278600000,,2.57581891,7.16000000,315.01400000,199.8315191,-8.5095364,,5712.00,0.963364,0.906367
K2-196 b,K2-196,1,Transit,2018,48.32422200000,,3.59970536,12.60000000,584.87700000,200.4562487,-8.4717104,,6045.00,1.162095,1.538801
K2-197 b,K2-197,1,Transit,2018,8.35788100000,0.0806000000,2.56000000,7.08000000,247.63700000,202.3934779,-7.3739779,,5667.00,1.000000,0.930000
K2-198 b,K2-198,3,Transit,2018,17.04286830000,,4.18900000,16.30000000,110.56700000,198.8436817,-6.4649888,,5212.90,0.799000,0.757000
K2-198 c,K2-198,3,Transit,2019,3.35960550000,,1.42300000,2.61000000,110.56700000,198.8436817,-6.4649888,,5212.90,0.799000,0.757000
K2-198 d,K2-198,3,Transit,2019,7.45001770000,,2.43800000,6.52000000,110.56700000,198.8436817,-6.4649888,,5212.90,0.799000,0.757000
K2-199 b,K2-199,2,Transit,2018,3.22539930000,0.0382000000,1.73000000,6.90000000,107.51800000,208.9014508,-6.1360833,,4491.00,0.711000,0.682000
K2-199 c,K2-199,2,Transit,2018,7.37448970000,0.0662000000,2.85000000,12.40000000,107.51800000,208.9014508,-6.1360833,,4491.00,0.711000,0.682000
K2-200 b,K2-200,1,Transit,2018,2.84988300000,,1.36439870,2.43000000,184.13100000,202.2512060,-4.6100532,,5233.00,0.860208,0.791736
K2-201 b,K2-201,2,Transit,2018,1.05979000000,,1.40006712,2.54000000,197.93200000,293.5607117,-23.1312775,,5507.00,0.956055,0.878161
K2-201 c,K2-201,2,Transit,2018,22.77987800000,,3.28568401,10.80000000,197.93200000,293.5607117,-23.1312775,,5507.00,0.956055,0.878161
K2-2016-BLG-0005L b,K2-2016-BLG-0005L,1,Microlensing,2023,4700.00000000000,4.1600000000,13.70000000,349.61124770,5200.00000000,269.8798333,-27.6074722,,,0.584000,
K2-202 b,K2-202,1,Transit,2018,3.40516400000,,2.30165603,5.91000000,300.39700000,283.2643203,-22.4070553,,5491.00,0.971461,0.910685
K2-203 b,K2-203,1,Transit,2018,9.69520000000,0.0824000000,1.26549392,2.14000000,166.14700000,12.7736909,-1.1958844,,5026.00,0.793000,0.765000
K2-204 b,K2-204,1,Transit,2018,7.05590800000,0.0738000000,3.17214154,10.20000000,577.23500000,17.3825067,-0.5177539,,5783.00,1.076000,1.253000
K2-205 b,K2-205,1,Transit,2018,26.67226300000,,1.99552771,4.64000000,405.30100000,15.2175909,0.4259660,,5890.00,0.951027,1.077574
K2-206 b,K2-206,1,Transit,2018,18.29454900000,,2.79522879,8.22000000,244.44300000,11.2564264,0.5931866,,5043.00,0.789481,0.758046
K2-207 b,K2-207,1,Transit,2018,12.48749000000,,2.60585269,7.30000000,363.06400000,11.6996481,0.6406182,,5522.00,0.941851,0.928158
K2-208 b,K2-208,1,Transit,2018,4.19097000000,0.0487800000,1.67462172,3.45000000,256.88700000,20.7789809,0.8890076,,5500.00,0.881000,0.872000
K2-209 b,K2-209,1,Transit,2018,2.08061500000,,0.86850263,0.58600000,76.49860000,14.6903464,1.3828070,,4720.00,0.744790,0.712365
K2-21 b,K2-21,2,Transit,2015,9.32503800000,0.0760000000,1.84000000,4.04000000,83.64480000,340.3037846,-14.4893256,M0.0,4222.06,0.676023,0.646783
K2-21 c,K2-21,2,Transit,2015,15.50192000000,0.1070000000,2.49000000,6.76000000,83.64480000,340.3037846,-14.4893256,M0.0,4222.06,0.676023,0.646783
K2-210 b,K2-210,1,Transit,2018,0.57023000000,,0.86000000,0.56600000,176.51000000,17.6412694,1.5784137,,5500.00,0.911717,0.890000
K2-211 b,K2-211,1,Transit,2018,0.66956100000,0.0141900000,1.33162691,2.33000000,272.29700000,21.1061587,1.7049101,,5117.00,0.851000,0.818000
K2-212 b,K2-212,1,Transit,2018,9.79564700000,0.0785000000,2.65000000,7.51000000,109.21800000,18.4241015,3.0970732,,4349.00,0.622000,0.678000
K2-213 b,K2-213,1,Transit,2018,8.13087000000,,1.51398464,2.90000000,389.70200000,13.1403998,3.5077702,,5794.00,1.069596,1.204240
K2-214 b,K2-214,1,Transit,2018,8.59656000000,0.0834000000,2.51000000,6.85000000,300.64000000,14.8759777,4.2277722,,5875.00,1.030000,1.236000
K2-215 b,K2-215,1,Transit,2018,8.26964800000,,2.12381238,5.16000000,403.96400000,18.4700795,6.1238647,,5704.00,0.999987,0.974398
K2-216 b,K2-216,1,Transit,2018,2.17480000000,0.0280000000,1.75000000,8.00000000,115.46100000,11.4802354,6.3470302,K5 V,4503.00,0.700000,0.720000
K2-217 b,K2-217,1,Transit,2018,14.07452400000,,3.57854073,12.50000000,381.87800000,11.2983678,6.4815879,,5967.00,1.102661,1.333718
K2-218 b,K2-218,1,Transit,2018,8.67988500000,,2.56948149,7.13000000,394.08300000,12.8096130,6.8464327,,5757.00,1.047488,1.008231
K2-219 b,K2-219,3,Transit,2018,3.90128700000,,1.34762583,2.38000000,325.40000000,12.8452963,8.8675474,,5753.00,1.021545,1.189232
K2-219 c,K2-219,3,Transit,2018,6.66767000000,,1.43839723,2.66000000,325.40000000,12.8452963,8.8675474,,5753.00,1.021545,1.189232
K2-219 d,K2-219,3,Transit,2018,11.13727800000,,2.57634456,7.16000000,325.40000000,12.8452963,8.8675474,,5753.00,1.021545,1.189232
K2-22 b,K2-22,1,Transit,2015,0.38107300000,0.0090000000,2.30000000,444.96200000,243.83600000,169.4827046,2.6190363,M0 V,3879.00,0.595292,0.580000
K2-220 b,K2-220,1,Transit,2018,13.68186000000,0.1104000000,2.37000000,6.21000000,233.51400000,12.7700071,9.5167694,,5612.00,0.910000,1.026000
K2-221 b,K2-221,1,Transit,2018,2.39909400000,,1.67890272,3.46000000,318.81000000,16.6550286,10.1897385,,5716.00,1.010842,0.947599
K2-222 b,K2-222,1,Transit,2018,15.38892740000,0.1186000000,2.27500000,7.50000000,101.32100000,16.4625203,11.7537171,G0,5942.00,0.940000,1.072000
K2-223 b,K2-223,2,Transit,2018,0.50557000000,0.0127000000,0.89000000,0.64000000,198.60400000,185.3061830,-10.2820915,,5859.00,1.060000,1.000000
K2-223 c,K2-223,2,Transit,2018,4.56254600000,0.0549000000,1.50000000,2.86000000,198.60400000,185.3061830,-10.2820915,,5859.00,1.060000,1.000000
K2-224 b,K2-224,2,Transit,2018,4.47904000000,0.0516000000,1.56000000,3.05000000,275.25500000,189.7041426,-10.0605942,,5620.00,0.910000,0.840000
K2-224 c,K2-224,2,Transit,2018,10.09489000000,0.0886000000,2.41000000,6.39000000,275.25500000,189.7041426,-10.0605942,,5620.00,0.910000,0.840000
K2-225 b,K2-225,1,Transit,2018,15.87230000000,0.1409000000,3.60929179,12.70000000,357.77800000,186.5410958,-9.6248232,,5520.00,1.482000,1.700000
K2-226 b,K2-226,1,Transit,2018,3.27109000000,0.0409500000,1.53899305,2.98000000,211.26500000,183.6456643,-9.5626286,,5288.00,0.856000,0.889000
K2-227 b,K2-227,1,Transit,2018,13.62183200000,,1.66551298,3.41000000,187.23400000,190.9484237,-8.4784159,,5673.00,0.950811,0.890666
K2-228 b,K2-228,1,Transit,2018,2.69828000000,0.0338000000,1.21000000,1.92000000,129.46000000,187.2947047,-6.8342028,,4715.00,0.710000,0.650000
K2-229 b,K2-229,2,Transit,2018,0.58421600000,0.0131000000,1.00000000,2.55000000,102.56400000,186.8729195,-6.7218474,G9,5315.00,0.870000,0.790000
K2-229 c,K2-229,2,Transit,2018,8.32727000000,0.0769000000,2.03000000,7.00000000,102.56400000,186.8729195,-6.7218474,G9,5315.00,0.870000,0.790000
K2-230 b,K2-230,1,Transit,2018,2.86041000000,0.0409000000,1.96000000,4.50000000,540.77300000,191.3631170,-6.5760510,,5945.00,1.110000,1.390000
K2-231 b,K2-231,1,Transit,2018,13.84190100000,,2.50000000,6.80000000,321.21500000,289.0918242,-15.7712178,,5695.00,1.010000,0.950000
K2-232 b,K2-232,1,Transit,2018,11.16845400000,0.1035600000,11.20900000,126.49634000,130.72000000,73.7667927,18.6543230,,6154.00,1.188000,1.161000
K2-233 b,K2-233,3,Transit,2018,2.46758300000,0.0329300000,1.31500000,2.40000000,67.50620000,230.4799011,-20.2317975,K3,4796.00,0.790000,0.710000
K2-233 c,K2-233,3,Transit,2018,7.06024000000,0.0664000000,1.27200000,4.60000000,67.50620000,230.4799011,-20.2317975,K3,4796.00,0.790000,0.710000
K2-233 d,K2-233,3,Transit,2018,24.36810000000,0.1516000000,2.36300000,10.30000000,67.50620000,230.4799011,-20.2317975,K3,4796.00,0.790000,0.710000
K2-237 b,K2-237,1,Transit,2018,2.18053332000,0.0355200000,16.06246934,434.15360396,314.99500000,253.7688479,-28.7105836,F9 V,6180.00,1.256000,1.236000
K2-238 b,K2-238,1,Transit,2018,3.20466000000,0.0460000000,14.57170000,273.33380000,537.96300000,347.7043164,-7.8575592,G2 V,5630.00,1.190000,1.590000
K2-239 b,K2-239,3,Transit,2018,5.24000000000,0.0441000000,1.10000000,1.37000000,31.08490000,160.5941265,4.4413751,M3.0 V,3420.00,0.400000,0.360000
K2-239 c,K2-239,3,Transit,2018,7.77500000000,0.0576000000,1.00000000,0.97200000,31.08490000,160.5941265,4.4413751,M3.0 V,3420.00,0.400000,0.360000
K2-239 d,K2-239,3,Transit,2018,10.11500000000,0.0685000000,1.10000000,1.37000000,31.08490000,160.5941265,4.4413751,M3.0 V,3420.00,0.400000,0.360000
K2-24 b,K2-24,2,Transit,2016,20.88977000000,0.1540000000,5.40000000,19.00000000,170.56200000,242.5734559,-24.9906029,G9 V,5625.00,1.070000,1.160000
K2-24 c,K2-24,2,Transit,2016,42.33910000000,0.2470000000,7.50000000,15.40000000,170.56200000,242.5734559,-24.9906029,G9 V,5625.00,1.070000,1.160000
K2-240 b,K2-240,2,Transit,2018,6.03400000000,0.0513000000,2.00000000,4.66000000,72.91050000,227.8493710,-17.8754464,M0.5 V,3810.00,0.580000,0.540000
K2-240 c,K2-240,2,Transit,2018,20.52300000000,0.1159000000,1.80000000,3.89000000,72.91050000,227.8493710,-17.8754464,M0.5 V,3810.00,0.580000,0.540000
K2-241 b,K2-241,1,Transit,2018,26.81990000000,0.1567000000,2.55000000,7.04000000,149.46400000,181.2386829,-6.8052985,,5262.00,0.710000,0.750000
K2-242 b,K2-242,1,Transit,2018,6.51389000000,0.0494000000,2.54000000,6.99000000,109.23700000,179.8358421,-6.5178542,,3459.00,0.380000,0.370000
K2-243 b,K2-243,2,Transit,2018,11.54182000000,0.1087000000,2.17000000,5.35000000,266.86400000,181.1211419,-4.8991358,,6570.00,1.290000,1.390000
K2-243 c,K2-243,2,Transit,2018,24.94598000000,0.1817000000,2.01000000,4.70000000,266.86400000,181.1211419,-4.8991358,,6570.00,1.290000,1.390000
K2-244 b,K2-244,1,Transit,2018,21.06884000000,0.1418000000,1.75000000,3.71000000,212.90200000,183.4686492,-3.8318097,,5677.00,0.860000,0.920000
K2-245 b,K2-245,1,Transit,2018,11.89307000000,0.0959000000,4.34000000,17.40000000,456.06400000,185.1815630,-1.5909138,,5793.00,0.830000,1.250000
K2-246 b,K2-246,1,Transit,2018,5.76918000000,0.0602000000,3.49000000,12.00000000,703.61600000,181.6296115,-1.1606000,,5610.00,0.870000,0.940000
K2-247 b,K2-247,2,Transit,2018,2.25021000000,0.0304000000,2.12000000,5.14000000,258.11300000,188.8935189,-10.0692793,,4667.00,0.740000,0.690000
K2-247 c,K2-247,2,Transit,2018,6.49424000000,0.0615000000,2.19000000,5.43000000,258.11300000,188.8935189,-10.0692793,,4667.00,0.740000,0.690000
K2-248 b,K2-248,1,Transit,2018,7.17256000000,0.0699000000,2.57000000,7.13000000,406.25400000,182.8173343,-9.4141696,,5528.00,0.880000,0.920000
K2-249 b,K2-249,1,Transit,2018,12.40900000000,0.1151000000,2.79000000,8.20000000,521.71600000,183.3667344,-8.9952309,,6504.00,1.320000,1.570000
K2-25 b,K2-25,1,Transit,2015,3.48456408000,0.0287000000,3.44000000,24.50000000,44.95650000,63.2739346,15.2477027,M4.5 V,3207.00,0.263400,0.293200
K2-250 b,K2-250,1,Transit,2018,4.01392000000,0.0460600000,2.71257333,7.81000000,414.70800000,185.0315429,-8.9757427,,5003.00,0.809000,0.797000
K2-251 b,K2-251,1,Transit,2018,9.30075000000,0.0694000000,2.35000000,6.12000000,147.03000000,190.6892403,-8.5359826,,3717.00,0.520000,0.490000
K2-252 b,K2-252,1,Transit,2018,13.81513000000,0.1041000000,1.74000000,3.68000000,228.83900000,182.3663818,-8.3096141,,5152.00,0.790000,0.820000
K2-253 b,K2-253,1,Transit,2018,4.00167000000,0.0506000000,12.67000000,,876.56500000,186.0853062,-6.3789537,,6027.00,1.080000,1.100000
K2-254 b,K2-254,2,Transit,2018,4.09639000000,0.0448000000,1.63000000,3.29000000,227.77500000,185.5507926,-4.7172908,,4629.00,0.710000,0.670000
K2-254 c,K2-254,2,Transit,2018,12.11839000000,0.0923000000,2.19000000,5.43000000,227.77500000,185.5507926,-4.7172908,,4629.00,0.710000,0.670000
K2-255 b,K2-255,1,Transit,2018,1.96417000000,0.0274000000,2.90000000,8.75000000,191.60800000,189.9128532,-3.3705631,,4676.00,0.710000,0.690000
K2-257 b,K2-257,1,Transit,2018,1.60588000000,0.0216000000,0.83000000,0.49800000,64.00650000,188.2782840,-1.9532879,,3725.00,0.520000,0.500000
K2-258 b,K2-258,1,Transit,2018,19.09210000000,0.1490000000,3.00000000,9.27000000,661.87300000,187.6314027,-1.1609171,,6351.00,1.210000,1.310000
K2-259 b,K2-259,1,Transit,2018,15.48043000000,0.1271000000,2.32000000,5.99000000,416.45700000,186.8026947,1.5668631,,6059.00,1.140000,1.130000
K2-26 b,K2-26,1,Transit,2016,14.56650000000,0.0962000000,2.67000000,7.61000000,99.05040000,94.2064312,24.5958335,M1.0 V,3785.00,0.560000,0.520000
K2-260 b,K2-260,1,Transit,2018,2.62669762000,0.0439200000,18.41635529,546.66486004,663.83400000,76.8673317,16.8676948,F6 V,6860.00,1.637000,1.755000
K2-261 b,K2-261,1,Transit,2018,11.63346810000,0.1086000000,9.26982704,68.96876432,213.28300000,163.0323119,0.4931670,G7 IV/V,5490.00,1.107000,1.663000
K2-263 b,K2-263,1,Transit,2018,50.81917200000,0.2573000000,2.51300000,15.40000000,162.48100000,129.6821253,15.6806039,G9 V,5368.00,0.880000,0.850000
K2-264 b,K2-264,2,Transit,2018,5.84000200000,0.0502300000,2.23100000,5.61000000,185.60500000,131.3583524,19.6984010,M2.5 V,3660.00,0.496000,0.473000
K2-264 c,K2-264,2,Transit,2018,19.66030200000,0.1128300000,2.66800000,7.60000000,185.60500000,131.3583524,19.6984010,M2.5 V,3660.00,0.496000,0.473000
K2-265 b,K2-265,1,Transit,2018,2.36902000000,0.0335900000,1.70824866,7.34183620,138.67100000,342.0316493,-14.4947789,G8 V,5420.00,0.901000,0.920000
K2-266 b,K2-266,4,Transit,2018,0.65852400000,0.0130600000,3.30000000,11.26782377,77.55860000,157.9356855,0.9372782,,4285.00,0.686000,0.703000
K2-266 c,K2-266,4,Transit,2018,7.81400000000,0.0679000000,0.70500000,0.29013072,77.55860000,157.9356855,0.9372782,,4285.00,0.686000,0.703000
K2-266 d,K2-266,4,Transit,2018,14.69700000000,0.1035000000,2.93000000,8.90000000,77.55860000,157.9356855,0.9372782,,4285.00,0.686000,0.703000
K2-266 e,K2-266,4,Transit,2018,19.48200000000,0.1249000000,2.73000000,14.30000000,77.55860000,157.9356855,0.9372782,,4285.00,0.686000,0.703000
K2-268 b,K2-268,5,Transit,2018,2.15167600000,0.0308000000,1.50000000,2.86000000,327.78300000,133.7094899,11.8482712,,5106.00,0.840000,0.780000
K2-268 c,K2-268,5,Transit,2018,9.32752700000,0.0819000000,2.69000000,7.70000000,327.78300000,133.7094899,11.8482712,,5106.00,0.840000,0.780000
K2-268 d,K2-268,5,Transit,2021,4.52859800000,,1.49000000,2.83000000,327.78300000,133.7094899,11.8482712,,5106.00,0.840000,0.780000
K2-268 e,K2-268,5,Transit,2021,6.13124300000,,1.33000000,2.33000000,327.78300000,133.7094899,11.8482712,,5106.00,0.840000,0.780000
K2-268 f,K2-268,5,Transit,2021,26.27057000000,,2.23000000,5.60000000,327.78300000,133.7094899,11.8482712,,5106.00,0.840000,0.780000
K2-269 b,K2-269,1,Transit,2018,4.14496500000,0.0531000000,1.57000000,3.09000000,360.76000000,130.1551381,13.0146799,,6209.00,1.160000,1.450000
K2-27 b,K2-27,1,Transit,2016,6.77134700000,0.0670200000,4.74000000,30.20000000,249.64500000,171.5151874,1.2306237,,5246.00,0.880000,0.876000
K2-270 b,K2-270,2,Transit,2018,1.54306900000,0.0247000000,1.38000000,2.48000000,280.51800000,131.2665588,13.5497322,,4877.00,0.850000,0.770000
K2-270 c,K2-270,2,Transit,2018,4.40002800000,0.0497000000,2.95000000,9.01000000,280.51800000,131.2665588,13.5497322,,4877.00,0.850000,0.770000
K2-271 b,K2-271,1,Transit,2018,8.56242100000,0.0770000000,7.28000000,41.80000000,564.45400000,125.2239144,16.0907958,,5644.00,0.830000,0.990000
K2-272 b,K2-272,1,Transit,2018,14.45367560000,0.1007000000,3.13000000,9.96000000,423.06500000,132.6211743,17.5423852,,5397.00,0.860000,0.830000
K2-273 b,K2-273,1,Transit,2018,11.71956630000,0.0729000000,3.05000000,9.53000000,308.10500000,129.7768928,19.0100046,,5161.00,0.890000,0.850000
K2-274 b,K2-274,1,Transit,2018,14.13303140000,0.0964000000,2.08000000,4.98000000,228.32700000,129.2823699,20.3992512,,5044.00,0.790000,0.700000
K2-275 b,K2-275,2,Transit,2018,3.28096260000,0.0277000000,2.34000000,6.08000000,123.43800000,132.1698795,20.4550162,,4841.00,0.770000,0.690000
K2-275 c,K2-275,2,Transit,2018,8.43883850000,0.0881000000,2.21000000,5.52000000,123.43800000,132.1698795,20.4550162,,4841.00,0.770000,0.690000
K2-276 b,K2-276,1,Transit,2018,18.71826900000,0.1291000000,3.77000000,13.70000000,488.15200000,125.9528309,22.6339399,,5139.00,0.820000,0.850000
K2-277 b,K2-277,1,Transit,2018,6.32676800000,0.0664000000,2.18575124,7.40000000,113.12300000,202.0161895,-15.9379749,,5680.00,0.974000,0.973000
K2-278 b,K2-278,1,Transit,2018,3.33496600000,0.0488000000,2.98000000,9.17000000,786.43900000,203.3018653,-14.5041057,,6747.00,1.400000,1.610000
K2-279 b,K2-279,1,Transit,2018,7.12260500000,0.0670000000,1.21000000,1.92000000,182.98300000,204.7792935,-6.0417592,,5558.00,0.790000,0.860000
K2-28 b,K2-28,1,Transit,2016,2.26045500000,0.0214000000,2.32000000,5.99000000,62.99690000,335.6233145,-7.9563525,M4,3214.00,0.257000,0.288000
K2-280 b,K2-280,1,Transit,2018,19.89526000000,0.1461000000,7.50000000,37.10000000,391.53700000,291.5953596,-22.2477071,,5500.00,1.030000,1.280000
K2-281 b,K2-281,1,Transit,2018,8.68772100000,0.0773000000,8.18000000,50.90000000,458.13900000,16.2274724,7.2692169,,4812.00,0.820000,0.760000
K2-282 b,K2-282,2,Transit,2018,4.16978300000,0.0499000000,2.50000000,6.80000000,496.28900000,13.4321524,7.9952914,,5499.00,0.940000,1.000000
K2-283 b,K2-283,1,Transit,2018,1.92103600000,0.0291000000,3.52000000,12.20000000,402.91500000,13.1943679,9.6929181,,5060.00,0.890000,0.820000
K2-284 b,K2-284,1,Transit,2018,4.79506900000,0.0477100000,2.78000000,8.15000000,107.27200000,79.1407971,20.2549034,,4140.00,0.630000,0.607000
K2-285 b,K2-285,4,Transit,2018,3.47174500000,0.0381700000,2.59000000,9.68000000,154.96100000,349.3843458,1.3001522,K2 V,4975.00,0.830000,0.787000
K2-285 c,K2-285,4,Transit,2018,7.13804800000,0.0824000000,3.53000000,15.68000000,154.96100000,349.3843458,1.3001522,K2 V,4975.00,0.830000,0.787000
K2-285 d,K2-285,4,Transit,2018,10.45582000000,0.1178000000,2.48000000,6.50000000,154.96100000,349.3843458,1.3001522,K2 V,4975.00,0.830000,0.787000
K2-285 e,K2-285,4,Transit,2018,14.76289000000,0.1804100000,1.95000000,10.70000000,154.96100000,349.3843458,1.3001522,K2 V,4975.00,0.830000,0.787000
K2-286 b,K2-286,1,Transit,2018,27.35900000000,0.1768000000,2.10000000,5.06000000,76.14860000,233.3698192,-16.7737113,M0 V,3926.00,0.640000,0.620000
K2-287 b,K2-287,1,Transit,2018,14.89329100000,0.1206000000,9.49402300,100.11645000,158.33500000,233.0743401,-22.3583447,,5695.00,1.056000,1.070000
K2-288 B b,K2-288 B,1,Transit,2018,31.39346300000,0.1640000000,1.90000000,4.27000000,65.61380000,55.4442857,18.2684913,M3 V,3341.00,0.330000,0.320000
K2-289 b,K2-289,1,Transit,2019,13.15696900000,0.1070000000,9.10000000,61.00000000,274.30000000,246.6429443,-15.7925384,,5529.00,0.953000,1.025000
K2-29 b,K2-29,1,Transit,2016,3.25883210000,0.0421700000,13.33871000,232.01590000,178.47500000,62.6704220,24.4016558,G7 V,5358.00,0.940000,0.860000
K2-290 b,K2-290,2,Transit,2019,9.21165000000,0.0923000000,3.06000000,10.90000000,272.90900000,234.8578846,-20.1988975,,6302.00,1.194000,1.511000
K2-290 c,K2-290,2,Transit,2019,48.36685000000,0.3050000000,11.27625400,246.00042000,272.90900000,234.8578846,-20.1988975,,6302.00,1.194000,1.511000
K2-291 b,K2-291,1,Transit,2019,2.22517700000,0.0326100000,1.58900000,6.49000000,90.05620000,76.4459400,21.5481990,,5520.00,0.934000,0.899000
K2-292 b,K2-292,1,Transit,2019,16.98410000000,0.1300000000,2.63000000,24.50000000,114.29300000,205.3758786,-9.9460704,G3 V,5725.00,1.000000,1.090000
K2-293 b,K2-293,1,Transit,2019,13.12250000000,,2.45000000,6.57000000,392.25100000,351.6064952,-6.0279068,,5532.00,0.958000,0.947000
K2-294 b,K2-294,1,Transit,2019,2.50387000000,,1.66000000,3.39000000,373.07800000,352.0516724,-7.6037856,,5612.00,0.987000,1.200000
K2-295 b,K2-295,1,Transit,2018,4.02486700000,0.0451000000,10.05447300,106.47305000,232.80100000,19.6101417,6.8167277,K5 V,4444.00,0.740000,0.700000
K2-3 b,K2-3,3,Transit,2015,10.05465350000,0.0747000000,2.07800000,5.11000000,44.07270000,172.3353708,-1.4551364,M V,3844.00,0.549000,0.546000
K2-3 c,K2-3,3,Transit,2015,24.64672900000,0.1357000000,1.58200000,2.68000000,44.07270000,172.3353708,-1.4551364,M V,3844.00,0.549000,0.546000
K2-3 d,K2-3,3,Transit,2015,44.55603000000,0.2014000000,1.45800000,2.20000000,44.07270000,172.3353708,-1.4551364,M V,3844.00,0.549000,0.546000
K2-30 b,K2-30,1,Transit,2016,4.09850300000,0.0483900000,11.64615100,184.02357000,333.04200000,52.3420548,22.2993491,G6 V,5425.00,0.900000,0.844000
K2-308 b,K2-308,1,Transit,2019,3.38628000000,,9.91600000,70.60000000,1314.53000000,78.3391194,16.4141986,,6100.00,1.090000,1.240000
K2-31 b,K2-31,1,Transit,2016,1.25785000000,0.0220000000,11.88154000,563.83042000,110.52700000,245.4405531,-23.5482730,G7 V,5280.00,0.910000,0.780000
K2-312 c,HD 80653,2,Radial Velocity,2023,921.20000000000,1.9610000000,12.80000000,1719.45168187,109.86000000,140.3390845,14.3678691,G2,5959.00,1.180000,1.220000
K2-315 b,K2-315,1,Transit,2020,3.14431890000,,0.95000000,0.80900000,56.96860000,228.0210932,-20.1081634,M(3.5+/-0.5) V,3300.00,0.174000,0.196000
K2-316 b,K2-316,2,Transit,2020,1.13300000000,0.0147000000,1.33000000,2.33000000,112.48600000,233.6247336,-23.2594663,,3436.00,0.408000,0.379000
K2-316 c,K2-316,2,Transit,2020,5.26000000000,0.0582000000,1.83000000,4.01000000,112.48600000,233.6247336,-23.2594663,,3436.00,0.408000,0.379000
K2-317 b,K2-317,1,Transit,2020,6.22000000000,0.0542000000,2.93000000,8.91000000,176.29100000,228.6188638,-21.0227209,,3387.00,0.403000,0.379000
K2-318 b,K2-318,1,Transit,2020,7.01000000000,0.0911000000,1.66000000,3.39000000,147.86600000,232.4461375,-17.5574630,,3851.00,0.561000,0.552000
K2-319 b,K2-319,1,Transit,2020,26.68000000000,0.1516000000,2.79000000,8.20000000,209.07100000,166.8010058,3.0399357,,5440.00,0.954000,0.898000
K2-32 b,K2-32,4,Transit,2016,8.99200000000,0.0795000000,5.29900000,15.00000000,157.68200000,252.4260080,-19.5430504,G9 V,5271.00,0.830000,0.860000
K2-32 c,K2-32,4,Transit,2016,20.66093000000,0.1384300000,3.13400000,8.10000000,157.68200000,252.4260080,-19.5430504,G9 V,5271.00,0.830000,0.860000
K2-32 d,K2-32,4,Transit,2016,31.71701000000,0.1842200000,3.48400000,6.70000000,157.68200000,252.4260080,-19.5430504,G9 V,5271.00,0.830000,0.860000
K2-32 e,K2-32,4,Transit,2019,4.34934000000,0.0489900000,1.21200000,2.10000000,157.68200000,252.4260080,-19.5430504,G9 V,5271.00,0.830000,0.860000
K2-320 b,K2-320,1,Transit,2020,1.99500000000,0.0142000000,2.62000000,7.37000000,108.74000000,163.2519122,5.3064776,,3157.00,0.117000,0.300000
K2-321 b,K2-321,1,Transit,2020,2.29797490000,0.0283900000,2.05124347,4.86000000,77.68880000,156.4054989,2.5138829,,3750.00,0.578000,0.595000
K2-322 b,K2-322,1,Transit,2020,8.20500000000,0.0594000000,1.92000000,4.35000000,123.41500000,156.6226981,4.7640203,,4141.00,0.630000,0.602000
K2-323 b,K2-323,1,Transit,2020,24.93000000000,0.1275000000,2.10000000,5.06000000,118.31800000,159.4209874,6.2858689,,3710.00,0.478000,0.549000
K2-324 b,K2-324,1,Transit,2020,3.26200000000,0.0331000000,2.43000000,6.48000000,136.66700000,157.6222171,6.8636732,,3752.00,0.517000,0.505000
K2-325 b,K2-325,1,Transit,2020,6.93000000000,0.0419000000,2.20000000,5.48000000,111.63800000,353.9169507,-7.6867213,,3287.00,0.274000,0.298000
K2-326 b,K2-326,1,Transit,2020,1.25600000000,0.0198000000,2.28000000,5.82000000,282.30800000,351.6122620,1.3375909,,3924.00,0.507000,0.688000
K2-329 b,K2-329,1,Transit,2020,12.45512250000,0.1016000000,8.67576600,82.63580000,233.23700000,351.1353785,-5.1641451,,5282.00,0.901000,0.822000
K2-33 b,K2-33,1,Transit,2016,5.42486500000,0.0409000000,5.04000000,1175.97100000,139.26800000,242.5613635,-19.3193831,M3.3,3540.00,0.560000,1.050000
K2-330 b,K2-330,1,Transit,2021,13.77479800000,,2.77000000,8.10000000,160.12500000,126.8968265,11.6674131,,6232.00,1.230000,1.500000
K2-331 b,K2-331,2,Transit,2021,9.39897700000,,1.79000000,3.86000000,211.43000000,132.7376431,13.1702690,,5994.00,1.100000,1.060000
K2-331 c,K2-331,2,Transit,2021,22.99659100000,,2.72000000,7.85000000,211.43000000,132.7376431,13.1702690,,5994.00,1.100000,1.060000
K2-332 b,K2-332,1,Transit,2021,17.70632000000,,2.20000000,5.48000000,123.20200000,135.8832666,14.2504994,,3315.00,0.270000,0.280000
K2-333 b,K2-333,1,Transit,2021,14.75928700000,,6.18000000,31.60000000,343.99000000,136.7892752,15.2056765,,5880.00,1.060000,1.220000
K2-334 b,K2-334,1,Transit,2021,5.11398100000,,5.65000000,27.20000000,371.82300000,136.4894259,16.3255146,,6502.00,1.360000,1.490000
K2-335 b,K2-335,1,Transit,2021,12.28321100000,,2.21000000,5.52000000,557.99300000,129.3896679,16.5220648,,6222.00,1.230000,1.330000
K2-336 b,K2-336,1,Transit,2021,21.19473300000,,1.22000000,1.98000000,239.28900000,133.8382032,16.7940663,,5424.00,0.860000,0.800000
K2-337 b,K2-337,1,Transit,2021,16.27356300000,,2.62000000,7.37000000,421.63600000,127.7611370,16.9004702,,5869.00,0.940000,1.320000
K2-338 b,K2-338,1,Transit,2021,3.85061400000,,1.03000000,1.08000000,156.95100000,124.3609294,17.0241557,,4558.00,0.660000,0.630000
K2-339 b,K2-339,1,Transit,2021,19.50742800000,,1.92000000,4.35000000,360.36000000,130.0825420,18.6929046,,4857.00,0.740000,0.720000
K2-34 b,K2-34,1,Transit,2016,2.99563480000,0.0442000000,13.75000000,539.67534000,348.64600000,127.5787231,22.2359194,F,6168.00,1.160000,1.420000
K2-340 b,K2-340,1,Transit,2021,29.74045100000,,3.36000000,11.20000000,738.13600000,127.9373409,19.0745863,,5532.00,0.930000,1.130000
K2-341 b,K2-341,1,Transit,2021,36.55255100000,,3.21000000,10.40000000,421.40800000,130.4971951,19.9166357,,5817.00,0.980000,1.160000
K2-342 b,K2-342,1,Transit,2021,11.56105200000,,2.03000000,4.78000000,208.35700000,133.1218996,21.2386816,,5920.00,1.010000,1.090000
K2-343 b,K2-343,2,Transit,2021,2.78717400000,,1.65000000,3.36000000,166.16900000,134.2021746,21.5026882,,3804.00,0.490000,0.460000
K2-343 c,K2-343,2,Transit,2021,7.67697200000,,2.02000000,4.74000000,166.16900000,134.2021746,21.5026882,,3804.00,0.490000,0.460000
K2-344 b,K2-344,1,Transit,2021,3.35585000000,,1.59000000,3.15000000,75.16910000,136.3614923,21.6685886,,4374.00,0.510000,0.490000
K2-345 b,K2-345,1,Transit,2021,10.36743700000,,2.11000000,5.10000000,162.40800000,132.7075876,21.7890367,,3779.00,0.560000,0.520000
K2-346 b,K2-346,1,Transit,2021,26.20144600000,,2.26000000,5.73000000,105.58000000,125.9864854,22.6632260,,4801.00,0.710000,0.700000
K2-347 b,K2-347,1,Transit,2021,7.18725700000,,2.41000000,6.39000000,320.33600000,126.3726821,23.2974061,,4599.00,0.660000,0.630000
K2-348 b,K2-348,2,Transit,2021,4.68841800000,,3.26000000,10.70000000,201.85600000,130.8783479,24.4229559,,5077.00,0.830000,0.850000
K2-348 c,K2-348,2,Transit,2021,12.55017100000,,2.67000000,7.61000000,201.85600000,130.8783479,24.4229559,,5077.00,0.830000,0.850000
K2-349 b,K2-349,1,Transit,2021,9.03217800000,,1.38000000,2.48000000,453.56700000,199.0996546,-14.4447454,,4385.00,0.540000,0.490000
K2-35 b,K2-35,2,Transit,2016,2.39996400000,0.0310000000,1.32000000,2.30000000,252.59600000,170.1031027,1.2858679,K4 V,4402.71,0.701968,0.619575
K2-35 c,K2-35,2,Transit,2016,5.60835200000,0.0550000000,1.93000000,4.38000000,252.59600000,170.1031027,1.2858679,K4 V,4402.71,0.701968,0.619575
K2-350 b,K2-350,2,Transit,2021,4.16387300000,,1.54000000,2.99000000,489.36800000,204.0355092,-14.0092516,,5789.00,0.980000,1.040000
K2-350 c,K2-350,2,Transit,2016,19.99194400000,,2.74000000,7.95000000,489.36800000,204.0355092,-14.0092516,,5789.00,0.980000,1.040000
K2-351 b,K2-351,1,Transit,2021,7.80616400000,,2.54000000,6.99000000,694.73400000,206.6522408,-11.8049588,,5769.00,1.020000,1.050000
K2-352 b,K2-352,3,Transit,2021,3.66591200000,,1.37000000,2.45000000,176.05100000,140.4451478,18.4696280,,5791.00,0.980000,0.950000
K2-352 c,K2-352,3,Transit,2021,8.23488500000,,1.92000000,4.35000000,176.05100000,140.4451478,18.4696280,,5791.00,0.980000,0.950000
K2-352 d,K2-352,3,Transit,2021,14.87138700000,,2.23000000,5.60000000,176.05100000,140.4451478,18.4696280,,5791.00,0.980000,0.950000
K2-353 b,K2-353,1,Transit,2021,15.46680500000,,5.55000000,26.30000000,268.51500000,201.6168564,-2.2819018,,5698.00,0.870000,0.990000
K2-354 b,K2-354,1,Transit,2021,3.79330600000,,1.56000000,3.05000000,91.72200000,129.1299193,10.1472175,,3669.00,0.430000,0.410000
K2-355 b,K2-355,1,Transit,2021,5.73856470000,0.0632000000,2.25000000,5.69000000,500.49700000,124.6426189,13.5027816,,5790.00,0.960000,0.920000
K2-356 b,K2-356,1,Transit,2021,21.02673660000,0.1599000000,2.29000000,5.86000000,355.54000000,128.3219134,13.6613758,,5568.00,0.900000,0.860000
K2-357 b,K2-357,1,Transit,2021,16.34886370000,0.1450000000,3.72000000,13.40000000,517.68700000,131.9386628,16.3289144,,5794.00,0.980000,1.000000
K2-358 b,K2-358,1,Transit,2021,11.25102850000,0.0863000000,2.68000000,7.65000000,480.30700000,133.8081054,18.9497263,,5650.00,0.930000,0.910000
K2-36 b,K2-36,2,Transit,2016,1.42261400000,0.0228800000,1.43000000,4.30000000,109.74900000,169.4490102,3.8665038,K2 V,4916.00,0.790000,0.718000
K2-36 c,K2-36,2,Transit,2016,5.34088800000,0.0552800000,3.20000000,7.90000000,109.74900000,169.4490102,3.8665038,K2 V,4916.00,0.790000,0.718000
K2-360 c,EPIC 201595106,2,Radial Velocity,2024,9.79692000000,0.0883000000,4.02000000,15.23000000,232.10000000,183.7203635,1.9681688,,5679.00,0.958000,0.980000
K2-365 b,K2-365,1,Transit,2022,23.44817200000,,2.90600000,8.78000000,187.22200000,238.8197061,-21.0269691,,5561.00,0.823000,1.051000
K2-366 b,K2-366,1,Transit,2022,15.93703900000,,2.35900000,6.16000000,185.94700000,243.6800912,-19.3468837,,5601.00,0.825000,0.940000
K2-367 b,K2-367,1,Transit,2022,20.64509900000,,2.41300000,6.41000000,176.96500000,337.8588454,-13.2644554,,4348.00,0.756000,0.625000
K2-368 b,K2-368,3,Transit,2022,5.02559800000,,1.33200000,2.34000000,206.60800000,332.6357627,-11.1661157,,4663.00,0.746000,0.663000
K2-368 c,K2-368,3,Transit,2022,9.66018600000,,1.36100000,2.42000000,206.60800000,332.6357627,-11.1661157,,4663.00,0.746000,0.663000
K2-368 d,K2-368,3,Transit,2022,20.20108500000,,1.94800000,4.45000000,206.60800000,332.6357627,-11.1661157,,4663.00,0.746000,0.663000
K2-369 b,K2-369,1,Transit,2022,5.76161200000,,1.31300000,2.28000000,185.55000000,329.7262534,-10.8750666,,5682.00,0.735000,0.881000
K2-37 b,K2-37,3,Transit,2016,4.44340000000,0.0510500000,1.39000000,2.51000000,179.94300000,243.4509662,-24.7870527,G3 V,5352.00,0.840000,0.809000
K2-37 c,K2-37,3,Transit,2016,6.42966000000,0.0653400000,2.41000000,6.39000000,179.94300000,243.4509662,-24.7870527,G3 V,5352.00,0.840000,0.809000
K2-37 d,K2-37,3,Transit,2016,14.09229000000,0.1102000000,2.31000000,12.50000000,179.94300000,243.4509662,-24.7870527,G3 V,5352.00,0.840000,0.809000
K2-370 b,K2-370,1,Transit,2022,2.14080930000,0.0321000000,2.67000000,11.10000000,144.20200000,67.8205302,19.8316901,G5 V,5662.00,0.962000,0.945000
K2-371 b,K2-371,1,Transit,2022,3.11490500000,,13.02400000,,442.81300000,128.0670932,11.6307099,,4925.00,0.958000,0.736000
K2-372 b,K2-372,1,Transit,2022,9.84407700000,,2.94500000,8.98000000,463.88000000,130.7988719,13.0094226,,5479.00,0.847000,0.922000
K2-373 b,K2-373,1,Transit,2022,11.02066000000,,2.06100000,4.90000000,229.56700000,123.1361518,13.6884986,,6138.00,1.158000,1.486000
K2-374 b,K2-374,2,Transit,2022,4.52195300000,,1.59300000,3.16000000,359.43900000,137.3794986,16.3558324,G3,5789.00,0.731000,0.907000
K2-374 c,K2-374,2,Transit,2022,16.43445000000,,2.21300000,5.53000000,359.43900000,137.3794986,16.3558324,G3,5789.00,0.731000,0.907000
K2-375 b,K2-375,1,Transit,2022,14.45389500000,,2.24300000,5.66000000,696.10000000,130.5013137,20.3593003,,5822.00,1.119000,1.543000
K2-376 b,K2-376,1,Transit,2022,5.77647500000,,1.73600000,3.66000000,161.61000000,132.7193327,25.0380824,G1,5937.00,0.908000,1.149000
K2-377 b,K2-377,1,Transit,2022,12.83223500000,,1.69300000,3.51000000,195.14900000,202.8978870,-12.0951142,,4200.00,0.821000,0.691000
K2-378 b,K2-378,1,Transit,2022,2.06043800000,,2.88000000,8.65000000,687.97300000,205.1596569,-11.1172332,,4823.00,0.923000,0.732000
K2-379 b,K2-379,1,Transit,2022,8.77724700000,,2.18100000,5.40000000,182.20700000,283.0317641,-27.1807287,,4603.00,0.856000,0.751000
K2-38 b,K2-38,2,Transit,2016,4.01593000000,0.0499400000,1.54000000,7.30000000,192.69000000,240.0333095,-23.1894196,G2 V,5731.00,1.030000,1.060000
K2-38 c,K2-38,2,Transit,2016,10.56103000000,0.0951400000,2.29000000,8.30000000,192.69000000,240.0333095,-23.1894196,G2 V,5731.00,1.030000,1.060000
K2-380 b,K2-380,1,Transit,2022,9.40131200000,,2.72900000,7.89000000,249.30300000,283.4346389,-26.5387308,,5911.00,0.993000,1.320000
K2-381 b,K2-381,3,Transit,2022,7.93893340000,,1.07500000,1.26000000,145.70100000,288.0267612,-21.0075789,,4473.00,0.754000,0.675000
K2-381 c,K2-381,3,Transit,2022,16.03465600000,,2.00000000,4.66000000,145.70100000,288.0267612,-21.0075789,,4473.00,0.754000,0.675000
K2-381 d,K2-381,3,Transit,2022,26.80302300000,,1.68900000,3.50000000,145.70100000,288.0267612,-21.0075789,,4473.00,0.754000,0.675000
K2-382 b,K2-382,1,Transit,2022,21.70015600000,,2.07200000,4.95000000,278.41200000,287.4125267,-19.6269336,,5452.00,0.922000,0.811000
K2-383 b,K2-383,1,Transit,2022,1.86596200000,,1.56400000,3.07000000,203.78800000,282.0087650,-18.3795798,,5129.00,1.061000,0.804000
K2-384 b,K2-384,5,Transit,2022,2.23152700000,,1.07600000,1.26000000,82.66030000,20.4998403,0.7509701,M4 V,3623.00,0.330000,0.348000
K2-384 c,K2-384,5,Transit,2022,4.19476600000,,1.19100000,1.82000000,82.66030000,20.4998403,0.7509701,M4 V,3623.00,0.330000,0.348000
K2-384 d,K2-384,5,Transit,2022,6.67958200000,,1.39200000,2.52000000,82.66030000,20.4998403,0.7509701,M4 V,3623.00,0.330000,0.348000
K2-384 e,K2-384,5,Transit,2022,9.71504300000,,1.34500000,2.37000000,82.66030000,20.4998403,0.7509701,M4 V,3623.00,0.330000,0.348000
K2-384 f,K2-384,5,Transit,2022,13.62749000000,,2.22200000,5.57000000,82.66030000,20.4998403,0.7509701,M4 V,3623.00,0.330000,0.348000
K2-385 b,K2-385,1,Transit,2022,2.38086700000,,1.53900000,2.98000000,420.81900000,12.6140752,5.8712567,,4844.00,0.927000,0.761000
K2-386 b,K2-386,1,Transit,2022,7.47322300000,,2.32000000,5.99000000,428.78500000,18.2999964,7.0130302,,5749.00,0.911000,0.970000
K2-387 b,K2-387,1,Transit,2022,28.73532700000,,7.32200000,42.20000000,266.31800000,19.4418282,11.3684915,,3572.00,0.570000,0.585000
K2-388 b,K2-388,1,Transit,2022,6.33932000000,,3.90000000,14.50000000,290.49500000,352.7139342,-11.0773564,G8,5310.00,0.930000,0.910000
K2-389 b,K2-389,2,Transit,2022,8.58289000000,,2.33000000,6.04000000,259.20800000,355.6304152,-9.7135814,G3,5773.00,0.990000,1.094000
K2-389 c,K2-389,2,Transit,2022,20.85133700000,,2.04000000,4.82000000,259.20800000,355.6304152,-9.7135814,G3,5782.00,0.802000,1.084000
K2-39 b,K2-39,1,Transit,2016,4.60543000000,0.0570800000,6.27704000,28.60470000,307.47000000,338.3682095,-9.0229405,,4881.00,0.660000,2.970000
K2-390 b,K2-390,1,Transit,2022,3.31279200000,,4.66200000,19.60000000,456.12200000,355.7023860,-9.5887124,G4,5558.00,0.789000,0.966000
K2-391 b,K2-391,1,Transit,2022,4.62265400000,,1.37100000,2.45000000,507.94000000,356.2260152,-7.7015151,G7,5543.00,0.757000,0.566000
K2-392 b,K2-392,1,Transit,2022,15.39872300000,,1.85000000,4.08000000,406.98500000,354.6499065,-7.4788816,G3,5726.00,0.841000,1.058000
K2-393 b,K2-393,1,Transit,2022,10.41318100000,,2.35200000,6.13000000,265.91400000,348.5159113,-0.0821031,,5678.00,0.881000,1.071000
K2-394 b,K2-394,1,Transit,2022,5.09571700000,,1.69200000,3.51000000,98.01520000,71.1100020,16.5185817,,4938.00,0.478000,0.631000
K2-395 b,K2-395,2,Transit,2022,4.80335200000,,2.59700000,7.26000000,286.72700000,70.4438684,16.6743415,K0,5007.00,0.952000,0.783000
K2-395 c,K2-395,2,Transit,2022,8.49128200000,,3.39500000,11.40000000,286.72700000,70.4438684,16.6743415,K0,5007.00,0.952000,0.783000
K2-396 b,K2-396,2,Transit,2022,0.67386200000,,1.57900000,3.12000000,274.86400000,74.6928607,17.2690562,G9,5236.00,0.954000,0.920000
K2-396 c,K2-396,2,Transit,2022,25.76051000000,,3.12400000,9.93000000,274.86400000,74.6928607,17.2690562,G9,5236.00,0.954000,0.920000
K2-397 b,K2-397,1,Transit,2022,3.57232600000,,2.41700000,6.42000000,199.35400000,79.9516586,21.2591617,G7,5387.00,0.937000,0.966000
K2-398 b,K2-398,2,Transit,2022,6.39302500000,,2.27400000,5.79000000,606.99200000,161.7349738,1.9367044,G2,5946.00,0.945000,1.239000
K2-398 c,K2-398,2,Transit,2022,18.78783900000,,5.09800000,22.80000000,606.99200000,161.7349738,1.9367044,G2,5946.00,0.945000,1.239000
K2-4 b,K2-4,1,Transit,2015,10.00341700000,0.0780000000,2.10000000,5.06000000,231.82800000,174.7455392,-3.9055746,,4014.73,0.635026,0.569359
K2-400 b,K2-400,1,Transit,2022,3.86505300000,,1.16300000,1.67000000,62.38040000,154.5110307,3.6969271,M3,3578.00,0.374000,0.382000
K2-401 b,K2-401,1,Transit,2022,6.29309900000,,2.26200000,5.74000000,200.72700000,154.9876040,3.9548275,K7,4213.00,0.870000,0.675000
K2-402 b,K2-402,1,Transit,2022,17.27474000000,,2.67800000,7.65000000,523.05500000,161.4519130,6.4193180,G2,5716.00,0.944000,1.280000
K2-403 b,K2-403,1,Transit,2022,33.58997900000,,5.33300000,24.60000000,246.59900000,164.1893864,9.6739464,G4,5511.00,0.784000,0.886000
K2-404 b,K2-404,1,Transit,2022,13.11536500000,,2.53000000,6.94000000,121.63000000,160.3249517,12.1911149,M1,3748.00,0.552000,0.552000
K2-405 b,K2-405,1,Transit,2022,3.43547100000,,4.56900000,18.90000000,197.23400000,164.3759959,12.5356140,K0,4927.00,1.034000,0.765000
K2-406 b,K2-406,1,Transit,2022,22.54940600000,,4.60200000,19.20000000,85.37510000,230.8872242,-25.3706149,G4,5784.00,0.798000,0.961000
K2-407 b,K2-407,2,Transit,2022,4.94190700000,,1.28300000,2.19000000,218.37600000,232.5552584,-23.0067371,G4,5563.00,0.881000,0.927000
K2-407 c,K2-407,2,Transit,2022,9.22453000000,,1.36000000,2.42000000,218.37600000,232.5552584,-23.0067371,G4,5563.00,0.881000,0.927000
K2-408 b,K2-408,1,Transit,2022,20.97895900000,,1.67700000,3.45000000,162.30600000,227.9168555,-17.6842698,G7,5335.00,0.813000,0.784000
K2-409 b,K2-409,1,Transit,2022,1.90808400000,,2.48200000,6.72000000,431.03100000,228.4551125,-16.3512966,G4,5742.00,0.886000,1.228000
K2-411 b,K2-411,1,Transit,2022,3.21410000000,0.0511000000,0.98980000,0.93700000,298.21900000,58.0036310,19.3909877,,5711.00,1.018000,1.375000
K2-412 b,K2-412,1,Transit,2022,5.93820000000,0.0586000000,2.11600000,5.13000000,654.08500000,76.2621295,21.5801620,,5590.00,0.893000,0.977000
K2-413 b,K2-413,2,Transit,2022,0.80940000000,0.0117000000,0.75990000,0.36300000,285.16200000,353.4175668,-7.6120272,,4116.00,0.808000,0.700000
K2-413 c,K2-413,2,Transit,2022,5.33010000000,0.0426000000,1.23270000,2.05000000,285.16200000,353.4175668,-7.6120272,,4116.00,0.808000,0.700000
K2-414 b,K2-414,2,Transit,2022,4.36960000000,0.0487000000,1.21900000,1.98000000,260.03600000,351.6361913,-4.6066569,,4343.00,0.814000,0.732000
K2-414 c,K2-414,2,Transit,2022,6.66900000000,0.0552000000,1.92870000,4.38000000,260.03600000,351.6361913,-4.6066569,,4343.00,0.814000,0.732000
K2-415 b,K2-415,1,Transit,2023,4.01796940000,0.0270000000,1.01500000,7.50000000,21.81820000,137.2015437,11.8622503,M5 V,3173.00,0.163500,0.196500
K2-416 b,K2-416,1,Transit,2023,13.10200000000,0.0880000000,2.66000000,1652.70771640,120.31100000,349.2211822,-5.2015032,M V,3746.00,0.548000,0.554000
K2-417 b,K2-417,1,Transit,2023,6.53500000000,0.0630000000,3.31000000,699.22249540,94.04240000,350.1417675,-10.0365901,M V,3861.00,0.569000,0.577600
K2-419 A b,K2-419 A,1,Transit,2024,20.35847252000,0.1208000000,10.55000000,196.00000000,268.68500000,135.0194934,13.2737056,,3711.00,0.562000,0.541000
K2-42 b,K2-42,1,Transit,2016,6.68796000000,0.0617000000,2.15000000,5.27000000,396.91300000,176.6657559,-5.1720463,,4613.00,0.702000,0.643000
K2-43 b,K2-43,2,Transit,2016,3.47114900000,0.0378400000,4.51000000,18.50000000,182.53600000,169.1170280,-3.9754405,,3840.60,0.571000,0.542000
K2-43 c,K2-43,2,Transit,2019,2.19888400000,,2.42000000,6.44000000,182.53600000,169.1170280,-3.9754405,,3840.60,0.571000,0.542000
K2-44 b,K2-44,1,Transit,2016,5.65700000000,0.0600000000,2.43300000,6.50000000,476.70300000,174.0116610,-2.5209338,,5912.00,1.150000,1.580000
K2-45 b,K2-45,1,Transit,2016,1.72926840000,0.0224000000,6.71000000,36.40000000,495.31700000,169.6327547,-1.7740582,,4103.00,0.503000,0.445000
K2-46 b,K2-46,1,Transit,2016,19.15410000000,0.1382100000,2.05000000,4.86000000,449.23700000,174.2662454,-0.9072100,,6256.00,0.960000,1.290000
K2-47 b,K2-47,1,Transit,2016,31.63720000000,0.1779000000,1.89000000,4.23000000,349.88100000,168.5825696,2.7805614,,5054.00,0.750000,0.760000
K2-48 b,K2-48,1,Transit,2016,20.50650000000,0.1344000000,2.24000000,5.65000000,313.76400000,176.1233077,3.2723812,,4899.00,0.770000,0.730000
K2-49 b,K2-49,1,Transit,2016,2.77065000000,0.0309000000,1.93000000,4.38000000,457.12500000,177.3202331,3.4755183,,4175.00,0.510000,0.450000
K2-5 b,K2-5,2,Transit,2015,5.73594000000,0.0532000000,1.91000000,4.31000000,202.94300000,169.3034598,-1.8778254,K7.5 V,3930.00,0.610000,0.570000
K2-5 c,K2-5,2,Transit,2015,10.93241000000,0.0818000000,2.26000000,5.73000000,202.94300000,169.3034598,-1.8778254,K7.5 V,3930.00,0.610000,0.570000
K2-50 b,K2-50,2,Transit,2016,8.75290000000,0.0705000000,1.59000000,3.15000000,257.44300000,169.4836540,5.9882890,,4326.00,0.611000,0.546000
K2-52 b,K2-52,1,Transit,2016,3.53505500000,0.0540000000,18.00000000,,1038.41000000,246.6114157,-24.9699462,,7147.00,1.691000,2.192000
K2-53 b,K2-53,1,Transit,2016,12.20772000000,0.0980000000,2.60000000,7.27000000,138.01800000,244.1419684,-20.4005984,,5263.00,0.851000,0.807000
K2-54 b,K2-54,1,Transit,2016,9.78330000000,0.0761000000,2.61169250,7.33000000,174.95500000,338.0541631,-17.5440636,,3990.00,0.615000,0.643000
K2-55 b,K2-55,1,Transit,2016,2.84927100000,0.0348600000,4.43000000,44.00000000,159.52200000,333.7518786,-17.2508002,,4300.00,0.688000,0.715000
K2-57 b,K2-57,1,Transit,2016,9.00730000000,0.0752000000,2.30905002,5.94000000,264.21300000,342.6918241,-14.0700007,,4413.00,0.699000,0.671000
K2-58 b,K2-58,3,Transit,2016,7.05254000000,0.0692000000,2.68000000,7.65000000,181.74600000,333.8218395,-14.0498570,,5413.00,0.890000,0.860000
K2-58 c,K2-58,3,Transit,2016,2.53726000000,0.0350000000,1.62000000,3.26000000,181.74600000,333.8218395,-14.0498570,,5413.00,0.890000,0.860000
K2-58 d,K2-58,3,Transit,2016,22.88270000000,0.1517000000,1.71000000,3.57000000,181.74600000,333.8218395,-14.0498570,,5413.00,0.890000,0.860000
K2-59 b,K2-59,2,Transit,2016,20.69210000000,0.1354000000,2.41000000,6.39000000,311.31300000,338.9425500,-14.0277270,,5055.00,0.774000,0.731000
K2-59 c,K2-59,2,Transit,2016,11.29540000000,0.0905000000,2.30000000,5.90000000,311.31300000,338.9425500,-14.0277270,,5055.00,0.774000,0.731000
K2-6 b,K2-6,1,Transit,2015,30.94191000000,0.1898000000,2.50000000,6.80000000,316.81900000,178.1921152,-1.1984418,,5850.00,0.970000,0.960000
K2-60 b,K2-60,1,Transit,2016,3.00265000000,0.0450000000,7.65574700,135.39558000,491.87000000,338.6062312,-13.7318044,G4 V,5500.00,0.970000,1.120000
K2-61 b,K2-61,1,Transit,2016,2.57336000000,0.0392000000,1.92000000,4.35000000,405.73200000,339.6748444,-13.5600447,,5748.00,0.970000,0.995000
K2-62 b,K2-62,2,Transit,2016,6.67199000000,0.0636000000,2.02000000,4.74000000,112.46700000,334.3645089,-12.1874776,,4455.00,0.670000,0.696000
K2-62 c,K2-62,2,Transit,2016,16.19697000000,0.1148000000,1.99000000,4.62000000,112.46700000,334.3645089,-12.1874776,,4455.00,0.670000,0.696000
K2-63 b,K2-63,2,Transit,2016,20.25700000000,0.1627000000,3.22000000,10.50000000,517.53400000,333.4267738,-12.0663429,,6771.00,1.400000,1.630000
K2-63 c,K2-63,2,Transit,2016,25.45560000000,0.1890000000,3.90000000,14.50000000,517.53400000,333.4267738,-12.0663429,,6771.00,1.400000,1.630000
K2-64 b,K2-64,1,Transit,2016,6.53044000000,0.0619000000,2.07000000,4.94000000,499.89100000,332.4138478,-11.4286687,,5312.00,0.741000,0.726000
K2-65 b,K2-65,1,Transit,2016,12.64750000000,0.1014000000,1.58000000,3.12000000,72.20000000,333.2125206,-10.9261373,,5213.00,0.870000,0.840000
K2-66 b,K2-66,1,Transit,2016,5.06963000000,0.0598300000,2.49000000,21.30000000,513.87700000,331.5266563,-10.7115362,,5887.00,1.110000,1.670000
K2-68 b,K2-68,1,Transit,2016,8.05428000000,0.0708000000,1.58000000,3.12000000,168.65200000,334.0195539,-10.5673649,,4746.00,0.730000,0.675000
K2-69 b,K2-69,1,Transit,2016,7.06599000000,0.0591000000,2.32000000,5.99000000,180.69700000,335.7596816,-10.4886817,,4127.00,0.551000,0.491000
K2-7 b,K2-7,1,Transit,2015,28.67810000000,0.1867000000,4.03523305,15.30000000,738.55300000,167.0937488,-1.0658550,,5700.00,1.056000,1.533000
K2-70 b,K2-70,1,Transit,2016,13.97896000000,0.1112000000,2.89000000,8.70000000,232.96400000,338.4759328,-10.0849917,,5622.00,0.940000,0.930000
K2-71 b,K2-71,1,Transit,2016,6.98541000000,0.0559000000,2.15000000,5.27000000,153.19200000,341.7248656,-9.8816109,,4006.00,0.477000,0.426000
K2-72 b,K2-72,4,Transit,2016,5.57721200000,0.0400000000,1.08000000,1.28000000,66.43210000,334.6227504,-9.6120084,,3360.47,0.271365,0.330989
K2-72 c,K2-72,4,Transit,2016,15.18903400000,0.0780000000,1.16000000,1.65000000,66.43210000,334.6227504,-9.6120084,,3360.47,0.271365,0.330989
K2-72 d,K2-72,4,Transit,2016,7.76017800000,0.0500000000,1.01000000,1.01000000,66.43210000,334.6227504,-9.6120084,,3360.47,0.271365,0.330989
K2-72 e,K2-72,4,Transit,2016,24.15886800000,0.1060000000,1.29000000,2.21000000,66.43210000,334.6227504,-9.6120084,,3360.47,0.271365,0.330989
K2-73 b,K2-73,2,Transit,2016,7.49556000000,0.0761900000,2.58000000,9.20000000,269.18300000,335.0256620,-9.0560881,,5867.00,1.020000,1.058000
K2-73 c,K2-73,2,Radial Velocity,2025,1000.00000000000,,13.00000000,1142.00000000,269.18300000,335.0256620,-9.0560881,,5867.00,1.020000,1.058000
K2-74 b,K2-74,1,Transit,2016,19.56660000000,0.1402000000,2.31000000,5.95000000,377.82200000,339.9192984,-8.7145697,,6060.00,0.960000,0.980000
K2-75 b,K2-75,2,Transit,2016,7.81420000000,0.0810000000,2.67000000,7.61000000,561.93000000,338.8448960,-7.4698950,,5995.00,1.160000,1.560000
K2-75 c,K2-75,2,Transit,2016,18.31100000000,0.1429000000,2.77000000,8.10000000,561.93000000,338.8448960,-7.4698950,,5995.00,1.160000,1.560000
K2-77 b,K2-77,1,Transit,2016,8.20008440000,0.0753000000,2.49960270,603.87700000,141.73100000,55.2285210,12.5724480,,5160.00,0.847000,0.792000
K2-79 b,K2-79,1,Transit,2016,10.99503900000,0.0987000000,4.15000000,5.90000000,256.01100000,55.2559307,13.5191871,G1,5897.00,1.060000,1.269000
K2-8 b,K2-8,2,Transit,2015,10.35239000000,0.0856000000,3.58000000,12.50000000,403.51300000,169.7935178,-0.2844389,K3 V,4870.00,0.780000,0.740000
K2-8 c,K2-8,2,Transit,2016,5.06416000000,0.0532000000,2.41000000,6.39000000,403.51300000,169.7935178,-0.2844389,K3 V,4870.00,0.780000,0.740000
K2-80 b,K2-80,3,Transit,2016,19.09180000000,0.1350000000,2.01000000,4.70000000,200.80200000,59.0374860,13.5590288,,5441.00,0.900000,0.870000
K2-80 c,K2-80,3,Transit,2016,5.60500000000,0.0596000000,1.47000000,2.76000000,200.80200000,59.0374860,13.5590288,,5441.00,0.900000,0.870000
K2-80 d,K2-80,3,Transit,2018,28.86725300000,,2.55211506,7.04000000,200.80200000,59.0374860,13.5590288,,5377.00,0.913111,0.841458
K2-81 b,K2-81,1,Transit,2016,6.10232500000,0.0590000000,1.97000000,4.54000000,252.31800000,57.4854562,14.5020556,,4674.13,0.745273,0.634663
K2-83 b,K2-83,2,Transit,2016,2.74697000000,0.0301400000,1.24400000,2.08000000,125.52900000,59.9013782,15.5587994,,3910.00,0.484000,0.424000
K2-83 c,K2-83,2,Transit,2016,9.99767000000,0.0713100000,1.48300000,2.80000000,125.52900000,59.9013782,15.5587994,,3910.00,0.484000,0.424000
K2-84 b,K2-84,2,Transit,2016,6.42150000000,0.0665000000,2.41000000,6.39000000,284.87600000,55.8093566,16.6344396,,5652.00,0.950000,0.930000
K2-84 c,K2-84,2,Transit,2016,27.86000000000,0.1768000000,2.03000000,4.78000000,284.87600000,55.8093566,16.6344396,,5652.00,0.950000,0.930000
K2-85 b,K2-85,1,Transit,2016,0.68453862616,0.0130000000,1.40000000,3.20000000,97.21790000,59.4648290,18.4649505,,4232.00,0.700000,0.710000
K2-86 b,K2-86,1,Transit,2016,8.77683000000,0.0770000000,1.96000000,4.50000000,258.69900000,51.5531053,18.6355718,,5482.00,0.790000,0.760000
K2-87 b,K2-87,1,Transit,2016,9.72661800000,0.0940000000,7.60000000,44.90000000,491.24200000,66.2363638,18.8273617,,5747.00,1.164000,1.401000
K2-88 b,K2-88,1,Transit,2016,4.61220000000,0.0345000000,1.23000000,2.04000000,110.56100000,54.7514566,19.1199667,,3537.00,0.258000,0.256000
K2-89 b,K2-89,1,Transit,2016,1.09602600000,0.0146200000,0.61500000,0.17000000,86.03860000,57.0671234,20.4594885,,3691.00,0.347000,0.318000
K2-9 b,K2-9,1,Transit,2015,18.44980000000,0.0910000000,2.25000000,5.69000000,82.96310000,176.2637240,0.0054085,M2.5 V,3390.00,0.300000,0.310000
K2-90 b,K2-90,2,Transit,2016,13.73331400000,0.0960000000,2.60000000,7.27000000,134.18800000,59.1527391,22.4724517,,4484.00,0.629000,0.619000
K2-90 c,K2-90,2,Transit,2016,2.90070600000,0.0350000000,1.30000000,2.24000000,134.18800000,59.1527391,22.4724517,,4421.98,0.704613,0.634754
K2-91 b,K2-91,1,Transit,2016,1.41954900000,0.0164000000,1.10000000,1.37000000,62.57850000,63.2182348,24.2047218,,3622.00,0.292000,0.284000
K2-95 b,K2-95,1,Transit,2016,10.13464540000,0.0525000000,3.31000000,11.00000000,179.85400000,129.3625717,18.9766197,M3.0,3566.00,0.410000,0.400000
K2-97 b,K2-97,1,Transit,2016,8.40711500000,0.0854000000,13.45077684,174.48779544,878.43000000,127.7628370,10.8475571,,4673.00,1.170000,4.140000
K2-98 b,K2-98,1,Transit,2016,10.13673490000,0.0986000000,5.06645928,34.00763955,518.62500000,126.4882114,11.5110933,F8 V,6260.00,1.246000,1.518000
K2-99 b,K2-99,2,Transit,2016,18.24783000000,0.1530000000,11.88151954,276.51071409,519.22900000,208.7737624,-5.4424943,G0 IV,6069.00,1.440000,2.550000
K2-99 c,K2-99,2,Radial Velocity,2022,522.20000000000,1.4300000000,12.60000000,2669.75861880,519.22900000,208.7737624,-5.4424943,G0 IV,6069.00,1.440000,2.550000
kap And b,kap And,1,Imaging,2012,,55.0000000000,15.91675259,5498.43144110,50.01770000,355.1025974,44.3338511,B9 IVn,11327.00,2.768000,2.109000
kap CrB b,kap CrB,1,Radial Velocity,2007,1253.68000000000,2.5000000000,13.40000000,591.16380000,30.06510000,237.8080012,35.6558818,K0 III-IV,4840.00,1.330000,4.680000
Kapteyn c,Kapteyn,1,Radial Velocity,2014,121.54000000000,0.3110000000,2.54000000,7.00000000,3.93305000,77.9586613,-45.0430198,M2.0V,3550.00,0.281000,0.291000
KELT-1 b,KELT-1,1,Transit,2012,1.21751400000,0.0246600000,12.44200000,8654.15000000,268.43000000,0.3620995,39.3837953,,6516.00,1.335000,1.471000
KELT-10 b,KELT-10,1,Transit,2016,4.16627390000,0.0525000000,15.68139100,215.80657000,188.40400000,284.5483823,-47.0033072,G0 V,5948.00,1.112000,1.209000
KELT-11 b,KELT-11,1,Transit,2017,4.73620865000,0.0623000000,15.13212395,65.15482343,99.15960000,161.7069053,-9.3993646,G8/K0 IV,5375.00,1.440000,2.690000
KELT-12 b,KELT-12,1,Transit,2017,5.03162300000,0.0670800000,19.95202000,301.93850000,368.03000000,267.6404906,36.5701761,,6279.00,1.591000,2.370000
KELT-14 b,KELT-14,1,Transit,2016,1.71005660000,0.0300500000,19.53728700,408.09372000,250.12100000,108.3014090,-42.4097623,G4,5720.00,1.239000,1.520000
KELT-15 b,KELT-15,1,Transit,2016,3.32944000000,0.0461300000,19.50366000,416.35730000,324.68300000,117.4149764,-52.1204471,,6003.00,2.060000,1.780000
KELT-16 b,KELT-16,1,Transit,2017,0.96899510000,0.0204400000,15.86073500,874.03250000,444.58600000,314.2685227,31.6610186,F7 V,6236.00,1.211000,1.360000
KELT-17 b,KELT-17,1,Transit,2016,3.08017160000,0.0488100000,17.09372500,416.35730000,226.50000000,125.6174070,13.7353093,A,7454.00,1.635000,1.645000
KELT-18 b,KELT-18,1,Transit,2017,2.87175180000,0.0455000000,17.59813000,375.03940000,321.37600000,216.5238248,59.4442735,F4 V,6670.00,1.524000,1.908000
KELT-19 A b,KELT-19 A,1,Transit,2017,4.61170930000,0.0637000000,21.40919000,1293.56810000,300.27600000,111.5095293,7.6157759,A8 V,7500.00,1.620000,1.830000
KELT-2 A b,KELT-2 A,1,Transit,2012,4.11379000000,0.0549700000,15.13215000,540.31100000,134.05800000,92.6640226,30.9571333,F8,6327.00,1.540000,1.930000
KELT-20 b,KELT-20,1,Transit,2017,3.47410850000,0.0542000000,19.51486900,1074.90106000,136.42600000,294.6614126,31.2192001,A2 V,8720.00,1.760000,1.565000
KELT-21 b,KELT-21,1,Transit,2018,3.61276470000,0.0522400000,17.77747400,1242.71530000,470.87800000,304.8000322,32.5810446,A8 V,7598.00,1.458000,1.638000
KELT-23 A b,KELT-23 A,1,Transit,2019,2.25525100000,0.0330200000,14.82950700,298.12454000,126.26100000,232.1466406,66.3587097,G2 V,5899.00,0.944000,0.996000
KELT-24 b,KELT-24,1,Transit,2019,5.55149296000,0.0665000000,12.71098411,1458.83238813,96.51730000,161.9090273,71.6557270,F7,6426.00,1.268000,1.338000
KELT-3 b,KELT-3,1,Transit,2013,2.70339000000,0.0412300000,17.48604000,616.59020000,210.25200000,148.6431193,40.3879446,,6304.00,1.960000,1.700000
KELT-4 A b,KELT-4 A,1,Transit,2016,2.98959320000,0.0431700000,19.04409100,286.68266000,218.05000000,157.0626200,25.5731366,F,6206.00,1.201000,1.603000
KELT-6 b,KELT-6,2,Transit,2014,7.84570000000,0.0793900000,14.57170000,165.27160000,240.72600000,195.9818362,30.6401450,F8,6102.00,1.420000,1.730000
KELT-6 c,KELT-6,2,Radial Velocity,2015,1276.00000000000,2.3900000000,13.00000000,1179.14930000,240.72600000,195.9818362,30.6401450,F8,6272.00,1.126000,1.529000
KELT-7 b,KELT-7,1,Transit,2015,2.73477000000,0.0441500000,17.93440000,441.78370000,136.68100000,78.2955912,33.3179532,F,6768.00,1.760000,1.810000
KELT-8 b,KELT-8,1,Transit,2015,3.24406000000,0.0455000000,18.15858000,209.76780000,197.57200000,283.3054489,24.1272483,G2 V,5754.00,0.810000,1.460000
KELT-9 b,KELT-9,1,Transit,2017,1.48112350000,0.0336800000,21.70058664,915.34581216,204.45500000,307.8598998,39.9389161,A,9270.00,2.320000,2.418000
Kepler-10 b,Kepler-10,3,Transit,2011,0.83749070000,0.0168500000,1.47000000,3.24000000,185.50600000,285.6792980,50.2414842,,5708.00,0.910000,1.065000
Kepler-10 c,Kepler-10,3,Transit,2011,45.29430100000,0.2410000000,2.35500000,11.29000000,185.50600000,285.6792980,50.2414842,,5708.00,0.910000,1.065000
Kepler-10 d,Kepler-10,3,Radial Velocity,2023,151.06000000000,0.5379000000,3.49000000,12.00000000,185.50600000,285.6792980,50.2414842,,5708.00,0.910000,1.065000
Kepler-100 b,Kepler-100,4,Transit,2014,6.88734000000,0.0730900000,1.34000000,4.01000000,304.64500000,291.3861294,41.9901394,,5837.00,1.130000,1.510000
Kepler-100 c,Kepler-100,4,Transit,2014,12.81590000000,0.1106100000,2.20000000,7.05000000,304.64500000,291.3861294,41.9901394,,5825.00,1.080000,1.490000
Kepler-100 d,Kepler-100,4,Transit,2014,35.33310000000,0.2174700000,1.61000000,3.00000000,304.64500000,291.3861294,41.9901394,,5825.00,1.080000,1.490000
Kepler-100 e,Kepler-100,4,Radial Velocity,2023,60.88858800000,0.3123915860,5.27000000,24.14271827,304.64500000,291.3861294,41.9901394,,5884.00,1.097000,1.500000
Kepler-1000 b,Kepler-1000,1,Transit,2016,120.01812720000,0.5326000000,4.76000000,20.30000000,1115.62000000,286.6854729,47.0981948,,6453.00,1.400000,1.510000
Kepler-1001 b,Kepler-1001,2,Transit,2016,14.30511983000,0.1114700000,3.15000000,10.10000000,928.97800000,286.2739151,48.6186972,,5491.00,0.900000,0.880000
Kepler-1001 c,Kepler-1001,2,Transit,2020,9.18186000000,0.0829600000,1.57799279,3.11000000,928.97800000,286.2739151,48.6186972,,5376.00,0.930000,0.836475
Kepler-1002 b,Kepler-1002,1,Transit,2016,4.33642933100,0.0564000000,1.71000000,3.57000000,408.30300000,293.0794629,43.0736770,,6144.00,1.220000,1.570000
Kepler-1003 b,Kepler-1003,1,Transit,2016,3.55485691500,0.0433300000,1.78000000,3.82000000,941.90200000,292.0204349,44.8762427,,6109.00,1.110000,1.170000
Kepler-1004 b,Kepler-1004,1,Transit,2016,5.28789787000,0.0679100000,6.28000000,32.50000000,1152.68000000,297.3593427,49.7975464,,4972.00,1.110000,3.390000
Kepler-1005 b,Kepler-1005,1,Transit,2016,6.49801525000,0.0671700000,1.50000000,2.86000000,567.80600000,286.2858998,43.3205085,,5782.00,1.000000,1.060000
Kepler-1006 b,Kepler-1006,1,Transit,2016,19.76172042000,0.1464000000,1.54000000,2.99000000,1081.73800000,295.7542063,42.5373065,,5328.00,0.780000,0.740000
Kepler-1007 b,Kepler-1007,1,Transit,2016,5.18500207300,0.0480000000,1.44000000,2.67000000,365.00000000,295.9065297,45.8090893,,4587.00,0.730000,0.700000
Kepler-1008 b,Kepler-1008,1,Transit,2016,12.43931193000,0.0975500000,1.28000000,2.18000000,282.56500000,296.5476395,44.9418307,,5066.00,0.810000,0.780000
Kepler-1009 b,Kepler-1009,1,Transit,2016,11.35011917000,0.0796000000,2.17000000,5.35000000,355.01900000,282.8598614,42.6658336,,4027.00,0.590000,0.570000
Kepler-101 b,Kepler-101,2,Transit,2014,3.48768120000,0.0474000000,5.77000000,51.10000000,927.98100000,283.2555070,48.3552474,G3 IV,5667.00,1.170000,1.560000
Kepler-101 c,Kepler-101,2,Transit,2014,6.02976000000,0.0684000000,1.25000000,3.78000000,927.98100000,283.2555070,48.3552474,G3 IV,5667.00,1.170000,1.560000
Kepler-1010 b,Kepler-1010,1,Transit,2016,34.26857050000,0.1930000000,2.32000000,5.99000000,579.27300000,289.1926026,44.1493165,,5253.00,0.860000,0.820000
Kepler-1011 b,Kepler-1011,1,Transit,2016,5.75322197400,0.0633000000,2.87000000,8.60000000,736.77900000,297.4015491,46.8239976,,5416.00,0.910000,0.880000
Kepler-1012 b,Kepler-1012,1,Transit,2016,5.50860439000,0.0606600000,1.29000000,2.21000000,411.07700000,289.2962253,46.4579889,,5556.00,0.950000,0.910000
Kepler-1013 b,Kepler-1013,1,Transit,2016,18.93054959000,0.1370000000,2.15000000,5.27000000,422.24600000,290.2481023,44.4352935,,4954.00,0.810000,0.760000
Kepler-1014 b,Kepler-1014,1,Transit,2016,16.57110363000,0.1210000000,2.39000000,6.30000000,624.80000000,285.1219875,44.1105331,,5388.00,0.880000,0.840000
Kepler-1015 b,Kepler-1015,1,Transit,2016,16.00494214000,0.1345000000,3.55000000,12.30000000,739.35700000,292.7573088,43.4268439,,6769.00,1.490000,1.810000
Kepler-1016 b,Kepler-1016,2,Transit,2016,1.95452434200,0.0304400000,2.18000000,5.39000000,1402.82000000,294.6136890,45.9846265,,5821.00,0.990000,1.000000
Kepler-1016 c,Kepler-1016,2,Transit,2016,105.65513690000,0.4351900000,3.68000000,13.10000000,1402.82000000,294.6136890,45.9846265,,5821.00,0.990000,1.000000
Kepler-1017 b,Kepler-1017,1,Transit,2016,7.23400469000,0.0719600000,1.99000000,4.62000000,552.05800000,283.4692990,40.1325185,,5473.00,0.930000,0.870000
Kepler-1018 b,Kepler-1018,1,Transit,2016,49.10135140000,0.2530000000,2.58000000,7.18000000,1010.01000000,283.5967317,45.4078654,,5518.00,0.910000,0.880000
Kepler-1019 b,Kepler-1019,1,Transit,2016,1.41122984700,0.0221000000,1.46000000,2.73000000,194.18200000,283.7175909,47.2043818,,4433.00,0.700000,0.670000
Kepler-102 b,Kepler-102,5,Transit,2014,5.28696500000,0.0552100000,0.46000000,1.10000000,107.79600000,281.4824731,47.2078263,,4909.00,0.803000,0.724000
Kepler-102 c,Kepler-102,5,Transit,2014,7.07139200000,0.0670200000,0.56700000,1.70000000,107.79600000,281.4824731,47.2078263,,4909.00,0.803000,0.724000
Kepler-102 d,Kepler-102,5,Transit,2014,10.31176700000,0.0861800000,1.15400000,3.00000000,107.79600000,281.4824731,47.2078263,,4909.00,0.803000,0.724000
Kepler-102 e,Kepler-102,5,Transit,2013,16.14569940000,0.1162000000,2.17000000,4.70000000,107.79600000,281.4824731,47.2078263,,4909.00,0.803000,0.724000
Kepler-102 f,Kepler-102,5,Transit,2014,27.45359200000,0.1656000000,0.86100000,4.30000000,107.79600000,281.4824731,47.2078263,,4909.00,0.803000,0.724000
Kepler-1020 b,Kepler-1020,1,Transit,2016,96.91514960000,0.3759400000,2.28000000,5.82000000,415.35800000,292.6724710,46.3772776,,5227.00,0.870000,0.800000
Kepler-1021 b,Kepler-1021,1,Transit,2016,13.47469571000,0.1034000000,2.33000000,6.04000000,810.08200000,295.2048999,42.5596699,,5431.00,0.890000,0.860000
Kepler-1022 b,Kepler-1022,1,Transit,2016,10.99469878000,0.0805000000,2.36000000,6.17000000,420.04200000,289.3520595,46.9736345,,4445.00,0.710000,0.680000
Kepler-1023 b,Kepler-1023,1,Transit,2016,62.13877140000,0.3028400000,2.63000000,7.41000000,694.17500000,289.0297232,49.7697034,,5494.00,0.930000,0.890000
Kepler-1024 b,Kepler-1024,1,Transit,2016,66.41621330000,0.3033000000,3.91000000,14.50000000,1087.40000000,291.9510277,38.2516419,,5143.00,0.810000,0.780000
Kepler-1025 b,Kepler-1025,1,Transit,2016,37.32294930000,0.2160700000,1.98000000,4.58000000,803.77600000,284.5102140,43.9615628,,6089.00,1.090000,1.130000
Kepler-1026 b,Kepler-1026,1,Transit,2016,36.51560530000,0.1977000000,2.21000000,5.52000000,351.23900000,283.6053012,39.9979286,,4948.00,0.790000,0.750000
Kepler-1027 b,Kepler-1027,1,Transit,2016,1.90780519900,0.0291100000,0.89000000,0.64000000,405.10400000,287.5711746,42.8138159,,5436.00,0.910000,0.820000
Kepler-1028 b,Kepler-1028,1,Transit,2016,2.51462432000,0.0354000000,1.33000000,2.33000000,607.91600000,289.5931004,49.7812447,,5522.00,0.900000,0.870000
Kepler-1029 b,Kepler-1029,1,Transit,2016,4.41769647900,0.0470000000,1.26000000,2.13000000,366.65600000,292.1328738,41.5474786,,5030.00,0.820000,0.770000
Kepler-103 b,Kepler-103,2,Transit,2014,15.96532870000,0.1330000000,3.48570000,11.67000000,494.83200000,288.9845512,40.0644857,G2,6047.00,1.212000,1.492000
Kepler-103 c,Kepler-103,2,Transit,2014,179.60978000000,0.6679000000,5.45390000,58.47000000,494.83200000,288.9845512,40.0644857,G2,6047.00,1.212000,1.492000
Kepler-1030 b,Kepler-1030,1,Transit,2016,19.32952416000,0.1338000000,2.48000000,6.71000000,758.70200000,293.6819098,45.8175241,,4983.00,0.800000,0.760000
Kepler-1031 b,Kepler-1031,1,Transit,2016,1.22621732000,0.0218000000,0.87000000,0.59000000,682.88200000,296.0898796,48.9554121,,6011.00,1.090000,1.120000
Kepler-1032 b,Kepler-1032,1,Transit,2016,3.29011795300,0.0361000000,1.87000000,4.16000000,673.01000000,289.9308779,40.0977109,,4647.00,0.770000,0.710000
Kepler-1033 b,Kepler-1033,1,Transit,2016,7.56052806000,0.0761000000,2.51000000,6.85000000,1455.50000000,283.8450963,44.6090251,,5547.00,0.940000,0.920000
Kepler-1034 b,Kepler-1034,1,Transit,2016,12.12400943000,0.0965000000,2.26000000,5.73000000,654.54900000,286.1154093,37.9669464,,5198.00,0.830000,0.800000
Kepler-1035 b,Kepler-1035,1,Transit,2016,2.71407755500,0.0388300000,1.17000000,1.71000000,562.11600000,289.0422430,42.8824991,,5763.00,0.980000,0.970000
Kepler-1036 b,Kepler-1036,1,Transit,2016,122.88080580000,0.4772600000,3.01000000,9.32000000,489.43500000,295.1817093,49.9458172,,5533.00,0.950000,0.890000
Kepler-1037 b,Kepler-1037,1,Transit,2016,1.06378867300,0.0198000000,1.28000000,2.18000000,446.91400000,296.3410342,47.1709335,,5105.00,0.820000,0.780000
Kepler-1038 b,Kepler-1038,2,Transit,2016,148.46033820000,0.5238000000,3.53000000,12.20000000,584.13600000,298.9721472,44.1323499,,5335.00,0.870000,0.830000
Kepler-1038 c,Kepler-1038,2,Transit,2021,7.12765979800,0.0692000000,1.41623380,2.59000000,584.13600000,298.9721472,44.1323499,,5159.00,0.868000,0.821000
Kepler-1039 b,Kepler-1039,1,Transit,2016,0.93488424200,0.0171400000,1.46000000,2.73000000,306.91000000,298.3266169,45.3154212,,4870.00,0.790000,0.740000
Kepler-104 b,Kepler-104,3,Transit,2014,11.42754800000,0.0940000000,3.10000000,19.60000000,400.78500000,287.6046621,42.1665104,,5711.00,0.818000,1.349000
Kepler-104 c,Kepler-104,3,Transit,2014,23.66820500000,0.1530000000,3.13000000,7.14430805,400.78500000,287.6046621,42.1665104,,5711.00,0.818000,1.349000
Kepler-104 d,Kepler-104,3,Transit,2014,51.75539400000,0.2570000000,3.58000000,5.54022107,400.78500000,287.6046621,42.1665104,,5711.00,0.818000,1.349000
Kepler-1040 b,Kepler-1040,1,Transit,2016,201.12140000000,0.6724900000,2.08000000,4.98000000,482.11900000,283.1137663,48.1312774,,5694.00,0.980000,0.960000
Kepler-1041 b,Kepler-1041,1,Transit,2016,24.75764210000,0.1688000000,2.94000000,8.96000000,1485.82000000,293.8817361,49.6831419,,5957.00,1.060000,1.080000
Kepler-1042 b,Kepler-1042,1,Transit,2016,10.13202575000,0.0756000000,2.19000000,5.43000000,659.00000000,288.6689428,39.8239935,,4815.00,0.750000,0.720000
Kepler-1043 b,Kepler-1043,1,Transit,2016,38.50533980000,0.2159000000,2.55000000,7.04000000,903.33200000,281.6629579,47.5685927,,5629.00,0.920000,0.900000
Kepler-1044 b,Kepler-1044,1,Transit,2016,6.77408868000,0.0741000000,2.67000000,7.61000000,1278.96000000,293.1444017,46.6662155,,5985.00,1.080000,1.110000
Kepler-1045 b,Kepler-1045,1,Transit,2016,26.41045478000,0.1616000000,2.69000000,7.70000000,942.48500000,284.1832668,45.0740897,,5301.00,0.860000,0.820000
Kepler-1046 b,Kepler-1046,1,Transit,2016,14.37508035000,0.1185800000,1.71000000,3.57000000,721.53400000,296.7558056,46.9982799,,5913.00,1.040000,1.040000
Kepler-1047 b,Kepler-1047,2,Transit,2016,56.18868870000,0.2987100000,2.09000000,5.02000000,817.64700000,288.6462564,50.7889645,,5754.00,1.080000,1.130000
Kepler-1047 c,Kepler-1047,2,Transit,2016,3.18897601000,0.0441300000,0.99000000,0.93700000,817.64700000,288.6462564,50.7889645,,5754.00,1.080000,1.130000
Kepler-1048 b,Kepler-1048,1,Transit,2016,6.92101021000,0.0590000000,1.61000000,3.22000000,556.00600000,281.8983042,42.1657112,,4651.00,0.750000,0.700000
Kepler-1049 b,Kepler-1049,1,Transit,2016,3.27346073600,0.0349000000,0.95000000,0.80900000,162.00600000,287.3469567,47.7729078,,3864.00,0.510000,0.490000
Kepler-105 b,Kepler-105,2,Transit,2013,5.41220340000,0.0601600000,2.53000000,10.80000000,459.22300000,287.8872376,46.2761224,,5933.00,0.991000,1.026000
Kepler-105 c,Kepler-105,2,Transit,2014,7.12592000000,0.0722900000,1.44000000,5.60000000,459.22300000,287.8872376,46.2761224,,5933.00,0.991000,1.026000
Kepler-1050 b,Kepler-1050,2,Transit,2016,15.37875460000,0.1235300000,1.60000000,3.19000000,490.48800000,282.9249847,48.6264015,,6010.00,1.090000,1.130000
Kepler-1050 c,Kepler-1050,2,Transit,2016,21.12845690000,0.1526400000,1.48000000,2.79000000,490.48800000,282.9249847,48.6264015,,6010.00,1.090000,1.130000
Kepler-1051 b,Kepler-1051,1,Transit,2016,25.96200249000,0.1839500000,3.40000000,11.50000000,829.34300000,295.1581062,40.8988186,,6675.00,1.430000,1.730000
Kepler-1052 b,Kepler-1052,2,Transit,2016,34.85382760000,0.2098800000,2.93000000,8.91000000,943.44400000,295.3427300,46.6022134,,5888.00,1.030000,1.030000
Kepler-1052 c,Kepler-1052,2,Transit,2023,180.92172900000,0.6135000000,2.30000000,5.90000000,943.44400000,295.3427300,46.6022134,,5818.00,0.937000,0.848000
Kepler-1053 b,Kepler-1053,1,Transit,2016,2.41435165400,0.0315000000,0.98000000,0.90400000,151.12900000,291.4186349,39.1273664,,4529.00,0.740000,0.690000
Kepler-1054 b,Kepler-1054,1,Transit,2016,4.30655689000,0.0554200000,2.63000000,7.41000000,1090.51000000,290.6011085,44.5563604,,6209.00,1.220000,1.340000
Kepler-1055 b,Kepler-1055,1,Transit,2016,2.29503623300,0.0335000000,1.23000000,2.04000000,389.39700000,290.4867838,44.9325410,,5723.00,0.980000,0.940000
Kepler-1056 b,Kepler-1056,1,Transit,2016,27.49560600000,0.1629000000,3.01000000,9.32000000,982.51000000,299.5259832,46.8992561,,6127.00,1.120000,1.200000
Kepler-1057 b,Kepler-1057,1,Transit,2016,14.08827448000,0.1138000000,3.36000000,11.20000000,1201.82000000,297.4521311,41.5580816,,5987.00,1.070000,1.100000
Kepler-1058 b,Kepler-1058,1,Transit,2016,110.96546000000,0.3679000000,2.72000000,7.85000000,491.99700000,294.5956256,45.8750556,,4644.00,0.730000,0.690000
Kepler-1059 b,Kepler-1059,1,Transit,2016,3.76419104800,0.0440000000,1.73000000,3.64000000,713.16700000,289.2202147,41.7064385,,4906.00,0.750000,0.720000
Kepler-106 b,Kepler-106,4,Transit,2014,6.16486000000,0.0649100000,0.82000000,5.30000000,444.32200000,300.8640060,44.3375497,,5858.00,1.000000,1.040000
Kepler-106 c,Kepler-106,4,Transit,2014,13.57080000000,0.1098700000,2.50000000,10.44000000,444.32200000,300.8640060,44.3375497,,5858.00,1.000000,1.040000
Kepler-106 d,Kepler-106,4,Transit,2014,23.98020000000,0.1606300000,0.95000000,8.10000000,444.32200000,300.8640060,44.3375497,,5858.00,1.000000,1.040000
Kepler-106 e,Kepler-106,4,Transit,2014,43.84450000000,0.2400600000,2.56000000,11.17000000,444.32200000,300.8640060,44.3375497,,5858.00,1.000000,1.040000
Kepler-1060 b,Kepler-1060,1,Transit,2016,46.87793670000,0.2495000000,2.38000000,6.26000000,946.56500000,286.0252285,39.6309204,,5797.00,0.990000,0.990000
Kepler-1061 b,Kepler-1061,1,Transit,2016,2.75798266600,0.0388000000,1.98000000,4.58000000,543.37500000,296.2300306,50.2752091,,6067.00,1.090000,1.070000
Kepler-1062 b,Kepler-1062,1,Transit,2016,9.30412078000,0.0748000000,1.76000000,3.75000000,397.45500000,283.8994187,41.2215940,,4597.00,0.750000,0.700000
Kepler-1063 b,Kepler-1063,1,Transit,2016,14.07971466000,0.1176000000,1.49000000,2.83000000,343.22600000,290.5267975,38.1428283,,5945.00,1.090000,1.140000
Kepler-1064 b,Kepler-1064,1,Transit,2016,16.54080322000,0.1183000000,1.55000000,3.02000000,374.00000000,291.7415821,37.6888103,,5153.00,0.850000,0.790000
Kepler-1065 b,Kepler-1065,2,Transit,2016,3.60930890700,0.0455000000,3.73000000,13.40000000,1122.48000000,294.5113190,38.7904648,,5635.00,0.940000,0.930000
Kepler-1065 c,Kepler-1065,2,Transit,2016,2.37030743000,0.0344000000,1.60000000,3.19000000,1122.48000000,294.5113190,38.7904648,,5635.00,0.940000,0.930000
Kepler-1066 b,Kepler-1066,1,Transit,2016,1.93155983900,0.0298000000,2.36000000,6.17000000,344.25100000,298.8666210,46.5022325,,5762.00,0.980000,0.980000
Kepler-1067 b,Kepler-1067,2,Transit,2016,0.76212926100,0.0164000000,0.80000000,0.43700000,667.69300000,285.3873706,45.0490265,,5592.00,0.950000,0.930000
Kepler-1067 c,Kepler-1067,2,Transit,2021,5.42583990100,0.0606900000,1.74682428,3.70000000,667.69300000,285.3873706,45.0490265,,5594.00,0.981000,0.934000
Kepler-1068 b,Kepler-1068,1,Transit,2016,16.92344113000,0.1303800000,3.63000000,12.80000000,1473.61000000,294.6481708,46.3923173,,5806.00,1.010000,1.010000
Kepler-1069 b,Kepler-1069,1,Transit,2016,23.89902960000,0.1658700000,1.60000000,3.19000000,695.96700000,290.9792378,47.9889097,,5722.00,0.990000,0.980000
Kepler-107 b,Kepler-107,4,Transit,2014,3.18002180000,0.0454400000,1.53600000,3.80000000,525.99700000,297.0281620,48.2086019,,5854.00,1.238000,1.447000
Kepler-107 c,Kepler-107,4,Transit,2014,4.90145200000,0.0606400000,1.59700000,10.00000000,525.99700000,297.0281620,48.2086019,,5854.00,1.238000,1.447000
Kepler-107 d,Kepler-107,4,Transit,2014,7.95839000000,0.0837700000,0.86000000,7.70000000,525.99700000,297.0281620,48.2086019,,5854.00,1.238000,1.447000
Kepler-107 e,Kepler-107,4,Transit,2014,14.74914300000,0.1263800000,2.90300000,14.10000000,525.99700000,297.0281620,48.2086019,,5854.00,1.238000,1.447000
Kepler-1070 b,Kepler-1070,1,Transit,2016,6.22161470000,0.0675300000,1.73000000,3.64000000,939.00100000,293.1953923,49.3165410,,6261.00,1.210000,1.320000
Kepler-1071 b,Kepler-1071,1,Transit,2016,6.17998440000,0.0629000000,2.38000000,6.26000000,1042.27000000,293.0579794,45.2487472,,5215.00,0.860000,0.810000
Kepler-1072 b,Kepler-1072,1,Transit,2016,1.56906650200,0.0274200000,1.58000000,3.12000000,982.71600000,292.0443891,46.3289723,,6199.00,1.200000,1.320000
Kepler-1073 b,Kepler-1073,3,Transit,2016,8.67888593000,0.0805000000,2.30000000,5.90000000,809.89700000,294.1527259,38.2330886,,5792.00,1.000000,1.000000
Kepler-1073 c,Kepler-1073,3,Transit,2016,4.02582254000,0.0483000000,1.64000000,3.33000000,809.89700000,294.1527259,38.2330886,,5792.00,1.000000,1.000000
Kepler-1073 d,Kepler-1073,3,Transit,2021,2.50476002700,0.0352000000,1.48770949,2.82000000,809.89700000,294.1527259,38.2330886,,5509.00,0.924000,1.116000
Kepler-1074 b,Kepler-1074,1,Transit,2016,5.94566534000,0.0536000000,1.25000000,2.10000000,250.81700000,284.4766869,46.2526781,,4002.00,0.600000,0.570000
Kepler-1075 b,Kepler-1075,1,Transit,2016,1.52372816000,0.0208000000,1.42000000,2.60000000,291.27500000,287.5011404,47.4691157,,3959.00,0.560000,0.540000
Kepler-1076 b,Kepler-1076,1,Transit,2016,6.14727918000,0.0611000000,0.80000000,0.43700000,199.00000000,287.5902594,51.0606047,,4868.00,0.790000,0.740000
Kepler-1077 b,Kepler-1077,1,Transit,2016,34.35118740000,0.2101000000,2.77000000,8.10000000,1101.42000000,291.0336333,42.2678448,,5816.00,1.020000,1.020000
Kepler-1078 b,Kepler-1078,1,Transit,2016,3.00725242000,0.0388000000,1.90000000,4.27000000,2481.71000000,293.2005664,43.0500379,,5612.00,0.940000,0.920000
Kepler-1079 b,Kepler-1079,1,Transit,2016,13.24503188000,0.1092000000,1.63000000,3.29000000,591.09800000,299.5495794,45.7696769,,5758.00,1.080000,1.360000
Kepler-108 b,Kepler-108,2,Transit,2014,49.18392100000,0.2920000000,8.65000000,56.00000000,338.73200000,294.5589885,46.0623952,,5854.00,1.247000,2.192000
Kepler-108 c,Kepler-108,2,Transit,2014,190.32349400000,0.7210000000,8.18000000,50.90000000,338.73200000,294.5589885,46.0623952,,5854.00,1.247000,2.192000
Kepler-1080 b,Kepler-1080,1,Transit,2016,77.25483960000,0.3781000000,3.28000000,10.80000000,1382.82000000,296.4644914,49.1828952,,5956.00,1.100000,1.160000
Kepler-1081 b,Kepler-1081,1,Transit,2016,3.85691854700,0.0466200000,1.01000000,1.01000000,420.21500000,289.4447520,41.3179652,,5345.00,0.880000,0.840000
Kepler-1082 b,Kepler-1082,1,Transit,2016,1.54320660400,0.0257100000,1.12000000,1.46000000,739.55700000,289.3586737,50.5984489,,5923.00,1.030000,1.140000
Kepler-1083 b,Kepler-1083,1,Transit,2016,33.41779930000,0.1899000000,3.36000000,11.20000000,902.63300000,283.1618831,45.1983360,,5049.00,0.810000,0.770000
Kepler-1084 b,Kepler-1084,1,Transit,2016,2.05333679000,0.0324000000,1.11000000,1.41000000,405.53300000,290.1019809,48.2511460,,6113.00,1.120000,1.280000
Kepler-1085 b,Kepler-1085,2,Transit,2016,219.32175280000,0.7336100000,7.22000000,41.20000000,1364.53000000,287.4776359,46.1411685,,6000.00,1.110000,1.140000
Kepler-1085 c,Kepler-1085,2,Transit,2020,56.77710000000,0.2979800000,3.26817741,10.70000000,1364.53000000,287.4776359,46.1411685,,5816.00,1.050000,1.078300
Kepler-1086 b,Kepler-1086,2,Transit,2016,18.78425728000,0.1198000000,2.44000000,6.53000000,466.08400000,295.2511870,45.8429537,,4350.00,0.700000,0.660000
Kepler-1086 c,Kepler-1086,2,Transit,2016,161.51633450000,0.5030000000,2.94000000,8.96000000,466.08400000,295.2511870,45.8429537,,4350.00,0.700000,0.660000
Kepler-1087 b,Kepler-1087,1,Transit,2016,0.69384285500,0.0155400000,0.61000000,0.16500000,362.62300000,294.9789253,46.0056741,,5589.00,0.960000,0.940000
Kepler-1088 b,Kepler-1088,1,Transit,2016,23.12748644000,0.1616300000,1.42000000,2.60000000,280.62900000,281.5614578,42.4504087,,5975.00,1.080000,1.080000
Kepler-1089 b,Kepler-1089,1,Transit,2016,5.13248561800,0.0497000000,1.83000000,4.01000000,259.32800000,291.0926509,49.1901729,,3753.00,0.520000,0.490000
Kepler-109 b,Kepler-109,2,Transit,2014,6.48163070000,0.0701000000,2.49000000,4.90000000,474.86100000,290.3926795,40.2849074,,5950.00,1.094000,1.387000
Kepler-109 c,Kepler-109,2,Transit,2014,21.22265000000,0.1546000000,2.65000000,8.20000000,474.86100000,290.3926795,40.2849074,,5950.00,1.094000,1.387000
Kepler-1090 b,Kepler-1090,2,Transit,2016,198.68017900000,0.6332300000,2.25000000,5.69000000,858.77000000,295.6629002,44.5258237,,5321.00,0.860000,0.820000
Kepler-1090 c,Kepler-1090,2,Transit,2021,42.42720032000,0.2262200000,3.29265785,10.90000000,858.77000000,295.6629002,44.5258237,,5330.00,0.869000,1.013000
Kepler-1091 b,Kepler-1091,1,Transit,2016,1.43474156400,0.0252000000,1.46000000,2.73000000,914.29900000,299.7854426,43.6707235,,5851.00,1.010000,1.030000
Kepler-1092 b,Kepler-1092,1,Transit,2016,58.60179250000,0.2996000000,2.07000000,4.94000000,981.23300000,297.7232008,47.1126833,,5862.00,0.990000,1.000000
Kepler-1093 b,Kepler-1093,2,Transit,2016,25.08246260000,0.1754300000,1.95000000,4.46000000,1072.88000000,284.9780251,41.4202077,,6166.00,1.130000,1.200000
Kepler-1093 c,Kepler-1093,2,Transit,2016,89.72229200000,0.4103700000,1.96000000,4.50000000,1072.88000000,284.9780251,41.4202077,,6166.00,1.130000,1.200000
Kepler-1094 b,Kepler-1094,1,Transit,2016,78.10002310000,0.3625000000,3.18000000,10.20000000,1291.01000000,292.3012109,38.2669983,,6112.00,1.140000,1.210000
Kepler-1095 b,Kepler-1095,1,Transit,2016,4.27103091000,0.0514000000,1.21000000,1.92000000,792.52200000,293.2624215,41.3650155,,5658.00,0.940000,0.920000
Kepler-1096 b,Kepler-1096,1,Transit,2016,2.89221750600,0.0340000000,1.24000000,2.07000000,377.97600000,294.7094688,45.9695533,,4306.00,0.660000,0.630000
Kepler-1097 b,Kepler-1097,1,Transit,2016,187.74702900000,0.5791000000,3.26000000,10.70000000,719.80200000,281.5941261,42.5963949,,5211.00,0.820000,0.790000
Kepler-1098 b,Kepler-1098,1,Transit,2016,2.54307285500,0.0358000000,1.30000000,2.24000000,1049.19000000,295.5026730,43.2326992,,5794.00,0.990000,0.990000
Kepler-1099 b,Kepler-1099,1,Transit,2016,2.16845259300,0.0337000000,2.83000000,8.40000000,1022.80000000,288.7499866,48.2771163,,5837.00,1.010000,1.000000
Kepler-11 b,Kepler-11,6,Transit,2010,10.30390000000,0.0910000000,1.80000000,1.90000000,646.34600000,297.1150949,41.9091092,,5663.00,0.961000,1.065000
Kepler-11 c,Kepler-11,6,Transit,2010,13.02410000000,0.1070000000,2.87000000,2.90000000,646.34600000,297.1150949,41.9091092,,5663.00,0.961000,1.065000
Kepler-11 d,Kepler-11,6,Transit,2010,22.68450000000,0.1550000000,3.12000000,7.30000000,646.34600000,297.1150949,41.9091092,,5663.00,0.961000,1.065000
Kepler-11 e,Kepler-11,6,Transit,2010,31.99960000000,0.1950000000,4.19000000,8.00000000,646.34600000,297.1150949,41.9091092,,5663.00,0.961000,1.065000
Kepler-11 f,Kepler-11,6,Transit,2010,46.68880000000,0.2500000000,2.49000000,2.00000000,646.34600000,297.1150949,41.9091092,,5663.00,0.961000,1.065000
Kepler-11 g,Kepler-11,6,Transit,2010,118.38070000000,0.4660000000,3.33000000,25.00000000,646.34600000,297.1150949,41.9091092,,5663.00,0.961000,1.065000
Kepler-110 b,Kepler-110,2,Transit,2014,12.69111200000,0.1070000000,1.83000000,4.01000000,586.53100000,292.9291693,48.6028303,,5960.00,0.989000,1.149000
Kepler-110 c,Kepler-110,2,Transit,2014,31.71977500000,0.1980000000,2.21000000,5.52000000,586.53100000,292.9291693,48.6028303,,5960.00,0.989000,1.149000
Kepler-1100 b,Kepler-1100,1,Transit,2016,6.42200058000,0.0674500000,1.75000000,3.71000000,693.61800000,291.8713535,44.0873907,,6247.00,1.210000,1.340000
Kepler-1101 b,Kepler-1101,1,Transit,2016,81.31510590000,0.3483000000,2.47000000,6.66000000,742.47300000,294.5693544,45.6711623,,5614.00,0.940000,0.910000
Kepler-1102 b,Kepler-1102,1,Transit,2016,51.32856230000,0.2731000000,2.66000000,7.56000000,1246.05000000,281.3225917,48.0664955,,5724.00,0.960000,0.940000
Kepler-1103 b,Kepler-1103,1,Transit,2016,19.79191978000,0.1533600000,2.27000000,5.77000000,1331.92000000,287.3821348,49.4524247,,6092.00,1.110000,1.150000
Kepler-1104 b,Kepler-1104,1,Transit,2016,5.03728015000,0.0632100000,1.23000000,2.04000000,530.65800000,294.4685197,49.3309789,,6417.00,1.300000,1.410000
Kepler-1105 b,Kepler-1105,1,Transit,2016,4.42157218200,0.0471000000,2.01000000,4.70000000,318.00400000,281.1117588,42.4549698,,4299.00,0.710000,0.680000
Kepler-1106 b,Kepler-1106,1,Transit,2016,1.25275217400,0.0239000000,1.65000000,3.36000000,1090.70000000,291.1451576,44.0624715,,6104.00,1.110000,1.170000
Kepler-1107 b,Kepler-1107,1,Transit,2016,0.57103851800,0.0128500000,1.34000000,2.36000000,428.79800000,291.0499340,39.1416740,,5268.00,0.860000,0.820000
Kepler-1108 b,Kepler-1108,1,Transit,2016,4.51005748000,0.0511000000,1.46000000,2.73000000,767.70100000,296.0422962,45.9851400,,5406.00,0.880000,0.840000
Kepler-1109 b,Kepler-1109,1,Transit,2016,37.64673840000,0.2466000000,2.19000000,5.43000000,685.08700000,291.6462654,39.3966122,,5893.00,1.050000,1.060000
Kepler-111 b,Kepler-111,2,Transit,2014,3.34181500000,0.0460000000,1.58000000,3.12000000,657.22300000,291.6531630,44.6882613,,5952.00,1.171000,1.157000
Kepler-111 c,Kepler-111,2,Transit,2014,224.77833000000,0.7510000000,7.08407580,222.47988490,657.22300000,291.6531630,44.6882613,,5914.00,1.118000,1.145000
Kepler-1110 b,Kepler-1110,1,Transit,2016,9.69312032000,0.0754000000,2.66000000,7.56000000,726.82800000,291.8080645,38.6226615,,4781.00,0.730000,0.700000
Kepler-1111 b,Kepler-1111,1,Transit,2016,8.79617863000,0.0872000000,2.00000000,4.66000000,841.53600000,295.4634045,45.8127697,,6077.00,1.100000,1.150000
Kepler-1112 b,Kepler-1112,1,Transit,2016,14.36267939000,0.1239000000,3.02000000,9.38000000,1671.28000000,296.9687937,47.7514799,,6496.00,1.340000,1.540000
Kepler-1113 b,Kepler-1113,1,Transit,2016,42.30049540000,0.2415000000,2.81000000,8.30000000,1073.88000000,289.4066969,39.3388130,,5931.00,1.120000,1.170000
Kepler-1114 b,Kepler-1114,1,Transit,2016,14.97435694000,0.1105600000,1.35000000,2.39000000,418.41700000,299.2370531,45.8347781,,5374.00,0.870000,0.830000
Kepler-1115 b,Kepler-1115,1,Transit,2016,23.55407250000,0.2134000000,1.70000000,3.53000000,983.24500000,294.9917723,40.1443964,,8480.00,1.600000,1.730000
Kepler-1116 b,Kepler-1116,1,Transit,2016,41.69778270000,0.2330000000,2.54000000,6.99000000,1008.57000000,291.9336573,44.1154992,,5641.00,0.950000,0.930000
Kepler-1117 b,Kepler-1117,1,Transit,2016,4.79028459000,0.0548500000,1.11000000,1.41000000,568.48700000,292.0847866,49.2374206,,5612.00,0.950000,0.930000
Kepler-1118 b,Kepler-1118,1,Transit,2016,38.67150750000,0.2079000000,2.74000000,7.95000000,888.32500000,299.9656619,44.1608805,,5688.00,0.960000,0.970000
Kepler-1119 b,Kepler-1119,1,Transit,2016,8.32651530000,0.0812000000,1.92000000,4.35000000,1757.23000000,297.0191018,44.3274936,,6083.00,1.110000,1.170000
Kepler-112 b,Kepler-112,2,Transit,2014,8.40887800000,0.0760000000,2.36000000,6.17000000,513.20600000,296.9811361,43.2097025,,5544.00,0.782000,0.841000
Kepler-112 c,Kepler-112,2,Transit,2014,28.57426300000,0.1720000000,2.40000000,6.35000000,513.20600000,296.9811361,43.2097025,,5544.00,0.782000,0.841000
Kepler-1120 b,Kepler-1120,1,Transit,2016,2.94902905200,0.0369000000,1.38000000,2.48000000,615.23100000,290.9144516,42.2865522,,4904.00,0.780000,0.740000
Kepler-1121 b,Kepler-1121,1,Transit,2016,13.15141081000,0.1181800000,1.91000000,4.31000000,482.04700000,297.7865467,47.8861542,,6231.00,1.290000,1.590000
Kepler-1122 b,Kepler-1122,1,Transit,2016,42.19173570000,0.2315000000,2.04000000,4.82000000,1230.42000000,288.2805801,46.3408747,,5544.00,0.920000,0.890000
Kepler-1123 b,Kepler-1123,1,Transit,2016,4.33946454000,0.0497000000,1.67000000,3.43000000,704.32300000,294.5177291,50.6703927,,5500.00,0.930000,0.900000
Kepler-1124 b,Kepler-1124,1,Transit,2016,2.85234897500,0.0305000000,1.28000000,2.18000000,289.89900000,286.5942529,37.8912836,,3658.00,0.350000,0.340000
Kepler-1125 b,Kepler-1125,1,Transit,2016,17.67006420000,0.1348000000,1.84000000,4.04000000,2011.41000000,295.4812018,40.7319316,,5683.00,0.950000,0.940000
Kepler-1126 b,Kepler-1126,2,Transit,2016,108.59332900000,0.4125100000,1.73000000,3.64000000,635.73600000,285.6919550,45.6893993,,5798.00,0.920000,0.930000
Kepler-1126 c,Kepler-1126,2,Transit,2023,199.66876000000,0.6193000000,1.45000000,2.70000000,635.73600000,285.6919550,45.6893993,,5678.00,0.794000,0.921000
Kepler-1127 b,Kepler-1127,1,Transit,2016,5.12330347000,0.0556000000,1.96000000,4.50000000,842.45900000,293.2173563,42.7205846,,5664.00,0.970000,0.950000
Kepler-1128 b,Kepler-1128,1,Transit,2016,61.61781670000,0.3020000000,3.65000000,12.90000000,1083.41000000,293.0633150,39.4034052,,5543.00,0.940000,0.910000
Kepler-1129 b,Kepler-1129,2,Transit,2016,24.33978040000,0.1648100000,2.96000000,9.06000000,1183.88000000,291.6044965,41.3093275,,5831.00,1.000000,1.000000
Kepler-1129 c,Kepler-1129,2,Transit,2016,76.53695860000,0.3536700000,2.73000000,7.90000000,1183.88000000,291.6044965,41.3093275,,5831.00,1.000000,1.000000
Kepler-113 b,Kepler-113,2,Transit,2014,4.75400000000,0.0512300000,1.82000000,11.70000000,262.35100000,287.9978721,50.9441847,,4725.00,0.750000,0.690000
Kepler-113 c,Kepler-113,2,Transit,2014,8.92507000000,0.0779600000,2.18000000,8.70000000,262.35100000,287.9978721,50.9441847,,4725.00,0.750000,0.690000
Kepler-1130 b,Kepler-1130,3,Transit,2016,5.45298175000,0.0596300000,0.80000000,0.43700000,249.34300000,285.2074210,45.3843330,,5403.00,0.900000,0.810000
Kepler-1130 c,Kepler-1130,3,Transit,2021,3.26663994800,0.0423800000,0.79239584,0.42200000,249.34300000,285.2074210,45.3843330,,5450.00,0.944000,0.842000
Kepler-1130 d,Kepler-1130,3,Transit,2021,4.27225017500,0.0506800000,0.64472273,0.20200000,249.34300000,285.2074210,45.3843330,,5450.00,0.944000,0.842000
Kepler-1131 b,Kepler-1131,1,Transit,2016,3.53232449000,0.0459000000,1.59000000,3.15000000,1030.70000000,295.6514492,49.2612954,,5851.00,1.030000,1.040000
Kepler-1132 b,Kepler-1132,1,Transit,2016,62.89162280000,0.2881000000,2.35000000,6.12000000,867.93100000,286.3675188,48.4238906,,5298.00,0.870000,0.830000
Kepler-1133 b,Kepler-1133,1,Transit,2016,11.55562343000,0.0983000000,1.97000000,4.54000000,753.13500000,293.3224114,42.8674925,,5569.00,0.930000,0.900000
Kepler-1134 b,Kepler-1134,1,Transit,2016,17.13263989000,0.1242000000,2.64000000,7.46000000,944.44500000,295.5678578,42.4781064,,5281.00,0.840000,0.810000
Kepler-1135 b,Kepler-1135,1,Transit,2016,76.95785700000,0.3436000000,1.85000000,4.08000000,1314.64000000,286.0029904,44.7565551,,5656.00,0.960000,0.940000
Kepler-1136 b,Kepler-1136,1,Transit,2016,2.36172432900,0.0299000000,1.64000000,3.33000000,491.40600000,284.1078441,44.2458047,,4512.00,0.720000,0.680000
Kepler-1137 b,Kepler-1137,1,Transit,2016,23.92107910000,0.1871000000,2.20000000,5.48000000,921.77800000,287.1302407,48.6653470,,6807.00,1.500000,1.840000
Kepler-1138 b,Kepler-1138,1,Transit,2016,3.17060005000,0.0415000000,1.70000000,3.53000000,872.32800000,285.8993164,48.3072850,,5582.00,0.950000,0.920000
Kepler-1139 b,Kepler-1139,1,Transit,2016,0.81316671900,0.0166400000,1.19000000,1.81000000,495.15600000,287.9455985,39.2305281,,5550.00,0.940000,0.910000
Kepler-114 b,Kepler-114,3,Transit,2014,5.18854900000,0.0530000000,1.26000000,1.09000000,259.53300000,294.1214820,48.3497977,M0 V,4605.00,0.770000,0.667000
Kepler-114 c,Kepler-114,3,Transit,2013,8.04100000000,0.0648200000,1.60000000,2.80000000,259.53300000,294.1214820,48.3497977,M0 V,4660.00,0.560000,0.540000
Kepler-114 d,Kepler-114,3,Transit,2013,11.77600000000,0.0835800000,2.53000000,3.90000000,259.53300000,294.1214820,48.3497977,M0 V,4660.00,0.560000,0.540000
Kepler-1140 b,Kepler-1140,1,Transit,2016,24.08627070000,0.1478000000,2.77000000,8.10000000,656.48000000,281.6940529,46.9465210,,4850.00,0.760000,0.730000
Kepler-1141 b,Kepler-1141,1,Transit,2016,2.34451194400,0.0349600000,0.82000000,0.47700000,393.64200000,290.5436836,47.7259073,,5791.00,1.010000,1.070000
Kepler-1142 b,Kepler-1142,1,Transit,2016,18.30272480000,0.1343000000,1.47000000,2.76000000,1273.51000000,292.7144796,44.0822816,,5685.00,0.970000,0.960000
Kepler-1143 b,Kepler-1143,2,Transit,2016,2.88890484900,0.0371000000,1.67000000,3.43000000,555.18900000,287.3027720,39.2896399,,5053.00,0.810000,0.770000
Kepler-1143 c,Kepler-1143,2,Transit,2016,210.63059100000,0.6477000000,3.60000000,12.60000000,555.18900000,287.3027720,39.2896399,,5053.00,0.810000,0.770000
Kepler-1144 b,Kepler-1144,1,Transit,2016,17.14647302000,0.1291000000,1.99000000,4.62000000,1140.57000000,290.0432936,47.2578857,,5753.00,0.980000,0.960000
Kepler-1145 b,Kepler-1145,1,Transit,2016,3.97076766000,0.0443000000,1.40000000,2.54000000,691.96100000,295.3081524,43.0444026,,5064.00,0.790000,0.750000
Kepler-1146 b,Kepler-1146,1,Transit,2016,2.35226579700,0.0325000000,1.23000000,2.04000000,703.03800000,286.7167120,47.4256580,,4692.00,0.740000,0.700000
Kepler-1147 b,Kepler-1147,1,Transit,2016,10.62784997000,0.0961000000,2.61000000,7.32000000,1657.36000000,292.5474753,41.6429221,,5941.00,1.090000,1.140000
Kepler-1148 b,Kepler-1148,1,Transit,2016,1.10446350900,0.0188000000,1.69000000,3.50000000,625.69200000,290.9536059,45.7195545,,5054.00,0.810000,0.770000
Kepler-1149 b,Kepler-1149,1,Transit,2016,3.73089898000,0.0473000000,1.44000000,2.67000000,1217.73000000,294.1891824,45.1515263,,5833.00,1.020000,1.010000
Kepler-115 b,Kepler-115,2,Transit,2014,2.40367900000,0.0360000000,1.09000000,1.32000000,623.60900000,297.7119299,45.2619850,,5979.00,1.042000,1.205000
Kepler-115 c,Kepler-115,2,Transit,2014,8.99088900000,0.0870000000,2.60000000,7.27000000,623.60900000,297.7119299,45.2619850,,5979.00,1.042000,1.205000
Kepler-1150 b,Kepler-1150,1,Transit,2016,2.78786838600,0.0382000000,1.02000000,1.04000000,358.51800000,296.7244553,49.5326846,,4754.00,0.760000,0.720000
Kepler-1151 b,Kepler-1151,1,Transit,2016,65.64784240000,0.3197000000,2.22000000,5.56000000,682.43600000,292.2477819,47.8784257,,5470.00,0.880000,0.850000
Kepler-1152 b,Kepler-1152,1,Transit,2016,1.64680190800,0.0223000000,0.87000000,0.59000000,215.23300000,290.4341483,44.1077802,,3964.00,0.550000,0.530000
Kepler-1153 b,Kepler-1153,1,Transit,2016,1.75583532700,0.0277000000,1.73000000,3.64000000,1119.49000000,289.1471849,45.8661300,,5470.00,0.910000,0.880000
Kepler-1154 b,Kepler-1154,2,Transit,2016,5.18561420000,0.0631000000,2.34000000,6.08000000,1460.10000000,297.4771158,39.8772345,,6327.00,1.260000,1.430000
Kepler-1154 c,Kepler-1154,2,Transit,2016,8.45808312000,0.0875000000,2.36000000,6.17000000,1460.10000000,297.4771158,39.8772345,,6327.00,1.260000,1.430000
Kepler-1155 b,Kepler-1155,1,Transit,2016,33.46974300000,0.2006000000,2.03000000,4.78000000,1128.72000000,288.8206058,39.5228712,,5842.00,1.030000,1.030000
Kepler-1156 b,Kepler-1156,1,Transit,2016,11.89520511000,0.0970400000,1.32000000,2.30000000,691.33100000,288.9240901,46.0575865,,5778.00,1.000000,1.000000
Kepler-1157 b,Kepler-1157,1,Transit,2016,4.45743164000,0.0448000000,1.09000000,1.32000000,342.14400000,283.1209268,43.5255701,,4679.00,0.760000,0.710000
Kepler-1158 b,Kepler-1158,1,Transit,2016,13.53962930000,0.1264300000,2.34000000,6.08000000,1484.25000000,292.2339048,41.5751832,,6203.00,1.410000,1.950000
Kepler-1159 b,Kepler-1159,1,Transit,2016,22.70816791000,0.1603000000,2.37000000,6.21000000,1213.71000000,294.2663250,45.2042317,,6217.00,1.190000,1.280000
Kepler-116 b,Kepler-116,2,Transit,2014,5.96873400000,0.0690000000,3.42000000,11.60000000,955.16800000,294.7420605,43.5367842,,6142.00,1.198000,1.454000
Kepler-116 c,Kepler-116,2,Transit,2014,13.07163000000,0.1160000000,2.30000000,5.90000000,955.16800000,294.7420605,43.5367842,,6142.00,1.198000,1.454000
Kepler-1160 b,Kepler-1160,1,Transit,2016,7.97034958000,0.0755000000,2.14000000,5.22000000,1077.63000000,287.8793899,43.3640752,,5519.00,0.920000,0.890000
Kepler-1161 b,Kepler-1161,1,Transit,2016,10.71252541000,0.0784000000,2.13000000,5.18000000,547.72600000,299.0770621,45.4405583,,4253.00,0.590000,0.570000
Kepler-1162 b,Kepler-1162,2,Transit,2016,32.56370690000,0.1900000000,2.21000000,5.52000000,940.21100000,283.2920273,45.4339813,,5390.00,0.890000,0.840000
Kepler-1162 c,Kepler-1162,2,Transit,2023,59.28406400000,0.2832000000,1.81000000,3.93000000,940.21100000,283.2920273,45.4339813,,5225.00,0.861000,0.859000
Kepler-1163 b,Kepler-1163,1,Transit,2016,6.11786898000,0.0686800000,1.03000000,1.08000000,478.64700000,290.2358630,50.0300654,,6302.00,1.220000,1.350000
Kepler-1164 b,Kepler-1164,1,Transit,2016,3.97599768000,0.0463500000,1.12000000,1.46000000,431.62200000,287.5296372,38.8945065,,5183.00,0.850000,0.790000
Kepler-1165 b,Kepler-1165,2,Transit,2016,9.47852200000,0.0914000000,1.55000000,3.02000000,1575.20000000,286.9712284,44.7082669,,6080.00,1.130000,1.180000
Kepler-1165 c,Kepler-1165,2,Transit,2021,29.96870041000,0.1969000000,3.36093385,11.20000000,1575.20000000,286.9712284,44.7082669,,6249.00,1.130000,1.076000
Kepler-1166 b,Kepler-1166,1,Transit,2016,33.24068820000,0.1975000000,1.69000000,3.50000000,634.90600000,290.3484956,50.9028387,,5446.00,0.900000,0.860000
Kepler-1167 b,Kepler-1167,1,Transit,2016,1.00393373900,0.0175000000,1.71000000,3.57000000,820.90500000,298.3026595,47.6939654,,4971.00,0.790000,0.750000
Kepler-1168 b,Kepler-1168,1,Transit,2016,55.82265390000,0.2663000000,2.50000000,6.80000000,752.66600000,287.2977834,47.4554880,,5157.00,0.870000,0.820000
Kepler-1169 b,Kepler-1169,1,Transit,2016,6.11009134000,0.0693100000,0.94000000,0.77900000,522.82300000,294.9115874,46.4914718,,6191.00,1.240000,1.230000
Kepler-117 b,Kepler-117,2,Transit,2014,18.79592280000,0.1445000000,8.05900000,29.87500000,1455.57000000,288.7930651,48.0401760,F8 V,6150.00,1.129000,1.606000
Kepler-117 c,Kepler-117,2,Transit,2014,50.79039100000,0.2804000000,12.34100000,584.78000000,1455.57000000,288.7930651,48.0401760,F8 V,6150.00,1.129000,1.606000
Kepler-1170 b,Kepler-1170,1,Transit,2016,9.98969327000,0.0880000000,2.41000000,6.39000000,1050.45000000,292.1685422,43.7795963,,5069.00,0.800000,0.760000
Kepler-1171 b,Kepler-1171,1,Transit,2016,1.44259224000,0.0284000000,2.56000000,7.08000000,573.00000000,294.9589285,38.5915968,,7044.00,1.580000,1.950000
Kepler-1172 b,Kepler-1172,1,Transit,2016,26.02044230000,0.1680000000,3.20000000,10.30000000,1306.53000000,290.4744875,37.7665499,,5558.00,0.920000,0.890000
Kepler-1173 b,Kepler-1173,1,Transit,2016,0.76985360000,0.0156000000,0.89000000,0.64000000,377.06000000,293.1311803,45.6634153,,5252.00,0.860000,0.820000
Kepler-1174 b,Kepler-1174,1,Transit,2016,6.89225223000,0.0732000000,1.59000000,3.15000000,1408.75000000,281.8314296,42.2988910,,5936.00,1.040000,1.040000
Kepler-1175 b,Kepler-1175,1,Transit,2016,37.94563000000,0.2181000000,2.99000000,9.22000000,1121.89000000,289.1426847,46.8129656,,5453.00,0.900000,0.860000
Kepler-1176 b,Kepler-1176,1,Transit,2016,24.17385790000,0.1589000000,2.45000000,6.57000000,864.69900000,297.9197240,45.2742038,,5844.00,1.010000,1.020000
Kepler-1177 b,Kepler-1177,1,Transit,2016,106.24754700000,0.4301000000,1.90000000,4.27000000,1299.97000000,286.6714813,49.4062964,,5712.00,0.980000,0.970000
Kepler-1178 b,Kepler-1178,1,Transit,2016,31.80634000000,0.1596000000,1.07000000,1.24000000,482.28700000,288.4561183,45.8022258,,4990.00,0.800000,0.750000
Kepler-1179 b,Kepler-1179,1,Transit,2016,2.68505749200,0.0349700000,1.32000000,2.30000000,415.20500000,284.0974305,47.8104856,,5212.00,0.840000,0.810000
Kepler-118 b,Kepler-118,2,Transit,2014,7.51849600000,0.0730000000,1.96000000,4.50000000,574.22800000,299.2131881,41.4248195,,5274.00,0.811000,1.094000
Kepler-118 c,Kepler-118,2,Transit,2014,20.17202000000,0.1410000000,7.68000000,45.70000000,574.22800000,299.2131881,41.4248195,,5274.00,0.811000,1.094000
Kepler-1180 b,Kepler-1180,1,Transit,2016,16.86012860000,0.1246000000,1.99000000,4.62000000,1596.80000000,295.8874773,43.1559952,,6077.00,1.090000,1.140000
Kepler-1181 b,Kepler-1181,2,Transit,2016,4.89337519000,0.0621000000,1.57000000,3.09000000,938.41700000,289.7473165,39.5234131,,6176.00,1.170000,1.300000
Kepler-1181 c,Kepler-1181,2,Transit,2023,8.93484887000,0.0928000000,1.83000000,4.01000000,938.41700000,289.7473165,39.5234131,,6688.00,1.336000,1.347000
Kepler-1182 b,Kepler-1182,1,Transit,2016,11.17394617000,0.0981000000,2.41000000,6.39000000,1545.39000000,296.3079895,43.8213706,,5924.00,1.040000,1.050000
Kepler-1183 b,Kepler-1183,1,Transit,2016,28.50571890000,0.1793000000,2.82000000,8.35000000,1919.19000000,292.2324228,38.8921946,,5765.00,1.000000,0.990000
Kepler-1184 b,Kepler-1184,1,Transit,2016,53.59910440000,0.2863000000,2.68000000,7.65000000,1157.84000000,291.2820310,46.9659514,,5983.00,1.050000,1.070000
Kepler-1185 b,Kepler-1185,1,Transit,2016,104.35189760000,0.4297000000,1.33000000,2.33000000,459.27300000,287.2411783,39.3326977,,5622.00,0.960000,0.870000
Kepler-1186 b,Kepler-1186,1,Transit,2016,16.07677615000,0.1281000000,2.23000000,5.60000000,1337.25000000,288.4796333,47.1017438,,5635.00,0.950000,0.930000
Kepler-1187 b,Kepler-1187,1,Transit,2016,18.87064068000,0.1401000000,2.61000000,7.32000000,1020.53000000,286.8919996,38.3185034,,5975.00,1.060000,1.090000
Kepler-1188 b,Kepler-1188,1,Transit,2016,17.13695430000,0.1350000000,2.08000000,4.98000000,1717.48000000,283.1038438,43.1480487,,5913.00,1.040000,1.060000
Kepler-1189 b,Kepler-1189,1,Transit,2016,3.78858982000,0.0467000000,1.77000000,3.78000000,782.85200000,298.4264116,47.9468194,,6012.00,1.110000,1.160000
Kepler-119 b,Kepler-119,2,Transit,2014,2.42208200000,0.0350000000,3.60000000,12.60000000,701.99600000,295.9463854,42.6588324,,5595.00,0.918000,0.839000
Kepler-119 c,Kepler-119,2,Transit,2014,4.12510300000,0.0490000000,0.92000000,0.72100000,701.99600000,295.9463854,42.6588324,,5595.00,0.918000,0.839000
Kepler-1190 b,Kepler-1190,1,Transit,2016,10.45843441000,0.0845000000,1.33000000,2.33000000,342.50900000,284.9996582,49.4799506,,4730.00,0.760000,0.720000
Kepler-1191 b,Kepler-1191,1,Transit,2016,5.60014851000,0.0587000000,1.51000000,2.89000000,955.53600000,291.6577923,48.0092619,,5308.00,0.850000,0.810000
Kepler-1192 b,Kepler-1192,1,Transit,2016,25.20347870000,0.1693000000,2.36000000,6.17000000,1304.19000000,282.1405603,43.8964934,,5438.00,0.860000,0.830000
Kepler-1193 b,Kepler-1193,1,Transit,2016,2.83265213400,0.0400400000,1.32000000,2.30000000,802.11600000,288.1447323,51.2756446,,5908.00,1.080000,1.210000
Kepler-1194 b,Kepler-1194,1,Transit,2016,16.22371307000,0.1212000000,1.51000000,2.89000000,757.38200000,291.6994841,38.1452065,,5590.00,0.940000,0.920000
Kepler-1195 b,Kepler-1195,1,Transit,2016,8.49642241000,0.0726000000,2.08000000,4.98000000,918.56600000,284.3510523,40.8529319,,4965.00,0.740000,0.710000
Kepler-1196 b,Kepler-1196,1,Transit,2016,66.18490310000,0.3179000000,2.23000000,5.60000000,922.33300000,292.3695850,43.9108663,,5756.00,0.980000,0.970000
Kepler-1197 b,Kepler-1197,1,Transit,2016,2.03231845000,0.0286900000,1.25000000,2.10000000,486.94000000,291.6693437,42.5907441,,4708.00,0.780000,0.720000
Kepler-1198 b,Kepler-1198,1,Transit,2016,7.68477160000,0.0732000000,1.47000000,2.76000000,743.03000000,288.8339659,44.8381980,,5517.00,0.930000,0.900000
Kepler-1199 b,Kepler-1199,1,Transit,2016,15.04471980000,0.1130900000,1.15000000,1.60000000,563.49300000,293.7258092,47.2469219,,5889.00,0.940000,1.170000
Kepler-12 b,Kepler-12,1,Transit,2011,4.43796290000,0.0553000000,19.66058600,137.30256000,881.38600000,286.2434458,50.0403671,,5947.00,1.166000,1.483000
Kepler-120 b,Kepler-120,2,Transit,2014,6.31250100000,0.0550000000,2.15000000,8.50000000,388.63000000,287.8915707,39.3390979,M0 V,4096.00,0.654000,0.534000
Kepler-120 c,Kepler-120,2,Transit,2014,12.79458500000,0.0880000000,1.53000000,2.96000000,388.63000000,287.8915707,39.3390979,M0 V,4096.00,0.654000,0.534000
Kepler-1200 b,Kepler-1200,1,Transit,2016,1.11854971700,0.0188000000,1.06000000,1.20000000,588.71500000,296.6034317,44.1292537,,4612.00,0.740000,0.700000
Kepler-1201 b,Kepler-1201,1,Transit,2016,15.18725932000,0.1183000000,2.29000000,5.86000000,944.24100000,294.6147908,40.8331158,,6177.00,1.150000,1.240000
Kepler-1202 b,Kepler-1202,1,Transit,2016,28.68513240000,0.1790000000,2.94000000,8.96000000,1175.38000000,292.2906060,44.6532281,,5834.00,1.030000,1.040000
Kepler-1203 b,Kepler-1203,1,Transit,2016,0.58800076500,0.0114000000,1.06000000,1.20000000,317.02200000,292.7734523,44.1780880,,4105.00,0.640000,0.610000
Kepler-1204 b,Kepler-1204,1,Transit,2016,85.73502850000,0.3877000000,3.05000000,9.53000000,1175.22000000,289.4415238,42.4981476,,5825.00,1.030000,1.030000
Kepler-1205 b,Kepler-1205,1,Transit,2016,1.07839035200,0.0196000000,1.41000000,2.57000000,698.48500000,290.2796734,41.5150499,,5226.00,0.840000,0.810000
Kepler-1206 b,Kepler-1206,1,Transit,2016,1.21699766300,0.0201000000,1.64000000,3.33000000,762.01900000,295.9383737,49.7911337,,4877.00,0.800000,0.750000
Kepler-1207 b,Kepler-1207,1,Transit,2016,13.68237119000,0.1156000000,1.62000000,3.26000000,1754.19000000,295.0641963,49.3589615,,5909.00,1.060000,1.060000
Kepler-1208 b,Kepler-1208,1,Transit,2016,11.08507637000,0.0901000000,2.32000000,5.99000000,825.17600000,291.8812445,44.5557587,,5001.00,0.800000,0.760000
Kepler-1209 b,Kepler-1209,1,Transit,2016,25.36911600000,0.1751500000,1.51000000,2.89000000,505.53100000,287.5849352,49.1547328,,6210.00,1.230000,1.380000
Kepler-121 b,Kepler-121,2,Transit,2014,3.17742200000,0.0390000000,2.34000000,6.08000000,510.52300000,286.1621273,39.6780204,,5311.00,0.859000,0.701000
Kepler-121 c,Kepler-121,2,Transit,2014,41.00801100000,0.2160000000,2.27000000,5.77000000,510.52300000,286.1621273,39.6780204,,5311.00,0.859000,0.701000
Kepler-1210 b,Kepler-1210,1,Transit,2016,8.07124073000,0.0753000000,1.70000000,3.53000000,1176.53000000,292.8321598,48.2193376,,5568.00,0.940000,0.920000
Kepler-1211 b,Kepler-1211,1,Transit,2016,11.01816836000,0.0976300000,2.55000000,7.04000000,1826.53000000,285.7207618,40.8569116,,5705.00,0.960000,0.940000
Kepler-1212 b,Kepler-1212,1,Transit,2016,12.94130146000,0.1082000000,2.14000000,5.22000000,1316.57000000,296.8534096,50.0373196,,6051.00,1.100000,1.150000
Kepler-1213 b,Kepler-1213,1,Transit,2016,5.34982412000,0.0602600000,1.19000000,1.81000000,807.81200000,289.4858423,50.9441967,,6050.00,1.140000,1.210000
Kepler-1214 b,Kepler-1214,1,Transit,2016,18.82634264000,0.1280000000,2.36000000,6.17000000,729.22700000,285.1427113,49.8006565,,5130.00,0.850000,0.800000
Kepler-1215 b,Kepler-1215,1,Transit,2016,4.76703963000,0.0528000000,1.22000000,1.98000000,661.02200000,297.4636477,48.1813978,,5616.00,0.950000,0.930000
Kepler-1216 b,Kepler-1216,1,Transit,2016,4.37034536000,0.0519000000,1.39000000,2.51000000,1258.36000000,287.4052661,45.9179790,,5743.00,0.990000,0.980000
Kepler-1217 b,Kepler-1217,1,Transit,2016,2.03232507200,0.0326000000,1.99000000,4.62000000,1347.71000000,289.1866841,50.9375614,,5905.00,1.060000,1.080000
Kepler-1218 b,Kepler-1218,1,Transit,2016,22.92212660000,0.1569800000,1.44000000,2.67000000,840.50300000,291.5788505,44.5316825,,5986.00,1.060000,1.100000
Kepler-1219 b,Kepler-1219,1,Transit,2016,16.10467749000,0.1414600000,2.12000000,5.14000000,880.89500000,297.2158443,47.3785082,,5944.00,1.250000,1.940000
Kepler-122 b,Kepler-122,5,Transit,2014,5.76619300000,0.0640000000,2.34000000,6.08000000,1027.45000000,291.1118647,39.9490248,,6050.00,0.982000,1.216000
Kepler-122 c,Kepler-122,5,Transit,2014,12.46598800000,0.1080000000,5.87000000,29.00000000,1027.45000000,291.1118647,39.9490248,,6050.00,0.982000,1.216000
Kepler-122 d,Kepler-122,5,Transit,2014,21.58747500000,0.1550000000,2.20000000,5.48000000,1027.45000000,291.1118647,39.9490248,,6050.00,0.982000,1.216000
Kepler-122 e,Kepler-122,5,Transit,2014,37.99327300000,0.2270000000,2.60000000,27.70000000,1027.45000000,291.1118647,39.9490248,,6050.00,0.982000,1.216000
Kepler-122 f,Kepler-122,5,Transit Timing Variations,2014,56.26800000000,0.2857500000,1.75000000,36.00000000,1027.45000000,291.1118647,39.9490248,,5917.00,1.030000,0.949000
Kepler-1220 b,Kepler-1220,1,Transit,2016,7.42693741000,0.0734000000,1.52000000,2.92000000,961.90700000,297.0703980,42.9777396,,5842.00,1.000000,0.990000
Kepler-1221 b,Kepler-1221,1,Transit,2016,12.00096042000,0.0906000000,1.88000000,4.19000000,913.65000000,285.8223636,45.7118423,,5194.00,0.870000,0.820000
Kepler-1222 b,Kepler-1222,1,Transit,2016,1.91694425400,0.0280100000,0.79000000,0.41800000,415.21800000,294.8896160,49.3798215,,5239.00,0.840000,0.800000
Kepler-1223 b,Kepler-1223,1,Transit,2016,16.30125900000,0.1186000000,1.22000000,1.98000000,459.95700000,285.2956462,44.5527542,,4870.00,0.800000,0.750000
Kepler-1224 b,Kepler-1224,1,Transit,2016,13.32351601000,0.1162500000,1.33000000,2.33000000,559.59800000,286.6257591,37.5373130,,6155.00,1.180000,1.220000
Kepler-1225 b,Kepler-1225,1,Transit,2016,7.01075434000,0.0771000000,1.82000000,3.97000000,1347.52000000,290.6332748,40.1369671,,6140.00,1.130000,1.190000
Kepler-1226 b,Kepler-1226,1,Transit,2016,17.29234530000,0.1394500000,1.45000000,2.70000000,1125.72000000,296.3768521,50.6214592,,5923.00,1.020000,1.020000
Kepler-1227 b,Kepler-1227,1,Transit,2016,94.28875770000,0.3855500000,2.29000000,5.86000000,623.70600000,287.0664109,41.8749712,,5747.00,0.970000,0.950000
Kepler-1228 b,Kepler-1228,1,Transit,2016,0.57736957900,0.0118600000,1.54000000,2.99000000,515.45300000,296.5527610,46.9661945,,5063.00,0.780000,0.740000
Kepler-1229 b,Kepler-1229,1,Transit,2016,86.82898900000,0.3006000000,1.40000000,2.54000000,265.48200000,297.4868347,46.9966782,,3784.00,0.540000,0.510000
Kepler-123 b,Kepler-123,2,Transit,2014,17.23236600000,0.1350000000,2.94000000,55.30000000,1021.66000000,296.9985853,42.7819633,,6089.00,1.079000,1.264000
Kepler-123 c,Kepler-123,2,Transit,2014,26.69507400000,0.1810000000,1.48000000,2.79000000,1021.66000000,296.9985853,42.7819633,,6089.00,1.079000,1.264000
Kepler-1230 b,Kepler-1230,1,Transit,2016,9.95661537000,0.0921000000,2.71000000,7.80000000,1364.22000000,283.2645129,41.7114526,,5961.00,1.060000,1.080000
Kepler-1231 b,Kepler-1231,1,Transit,2016,10.41725184000,0.0914000000,1.42000000,2.60000000,987.23700000,288.5882888,42.6056644,,5778.00,1.010000,1.000000
Kepler-1232 b,Kepler-1232,1,Transit,2016,26.78391830000,0.1654500000,1.93000000,4.38000000,632.86500000,296.5500966,49.1023070,,5471.00,0.920000,0.890000
Kepler-1233 b,Kepler-1233,1,Transit,2016,45.12630420000,0.2630000000,2.60000000,7.27000000,1178.70000000,297.3750954,46.6622201,,6198.00,1.160000,1.250000
Kepler-1234 b,Kepler-1234,1,Transit,2016,11.94014029000,0.0960000000,2.81000000,8.30000000,916.74900000,287.5220359,51.3759464,,4967.00,0.800000,0.760000
Kepler-1235 b,Kepler-1235,1,Transit,2016,4.16055856000,0.0483600000,0.79000000,0.41800000,540.60400000,284.9030677,43.9540616,,5541.00,0.930000,0.900000
Kepler-1236 b,Kepler-1236,1,Transit,2016,31.05716180000,0.1803000000,2.14000000,5.22000000,999.64000000,295.6247375,42.5458739,,5337.00,0.860000,0.820000
Kepler-1237 b,Kepler-1237,1,Transit,2016,84.57332260000,0.3778000000,2.86000000,8.55000000,1064.31000000,295.6292745,44.6905815,,5472.00,0.940000,0.900000
Kepler-1238 b,Kepler-1238,1,Transit,2016,4.14787559000,0.0541000000,1.93000000,4.38000000,1632.13000000,297.9057655,40.1628378,,6386.00,1.300000,1.480000
Kepler-1239 b,Kepler-1239,1,Transit,2016,5.19104016000,0.0625000000,2.90000000,8.75000000,2140.60000000,293.1273357,42.3200578,,6564.00,1.400000,1.570000
Kepler-124 b,Kepler-124,3,Transit,2014,3.41049300000,0.0390000000,0.73000000,0.31500000,420.04600000,286.7527322,49.0648788,,4984.00,0.706000,0.636000
Kepler-124 c,Kepler-124,3,Transit,2014,13.82137500000,0.1000000000,1.75000000,3.71000000,420.04600000,286.7527322,49.0648788,,4984.00,0.706000,0.636000
Kepler-124 d,Kepler-124,3,Transit,2014,30.95085100000,0.1700000000,1.11000000,1.41000000,420.04600000,286.7527322,49.0648788,,4984.00,0.706000,0.636000
Kepler-1240 b,Kepler-1240,1,Transit,2016,4.86638150000,0.0579100000,1.15000000,1.60000000,862.18600000,282.9997682,40.5574322,,5682.00,0.980000,0.960000
Kepler-1241 b,Kepler-1241,1,Transit,2016,18.55257010000,0.1336000000,2.63000000,7.41000000,968.72200000,294.5762033,38.4569588,,5261.00,0.840000,0.800000
Kepler-1242 b,Kepler-1242,1,Transit,2016,13.62798432000,0.1039000000,2.26000000,5.73000000,687.61500000,284.6062174,41.1963440,,4895.00,0.770000,0.740000
Kepler-1243 b,Kepler-1243,1,Transit,2016,16.83207290000,0.1256000000,1.75000000,3.71000000,758.17000000,294.0093970,42.8807779,,5667.00,0.960000,0.940000
Kepler-1244 b,Kepler-1244,1,Transit,2016,3.70428172000,0.0502000000,1.35000000,2.39000000,1075.81000000,282.3012505,46.5161814,,6680.00,1.460000,1.770000
Kepler-1245 b,Kepler-1245,2,Transit,2016,4.35409304000,0.0484000000,1.44000000,2.67000000,805.93600000,290.7443078,43.2607530,,5306.00,0.860000,0.830000
Kepler-1245 c,Kepler-1245,2,Transit,2016,2.93658468100,0.0372000000,1.44000000,2.67000000,805.93600000,290.7443078,43.2607530,,5306.00,0.860000,0.830000
Kepler-1246 b,Kepler-1246,1,Transit,2016,11.32271513000,0.0848000000,1.36000000,2.42000000,436.50500000,287.6572346,48.9822053,,4611.00,0.730000,0.690000
Kepler-1247 b,Kepler-1247,1,Transit,2016,13.71220213000,0.1091000000,2.33000000,6.04000000,1045.92000000,294.5335974,46.6182365,,5303.00,0.860000,0.820000
Kepler-1248 b,Kepler-1248,1,Transit,2016,7.46725407000,0.0806000000,1.18000000,1.76000000,593.02600000,288.0592191,51.3544564,,6149.00,1.210000,1.210000
Kepler-1249 b,Kepler-1249,1,Transit,2016,24.33471270000,0.1670000000,2.38000000,6.26000000,1904.54000000,296.8948517,44.3717429,,6202.00,1.190000,1.280000
Kepler-125 b,Kepler-125,2,Transit,2014,4.16438900000,0.0410000000,2.37000000,6.21000000,183.36500000,298.2581101,47.6050031,M1 V,3810.00,0.542101,0.512000
Kepler-125 c,Kepler-125,2,Transit,2014,5.77446400000,0.0510000000,0.74000000,0.33000000,183.36500000,298.2581101,47.6050031,M1 V,3810.00,0.542101,0.512000
Kepler-1250 b,Kepler-1250,1,Transit,2016,2.60754383400,0.0393000000,1.92000000,4.35000000,2126.85000000,287.7938184,45.9802492,,5717.00,0.990000,0.980000
Kepler-1251 b,Kepler-1251,1,Transit,2016,45.09046430000,0.2478000000,1.84000000,4.04000000,902.20400000,292.1151093,49.2563792,,5545.00,0.920000,0.890000
Kepler-1252 b,Kepler-1252,1,Transit,2016,15.05403290000,0.1078000000,1.67000000,3.43000000,648.97900000,298.9503634,46.6928437,,5949.00,1.060000,1.090000
Kepler-1253 b,Kepler-1253,1,Transit,2016,68.88619150000,0.3144400000,1.33000000,2.33000000,514.52400000,283.8852196,47.6371507,,5850.00,0.970000,1.100000
Kepler-1254 b,Kepler-1254,3,Transit,2016,9.99113313000,0.0833000000,1.55000000,3.02000000,622.81800000,285.1733174,48.7700099,,4985.00,0.780000,0.750000
Kepler-1254 c,Kepler-1254,3,Transit,2016,3.60084276000,0.0422000000,1.30000000,2.24000000,622.81800000,285.1733174,48.7700099,,4985.00,0.780000,0.750000
Kepler-1254 d,Kepler-1254,3,Transit,2016,5.72717226000,0.0575000000,1.31000000,2.27000000,622.81800000,285.1733174,48.7700099,,4985.00,0.780000,0.750000
Kepler-1255 b,Kepler-1255,1,Transit,2016,36.29193360000,0.2226000000,2.32000000,5.99000000,1617.07000000,295.2392569,42.7264842,,6018.00,1.080000,1.120000
Kepler-1256 b,Kepler-1256,1,Transit,2016,12.41277540000,0.1073300000,1.49000000,2.83000000,891.19200000,291.4742443,44.6834119,,6129.00,1.170000,1.360000
Kepler-1257 b,Kepler-1257,1,Transit,2016,2.66831376200,0.0376000000,1.52000000,2.92000000,1105.95000000,296.0756231,45.6270165,,5502.00,0.900000,0.870000
Kepler-1258 b,Kepler-1258,1,Transit,2016,0.98494016700,0.0182400000,0.86000000,0.56600000,717.55500000,285.4049723,49.9948186,,5839.00,0.990000,0.990000
Kepler-1259 b,Kepler-1259,1,Transit,2016,0.66308525800,0.0141000000,1.43000000,2.63000000,805.56200000,297.8414628,46.9676288,,5053.00,0.800000,0.770000
Kepler-126 b,Kepler-126,3,Transit,2014,10.49571100000,0.0990000000,1.52000000,4.11726105,237.40100000,289.3473634,44.2084445,,6239.00,1.108000,1.358000
Kepler-126 c,Kepler-126,3,Transit,2014,21.86974100000,0.1620000000,1.58000000,1.27942148,237.40100000,289.3473634,44.2084445,,6239.00,1.108000,1.358000
Kepler-126 d,Kepler-126,3,Transit,2014,100.28313400000,0.4480000000,2.50000000,54.59018723,237.40100000,289.3473634,44.2084445,,6239.00,1.108000,1.358000
Kepler-1260 b,Kepler-1260,1,Transit,2016,19.11877530000,0.1444000000,1.77000000,3.78000000,1734.43000000,295.5912652,42.5552261,,5961.00,1.060000,1.080000
Kepler-1261 b,Kepler-1261,1,Transit,2016,48.43089910000,0.2390000000,2.26000000,5.73000000,744.29400000,285.2324786,48.8066963,,5006.00,0.820000,0.770000
Kepler-1262 b,Kepler-1262,1,Transit,2016,8.67900242000,0.0830000000,1.82000000,3.97000000,1054.87000000,288.7718287,42.2131694,,5771.00,0.990000,0.980000
Kepler-1263 b,Kepler-1263,1,Transit,2016,4.55139967000,0.0499000000,1.14000000,1.55000000,664.83000000,286.4836260,46.7526182,,5213.00,0.840000,0.800000
Kepler-1264 b,Kepler-1264,1,Transit,2016,0.96852602300,0.0183900000,1.18000000,1.76000000,801.99300000,289.8844102,45.2115075,,5791.00,0.990000,0.980000
Kepler-1265 b,Kepler-1265,1,Transit,2016,6.49441289000,0.0612000000,1.35000000,2.39000000,583.64100000,284.5858364,47.0795646,,4630.00,0.710000,0.690000
Kepler-1266 b,Kepler-1266,2,Transit,2016,28.47474800000,0.1643100000,2.58000000,7.18000000,849.31200000,285.8693277,42.7279996,,5044.00,0.800000,0.760000
Kepler-1266 c,Kepler-1266,2,Transit,2021,4.86631012000,0.0506000000,1.68023962,3.46000000,849.31200000,285.8693277,42.7279996,,4996.00,0.791000,0.831000
Kepler-1267 b,Kepler-1267,1,Transit,2016,13.03139450000,0.1057000000,3.01000000,9.32000000,1379.43000000,299.1695093,43.4410533,,6096.00,1.150000,1.200000
Kepler-1268 b,Kepler-1268,1,Transit,2016,40.99039860000,0.2383000000,2.03000000,4.78000000,1840.77000000,287.8384190,43.1531776,,5904.00,1.060000,1.090000
Kepler-1269 b,Kepler-1269,1,Transit,2016,37.33315360000,0.2361100000,1.63000000,3.29000000,1097.23000000,287.8055442,45.3405371,,5998.00,1.100000,1.150000
Kepler-127 b,Kepler-127,3,Transit,2014,14.43588900000,0.1250000000,1.40000000,2.54000000,352.79400000,285.1899439,46.0280596,,6106.00,1.248000,1.359000
Kepler-127 c,Kepler-127,3,Transit,2014,29.39319500000,0.2000000000,2.66000000,7.56000000,352.79400000,285.1899439,46.0280596,,6106.00,1.248000,1.359000
Kepler-127 d,Kepler-127,3,Transit,2014,48.63040800000,0.2800000000,2.64000000,7.46000000,352.79400000,285.1899439,46.0280596,,6106.00,1.248000,1.359000
Kepler-1270 b,Kepler-1270,1,Transit,2016,6.03356196000,0.0704500000,3.32000000,11.00000000,1095.05000000,286.7156676,48.6452552,,5047.00,1.280000,3.380000
Kepler-1271 b,Kepler-1271,1,Transit,2016,3.02559550000,0.0423300000,1.48000000,2.79000000,831.99100000,286.3442954,37.4119347,,6143.00,1.130000,1.230000
Kepler-1272 b,Kepler-1272,1,Transit,2016,51.13097040000,0.2705000000,2.37000000,6.21000000,1206.37000000,285.2197605,38.8058393,,5926.00,1.060000,1.090000
Kepler-1273 b,Kepler-1273,1,Transit,2016,28.62565300000,0.1857000000,2.49000000,6.76000000,1114.24000000,285.8032016,44.8733983,,5566.00,0.940000,0.910000
Kepler-1274 b,Kepler-1274,1,Transit,2016,6.98152703000,0.0816100000,1.42000000,2.60000000,614.64800000,284.5936858,46.4497364,,6179.00,1.450000,2.170000
Kepler-1275 b,Kepler-1275,1,Transit,2016,3.65691115000,0.0488000000,1.48000000,2.79000000,1153.98000000,293.5004955,44.9324455,,6296.00,1.230000,1.360000
Kepler-1276 b,Kepler-1276,1,Transit,2016,12.57200950000,0.1086300000,1.19000000,1.81000000,538.48100000,287.8570173,40.5471909,,6188.00,1.140000,1.210000
Kepler-1277 b,Kepler-1277,1,Transit,2016,40.83650120000,0.2185700000,1.60000000,3.19000000,557.19300000,295.1025166,40.5723736,,5578.00,0.940000,0.920000
Kepler-1278 b,Kepler-1278,1,Transit,2016,3.23941344000,0.0441700000,1.01000000,1.01000000,889.42600000,282.9569197,42.8255589,,6074.00,1.110000,1.160000
Kepler-1279 b,Kepler-1279,1,Transit,2016,23.47741010000,0.1785000000,1.75000000,3.71000000,1494.22000000,288.0955917,40.3659090,,6221.00,1.210000,1.330000
Kepler-128 b,Kepler-128,2,Transit,2013,15.00000000000,0.1254500000,1.42100000,3.79000000,396.37900000,282.4922622,43.9802442,,6072.00,1.184000,1.659000
Kepler-128 c,Kepler-128,2,Transit,2013,22.80000000000,0.1651700000,1.52100000,3.38000000,396.37900000,282.4922622,43.9802442,,6072.00,1.184000,1.659000
Kepler-1280 b,Kepler-1280,1,Transit,2016,66.55790570000,0.3398200000,1.87000000,4.16000000,1486.70000000,293.5738933,45.3844919,,6227.00,1.200000,1.320000
Kepler-1281 b,Kepler-1281,1,Transit,2016,3.11602791000,0.0415000000,1.64000000,3.33000000,1090.00000000,295.3543571,48.5153932,,5353.00,0.870000,0.830000
Kepler-1282 b,Kepler-1282,1,Transit,2016,2.13194651300,0.0335000000,1.55000000,3.02000000,1103.29000000,290.1761688,46.6983036,,5504.00,0.920000,0.890000
Kepler-1283 b,Kepler-1283,1,Transit,2016,12.94609780000,0.1062000000,1.91000000,4.31000000,2921.99000000,295.4623336,40.7769335,,6175.00,1.160000,1.250000
Kepler-1284 b,Kepler-1284,1,Transit,2016,0.66407380600,0.0143000000,1.21000000,1.92000000,882.32400000,291.2789549,47.6875766,,5123.00,0.840000,0.790000
Kepler-1285 b,Kepler-1285,1,Transit,2016,14.79674580000,0.1275800000,0.97000000,0.87100000,422.26900000,281.8353366,44.1558825,,6170.00,1.200000,1.280000
Kepler-1286 b,Kepler-1286,1,Transit,2016,11.25402929000,0.0991000000,2.15000000,5.27000000,1354.46000000,280.2583709,43.8357433,,5753.00,1.000000,0.980000
Kepler-1287 b,Kepler-1287,1,Transit,2016,11.47685909000,0.0976000000,1.54000000,2.99000000,1003.26000000,289.1346298,47.0630180,,5715.00,0.960000,0.940000
Kepler-1288 b,Kepler-1288,1,Transit,2016,2.76122421000,0.0413500000,1.12000000,1.46000000,814.07800000,285.7135000,41.6058799,,6132.00,1.200000,1.290000
Kepler-1289 b,Kepler-1289,1,Transit,2016,7.99019627000,0.0785000000,1.52000000,2.92000000,1053.57000000,296.3887670,41.0405090,,6080.00,1.100000,1.170000
Kepler-129 b,Kepler-129,3,Transit,2014,15.79000000000,0.1300000000,2.40000000,20.00000000,408.84500000,285.3111845,47.8484775,G4 V,5770.00,1.178000,1.653000
Kepler-129 c,Kepler-129,3,Transit,2014,82.20000000000,0.3900000000,2.52000000,43.00000000,408.84500000,285.3111845,47.8484775,G4 V,5770.00,1.178000,1.653000
Kepler-129 d,Kepler-129,3,Radial Velocity,2021,2646.00000000000,4.0000000000,12.60000000,2637.97577810,408.84500000,285.3111845,47.8484775,G4 V,5770.00,1.178000,1.653000
Kepler-1290 b,Kepler-1290,1,Transit,2016,4.69500134000,0.0557000000,1.42000000,2.60000000,1593.70000000,290.6852287,43.8596155,,5660.00,0.950000,0.930000
Kepler-1291 b,Kepler-1291,1,Transit,2016,8.63043276000,0.0779000000,1.66000000,3.39000000,897.35200000,289.3770051,40.0010791,,5216.00,0.840000,0.800000
Kepler-1292 b,Kepler-1292,1,Transit,2016,3.27646405000,0.0443000000,1.82000000,3.97000000,1493.43000000,284.9057222,43.9491434,,5556.00,0.950000,0.930000
Kepler-1293 b,Kepler-1293,1,Transit,2016,5.57654784000,0.0676300000,0.97000000,0.87100000,1028.16000000,290.0258783,48.3359227,,6241.00,1.180000,1.280000
Kepler-1294 b,Kepler-1294,1,Transit,2016,115.68622580000,0.4684000000,3.19000000,10.30000000,1855.70000000,291.2681037,44.4881624,,5776.00,0.990000,0.970000
Kepler-1295 b,Kepler-1295,1,Transit,2016,3.81371974000,0.0464000000,1.55000000,3.02000000,1174.46000000,291.3978451,45.5885530,,5486.00,0.920000,0.890000
Kepler-1296 b,Kepler-1296,1,Transit,2016,8.38398650000,0.0896000000,0.91000000,0.69300000,1551.54000000,292.1251038,41.4077928,,5359.00,0.870000,0.830000
Kepler-1297 b,Kepler-1297,1,Transit,2016,1.68189002000,0.0283000000,0.97000000,0.87100000,1439.47000000,289.9564415,47.0203466,,5818.00,0.990000,0.990000
Kepler-1298 b,Kepler-1298,1,Transit,2016,7.12811928000,0.0814000000,1.31000000,2.27000000,544.16300000,284.4227535,49.1061907,,6339.00,1.450000,2.000000
Kepler-1299 b,Kepler-1299,1,Transit,2016,19.94008740000,0.1357000000,2.98000000,9.17000000,1404.94000000,286.1501263,37.4113438,,5609.00,0.940000,0.910000
Kepler-130 b,Kepler-130,3,Transit,2014,8.45745800000,0.0790000000,1.02000000,1.04000000,316.66300000,288.4505905,40.2452006,,5884.00,0.927000,1.127000
Kepler-130 c,Kepler-130,3,Transit,2014,27.50868000000,0.1780000000,2.90000000,8.75000000,316.66300000,288.4505905,40.2452006,,5879.00,1.000000,1.170000
Kepler-130 d,Kepler-130,3,Transit,2014,87.51790500000,0.3770000000,1.64000000,3.33000000,316.66300000,288.4505905,40.2452006,,5884.00,0.927000,1.127000
Kepler-1300 b,Kepler-1300,1,Transit,2016,22.24190920000,0.1600500000,1.37000000,2.45000000,777.02500000,289.0330532,40.0869182,,6130.00,1.290000,1.790000
Kepler-1301 b,Kepler-1301,1,Transit,2016,9.08237046000,0.0815000000,1.40000000,2.54000000,854.28000000,286.6041816,42.4403309,,5188.00,0.850000,0.810000
Kepler-1302 b,Kepler-1302,1,Transit,2016,8.83922659000,0.0795000000,1.43000000,2.63000000,634.58000000,290.9892462,50.3080640,,5236.00,0.860000,0.820000
Kepler-1303 b,Kepler-1303,1,Transit,2016,7.56127224000,0.0751000000,1.42000000,2.60000000,897.78300000,284.2871470,42.3555784,,5771.00,1.010000,1.000000
Kepler-1304 b,Kepler-1304,1,Transit,2016,16.12888530000,0.1202000000,2.29000000,5.86000000,2176.08000000,285.2763652,39.4468274,,5259.00,0.850000,0.810000
Kepler-1305 b,Kepler-1305,1,Transit,2016,13.56309720000,0.1109000000,1.88000000,4.19000000,1575.23000000,297.3394624,46.3472165,,5701.00,0.970000,0.960000
Kepler-1306 b,Kepler-1306,1,Transit,2016,16.29595382000,0.1230000000,1.91000000,4.31000000,1107.50000000,294.4783627,46.9458638,,5727.00,0.980000,0.970000
Kepler-1307 b,Kepler-1307,1,Transit,2016,18.01621096000,0.1369000000,2.47000000,6.66000000,1014.62000000,292.8698348,46.7418679,,5884.00,1.060000,1.080000
Kepler-1308 b,Kepler-1308,1,Transit,2016,2.10433811900,0.0250000000,0.52000000,0.09330000,112.70500000,285.9287514,38.5207097,,3468.00,0.350000,0.340000
Kepler-1309 b,Kepler-1309,1,Transit,2016,28.84326470000,0.1679000000,2.37000000,6.21000000,845.00000000,298.7351131,40.7641262,,5235.00,0.850000,0.800000
Kepler-131 b,Kepler-131,2,Transit,2014,16.09200000000,0.1278900000,2.41000000,16.13000000,228.67800000,288.5308924,40.9423730,,5685.00,1.020000,1.030000
Kepler-131 c,Kepler-131,2,Transit,2014,25.51690000000,0.1739100000,0.84000000,8.25000000,228.67800000,288.5308924,40.9423730,,5685.00,1.020000,1.030000
Kepler-1310 b,Kepler-1310,1,Transit,2016,0.67933627200,0.0145200000,1.44000000,2.67000000,569.18500000,283.9200236,40.7400419,,5549.00,0.910000,0.880000
Kepler-1311 b,Kepler-1311,3,Transit,2016,11.17269940000,0.1008200000,1.24000000,2.07000000,866.33100000,289.6512597,43.8244445,,5748.00,1.050000,1.400000
Kepler-1311 c,Kepler-1311,3,Transit,2016,2.53573424000,0.0375300000,1.22000000,1.98000000,866.33100000,289.6512597,43.8244445,,5748.00,1.050000,1.400000
Kepler-1311 d,Kepler-1311,3,Transit,2021,197.51100160000,0.6843400000,9.65837605,67.50000000,866.33100000,289.6512597,43.8244445,,5616.00,1.032000,1.674000
Kepler-1312 b,Kepler-1312,2,Transit,2016,5.44832528600,0.0605300000,2.10000000,5.06000000,299.10400000,292.9712801,41.0357494,,5719.00,0.990000,0.920000
Kepler-1312 c,Kepler-1312,2,Transit,2021,1.11611998100,0.0210300000,1.02732734,1.07000000,299.10400000,292.9712801,41.0357494,,5721.00,0.983000,0.905000
Kepler-1313 b,Kepler-1313,1,Transit,2016,3.83309117800,0.0461900000,1.76000000,3.75000000,174.23400000,292.3885820,42.2332767,,5453.00,0.920000,0.850000
Kepler-1314 b,Kepler-1314,1,Transit,2016,5.42474928100,0.0504000000,5.11000000,22.90000000,141.98685057,294.2373599,45.1968274,,4188.00,0.600000,0.590000
Kepler-1315 b,Kepler-1315,2,Transit,2016,0.84338011000,0.0161700000,1.38000000,2.48000000,480.86900000,295.8215678,46.0530562,,4861.00,0.800000,0.750000
Kepler-1315 c,Kepler-1315,2,Transit,2021,6.56606006600,0.0635000000,1.84398883,4.06000000,480.86900000,295.8215678,46.0530562,,4818.00,0.809000,0.856000
Kepler-1316 b,Kepler-1316,1,Transit,2016,87.97321360000,0.3976500000,3.54000000,12.30000000,800.87100000,298.8358277,40.2930714,,5884.00,1.040000,1.120000
Kepler-1317 b,Kepler-1317,1,Transit,2016,0.56887442700,0.0128000000,1.56000000,3.05000000,728.30300000,291.6118842,42.1159787,,5144.00,0.830000,0.790000
Kepler-1318 b,Kepler-1318,1,Transit,2016,213.25766300000,0.6085000000,3.11000000,9.85000000,475.24800000,290.3763246,41.1507928,,4598.00,0.730000,0.700000
Kepler-1319 b,Kepler-1319,1,Transit,2016,2.88676264500,0.0296000000,1.34000000,2.36000000,103.91700000,290.9564463,49.3667933,,3655.00,0.560000,0.540000
Kepler-132 b,Kepler-132,4,Transit,2014,6.17819600000,0.0670000000,1.21000000,1.92000000,349.54900000,283.2358100,41.3430370,,6003.00,0.929000,1.178000
Kepler-132 c,Kepler-132,4,Transit,2014,6.41491400000,0.0680000000,1.28000000,2.18000000,349.54900000,283.2358100,41.3430370,,6003.00,0.929000,1.178000
Kepler-132 d,Kepler-132,4,Transit,2014,18.01019900000,0.1360000000,1.55000000,3.02000000,349.54900000,283.2358100,41.3430370,,6003.00,0.929000,1.178000
Kepler-132 e,Kepler-132,4,Transit,2016,110.28693740000,0.4392700000,1.18000000,1.76000000,349.54900000,283.2358100,41.3430370,,6023.00,1.030000,1.100000
Kepler-1320 b,Kepler-1320,1,Transit,2016,0.86838652800,0.0163000000,1.70000000,3.53000000,647.42400000,288.4335977,40.3808519,,4817.00,0.800000,0.740000
Kepler-1321 b,Kepler-1321,3,Transit,2016,11.12830484000,0.0781000000,4.92000000,21.50000000,769.14600000,294.5285970,46.6408737,,4094.00,0.540000,0.530000
Kepler-1321 c,Kepler-1321,3,Transit,2016,2.22649108600,0.0267000000,2.40000000,6.35000000,769.14600000,294.5285970,46.6408737,,4094.00,0.540000,0.530000
Kepler-1321 d,Kepler-1321,3,Transit,2021,5.72092008600,0.0501000000,2.62843782,7.41000000,769.14600000,294.5285970,46.6408737,,3640.00,0.513000,0.503000
Kepler-1322 b,Kepler-1322,2,Transit,2016,0.96286738200,0.0183000000,1.61000000,3.22000000,1350.32000000,293.2045009,45.4353919,,5488.00,0.900000,0.870000
Kepler-1322 c,Kepler-1322,2,Transit,2021,6.45998001100,0.0652000000,2.15492527,5.29000000,1350.32000000,293.2045009,45.4353919,,5704.00,0.897000,0.804000
Kepler-1323 b,Kepler-1323,1,Transit,2016,0.92990667800,0.0191100000,1.52000000,2.92000000,465.41700000,292.8722515,46.0987290,,6169.00,1.180000,1.400000
Kepler-1324 b,Kepler-1324,1,Transit,2016,4.11584467900,0.0466000000,1.51000000,2.89000000,481.66700000,291.1849503,40.3112023,,4776.00,0.780000,0.730000
Kepler-1325 b,Kepler-1325,1,Transit,2016,33.87868380000,0.2004000000,2.86000000,8.55000000,973.36800000,285.0171505,42.0853120,,5550.00,0.930000,0.910000
Kepler-1326 b,Kepler-1326,1,Transit,2016,42.35142670000,0.2743000000,4.18000000,16.30000000,698.32600000,296.2221990,39.2689420,,6725.00,1.450000,1.740000
Kepler-1327 b,Kepler-1327,1,Transit,2016,14.88801098000,0.1115100000,1.80000000,3.89000000,678.06900000,289.0648073,50.4609183,,5885.00,1.020000,1.030000
Kepler-1328 b,Kepler-1328,1,Transit,2016,4.52158888000,0.0520000000,0.98000000,0.90400000,813.54300000,284.6753857,44.4177225,,5780.00,1.000000,0.990000
Kepler-1329 b,Kepler-1329,1,Transit,2016,9.33646594000,0.0747000000,2.17000000,5.35000000,588.03700000,281.6476437,48.2709523,,4500.00,0.720000,0.690000
Kepler-133 b,Kepler-133,2,Transit,2014,8.12997600000,0.0830000000,1.76000000,3.75000000,653.60000000,297.2778906,48.3203542,,5736.00,1.020000,1.425000
Kepler-133 c,Kepler-133,2,Transit,2014,31.51758600000,0.2040000000,2.84000000,8.45000000,653.60000000,297.2778906,48.3203542,,5736.00,1.020000,1.425000
Kepler-1330 b,Kepler-1330,1,Transit,2016,10.10769068000,0.0889000000,1.65000000,3.36000000,1720.48000000,290.5767116,39.9568913,,5608.00,0.970000,0.940000
Kepler-1331 b,Kepler-1331,1,Transit,2016,0.78916165300,0.0142000000,1.05000000,1.16000000,319.19700000,297.0737928,41.2244613,,4508.00,0.720000,0.690000
Kepler-1332 b,Kepler-1332,1,Transit,2016,11.87456832000,0.0991500000,1.37000000,2.45000000,528.68500000,291.0286411,43.9137055,,5581.00,0.950000,0.900000
Kepler-1333 b,Kepler-1333,1,Transit,2016,109.64718420000,0.4382000000,2.81000000,8.30000000,932.44600000,293.5275797,41.1113940,,5628.00,0.940000,0.920000
Kepler-1334 b,Kepler-1334,1,Transit,2016,15.64591713000,0.1229000000,2.29000000,5.86000000,1223.04000000,289.3115320,51.3209059,,5614.00,0.940000,0.910000
Kepler-1335 b,Kepler-1335,1,Transit,2016,6.26406846000,0.0615000000,1.45000000,2.70000000,621.85300000,284.8384394,42.0703371,,4903.00,0.770000,0.740000
Kepler-1336 b,Kepler-1336,2,Transit,2016,23.19868100000,0.1584500000,1.98000000,4.58000000,1126.64000000,296.2776587,46.8998006,,5512.00,0.940000,1.300000
Kepler-1336 c,Kepler-1336,2,Transit,2016,5.77721211000,0.0627200000,1.71000000,3.57000000,1126.64000000,296.2776587,46.8998006,,5512.00,0.940000,1.300000
Kepler-1337 b,Kepler-1337,1,Transit,2016,24.40025490000,0.1441000000,2.41000000,6.39000000,601.62900000,287.0091176,46.7961229,,4523.00,0.700000,0.670000
Kepler-1338 b,Kepler-1338,1,Transit,2016,0.93511805700,0.0193700000,0.92000000,0.72100000,753.26000000,284.0422701,41.6990348,,5909.00,1.040000,1.050000
Kepler-1339 b,Kepler-1339,1,Transit,2016,1.34155512700,0.0235600000,0.71000000,0.28500000,371.04900000,283.7457695,48.3734690,,5586.00,0.940000,0.930000
Kepler-134 b,Kepler-134,2,Transit,2014,5.31742900000,0.0600000000,2.00000000,4.66000000,334.79700000,284.7391156,49.5984448,,5983.00,0.956000,1.176000
Kepler-134 c,Kepler-134,2,Transit,2014,10.10578500000,0.0920000000,1.26000000,2.13000000,334.79700000,284.7391156,49.5984448,,5983.00,0.956000,1.176000
Kepler-1340 b,Kepler-1340,1,Transit,2016,0.66502691600,0.0152300000,1.55000000,3.02000000,981.77900000,296.2328099,42.4727965,,6331.00,1.270000,1.420000
Kepler-1341 b,Kepler-1341,1,Transit,2016,132.99683220000,0.4726700000,2.99000000,9.22000000,476.95700000,280.5116813,44.1593503,,4662.00,0.790000,0.720000
Kepler-1342 b,Kepler-1342,1,Transit,2016,2.21571035800,0.0313000000,1.66000000,3.39000000,890.72400000,297.0200549,43.4325382,,5527.00,0.930000,0.900000
Kepler-1343 b,Kepler-1343,1,Transit,2016,3.35183158000,0.0449000000,1.93000000,4.38000000,1756.71000000,294.2944830,50.7253850,,5759.00,0.950000,0.930000
Kepler-1344 b,Kepler-1344,1,Transit,2016,4.76830490000,0.0550100000,1.84000000,4.04000000,853.95900000,287.0862799,46.9457998,,5981.00,1.090000,1.130000
Kepler-1345 b,Kepler-1345,1,Transit,2016,44.61695570000,0.2641200000,2.36000000,6.17000000,1355.02000000,292.4779428,46.0228210,,6449.00,1.320000,1.550000
Kepler-1346 b,Kepler-1346,1,Transit,2016,3.40165668000,0.0440000000,1.58000000,3.12000000,843.70100000,291.8413410,45.1791850,,6133.00,1.140000,1.210000
Kepler-1347 b,Kepler-1347,1,Transit,2016,14.00947528000,0.1040000000,1.03000000,1.08000000,321.00000000,299.6595903,40.8438526,,5193.00,0.820000,0.790000
Kepler-1348 b,Kepler-1348,1,Transit,2016,27.57227420000,0.1834000000,1.94000000,4.42000000,1213.82000000,292.0874126,49.7887090,,5911.00,1.040000,1.040000
Kepler-1349 b,Kepler-1349,1,Transit,2016,2.12823928000,0.0342100000,0.70000000,0.27100000,276.32300000,286.3385562,48.7442697,,6086.00,1.160000,1.280000
Kepler-135 b,Kepler-135,2,Transit,2014,6.00253000000,0.0670000000,1.81000000,3.93000000,621.85500000,290.4950939,38.7954956,,6090.00,1.047000,1.275000
Kepler-135 c,Kepler-135,2,Transit,2014,11.44870800000,0.1030000000,1.16000000,1.65000000,621.85500000,290.4950939,38.7954956,,6090.00,1.047000,1.275000
Kepler-1350 b,Kepler-1350,2,Transit,2016,4.49686040000,0.0413000000,2.52000000,6.90000000,340.69100000,288.2506110,46.6794847,,3827.00,0.550000,0.530000
Kepler-1350 c,Kepler-1350,2,Transit,2016,1.76678906200,0.0222000000,1.73000000,3.64000000,340.69100000,288.2506110,46.6794847,,3827.00,0.550000,0.530000
Kepler-1351 b,Kepler-1351,1,Transit,2016,0.91614076800,0.0156000000,0.65000000,0.20800000,202.78200000,293.6084289,42.1978746,,4439.00,0.700000,0.670000
Kepler-1352 b,Kepler-1352,1,Transit,2016,1.87788274800,0.0288300000,0.89000000,0.64000000,670.82900000,290.6937988,48.7014417,,6118.00,1.110000,1.160000
Kepler-1353 b,Kepler-1353,1,Transit,2016,24.75439660000,0.1530000000,1.80000000,3.89000000,593.38400000,295.7353911,42.5762317,,4776.00,0.760000,0.720000
Kepler-1354 b,Kepler-1354,1,Transit,2016,76.61337700000,0.3521000000,2.97000000,9.11000000,1119.45000000,291.2451266,37.7590079,,6168.00,1.160000,1.240000
Kepler-1355 b,Kepler-1355,1,Transit,2016,1.28958811200,0.0224000000,1.46000000,2.73000000,911.26900000,283.7414249,49.0679833,,5352.00,0.880000,0.830000
Kepler-1356 b,Kepler-1356,1,Transit,2016,0.63400293700,0.0136000000,1.53000000,2.96000000,845.22800000,290.9953825,43.2438792,,5106.00,0.820000,0.780000
Kepler-1357 b,Kepler-1357,1,Transit,2016,3.00913240000,0.0410000000,1.28000000,2.18000000,1015.69000000,291.5480665,50.3532584,,5597.00,0.930000,0.900000
Kepler-1358 b,Kepler-1358,1,Transit,2016,7.06317341000,0.0656000000,1.12000000,1.46000000,546.99800000,286.1705469,43.0089000,,5181.00,0.820000,0.790000
Kepler-1359 b,Kepler-1359,1,Transit,2016,59.49709520000,0.2665700000,2.83000000,8.40000000,614.85900000,289.5388180,41.8928154,,4709.00,0.780000,0.720000
Kepler-136 b,Kepler-136,2,Transit,2014,11.57890000000,0.1060000000,2.05000000,19.80000000,420.81800000,296.4673039,42.5987984,,6165.00,1.204000,1.355000
Kepler-136 c,Kepler-136,2,Transit,2014,16.39923500000,0.1330000000,1.99000000,4.62000000,420.81800000,296.4673039,42.5987984,,6165.00,1.204000,1.355000
Kepler-1360 b,Kepler-1360,1,Transit,2016,40.52864130000,0.2866000000,3.40000000,11.50000000,1516.27000000,300.3440482,45.6231826,,6778.00,1.510000,1.830000
Kepler-1361 b,Kepler-1361,1,Transit,2016,3.57554956000,0.0430400000,0.86000000,0.56600000,389.14300000,283.5653603,46.9042278,,5131.00,0.830000,0.790000
Kepler-1362 b,Kepler-1362,1,Transit,2016,136.20562600000,0.4626000000,2.60000000,7.27000000,731.29800000,288.5385574,40.8771276,,4857.00,0.800000,0.740000
Kepler-1363 b,Kepler-1363,1,Transit,2016,2.94194094000,0.0363000000,1.25000000,2.10000000,541.71400000,296.9964872,49.2563228,,4839.00,0.760000,0.720000
Kepler-1364 b,Kepler-1364,1,Transit,2016,13.32196237000,0.1284000000,2.15000000,5.27000000,1056.90000000,295.1521334,49.5876179,,6805.00,1.490000,1.790000
Kepler-1365 b,Kepler-1365,2,Transit,2016,7.69993485000,0.0783900000,0.92000000,0.72100000,840.12800000,292.1996573,42.0459944,,5770.00,1.000000,1.050000
Kepler-1365 c,Kepler-1365,2,Transit,2016,4.77468005000,0.0570100000,0.80000000,0.43700000,840.12800000,292.1996573,42.0459944,,5770.00,1.000000,1.050000
Kepler-1366 b,Kepler-1366,1,Transit,2016,2.16457096800,0.0273000000,1.43000000,2.63000000,465.82600000,285.0648845,41.5548464,,4070.00,0.620000,0.600000
Kepler-1367 b,Kepler-1367,1,Transit,2016,1.57409027200,0.0236000000,0.92000000,0.72100000,401.48400000,288.4166786,47.8787308,,4106.00,0.620000,0.600000
Kepler-1368 b,Kepler-1368,1,Transit,2016,0.67564948600,0.0153000000,1.65000000,3.36000000,1635.82000000,294.7669795,41.6446434,,5906.00,1.070000,1.080000
Kepler-1369 b,Kepler-1369,1,Transit,2016,25.87314800000,0.1741000000,2.69000000,7.70000000,1236.56000000,285.7972604,40.9361923,,5761.00,0.990000,0.990000
Kepler-137 b,Kepler-137,2,Transit,2014,8.43638700000,0.0770000000,1.47000000,2.76000000,302.97900000,282.1355875,43.0391951,,5187.00,0.850000,0.802000
Kepler-137 c,Kepler-137,2,Transit,2014,18.73575300000,0.1300000000,1.88000000,4.19000000,302.97900000,282.1355875,43.0391951,,5187.00,0.850000,0.802000
Kepler-1370 b,Kepler-1370,2,Transit,2016,20.26416840000,0.1576300000,1.84000000,4.04000000,1004.10000000,284.5656897,41.7784781,,6202.00,1.190000,1.290000
Kepler-1370 c,Kepler-1370,2,Transit,2016,7.44142113000,0.0808400000,1.27000000,2.15000000,1004.10000000,284.5656897,41.7784781,,6202.00,1.190000,1.290000
Kepler-1371 b,Kepler-1371,2,Transit,2016,3.44620390000,0.0421400000,0.73000000,0.31500000,515.33400000,288.8314251,47.5519753,,5361.00,0.870000,0.830000
Kepler-1371 c,Kepler-1371,2,Transit,2016,2.00541269000,0.0293700000,0.64000000,0.19600000,515.33400000,288.8314251,47.5519753,,5361.00,0.870000,0.830000
Kepler-1372 b,Kepler-1372,1,Transit,2016,1.31155556800,0.0240000000,1.27000000,2.15000000,1303.22000000,288.8865895,44.8394672,,5677.00,0.980000,0.970000
Kepler-1373 b,Kepler-1373,1,Transit,2016,1.29123275000,0.0259800000,1.16000000,1.65000000,1699.46000000,285.7520229,39.2491731,,6299.00,1.220000,1.330000
Kepler-1374 b,Kepler-1374,1,Transit,2016,10.65276707000,0.0918000000,2.29000000,5.86000000,1078.46000000,291.3499783,45.1722521,,5323.00,0.850000,0.810000
Kepler-1375 b,Kepler-1375,1,Transit,2016,3.30041920000,0.0471000000,1.74000000,3.68000000,1430.84000000,296.2935173,43.4032189,,6704.00,1.470000,1.780000
Kepler-1376 b,Kepler-1376,1,Transit,2016,5.30880656000,0.0598000000,1.05000000,1.16000000,868.05600000,286.9584368,42.5414090,,5659.00,0.980000,0.970000
Kepler-1377 b,Kepler-1377,1,Transit,2016,0.74092842200,0.0153000000,1.25000000,2.10000000,1146.10000000,289.1954229,46.6516055,,5218.00,0.860000,0.820000
Kepler-1378 b,Kepler-1378,1,Transit,2016,11.95398936000,0.0885000000,2.20000000,5.48000000,506.43400000,297.3734030,40.3663986,,4407.00,0.700000,0.670000
Kepler-1379 b,Kepler-1379,1,Transit,2016,0.88184114600,0.0171000000,1.30000000,2.24000000,971.32500000,293.6704404,41.4102105,,5188.00,0.830000,0.790000
Kepler-138 b,Kepler-138,4,Transit,2014,10.31340000000,0.0753000000,0.64000000,0.07000000,66.86240000,290.3814122,43.2930645,M1 V,3841.00,0.535000,0.535000
Kepler-138 c,Kepler-138,4,Transit,2014,13.78150000000,0.0913000000,1.51000000,2.30000000,66.86240000,290.3814122,43.2930645,M1 V,3841.00,0.535000,0.535000
Kepler-138 d,Kepler-138,4,Transit,2014,23.09230000000,0.1288000000,1.51000000,2.10000000,66.86240000,290.3814122,43.2930645,M1 V,3841.00,0.535000,0.535000
Kepler-138 e,Kepler-138,4,Transit Timing Variations,2022,38.23000000000,0.1803000000,0.79700000,0.43000000,66.86240000,290.3814122,43.2930645,M1 V,3841.00,0.535000,0.535000
Kepler-1380 b,Kepler-1380,1,Transit,2016,10.31082450000,0.0917000000,1.43000000,2.63000000,2462.94000000,288.1160421,42.4403832,,5570.00,0.960000,0.940000
Kepler-1381 b,Kepler-1381,1,Transit,2016,25.38426860000,0.1728000000,2.25000000,5.69000000,1197.04000000,287.5357911,48.7277830,,5747.00,0.960000,0.940000
Kepler-1382 b,Kepler-1382,1,Transit,2016,16.35830550000,0.1402300000,1.88000000,4.19000000,738.26100000,295.3774182,39.0480365,,6161.00,1.360000,1.720000
Kepler-1383 b,Kepler-1383,1,Transit,2016,13.90935830000,0.1139700000,1.41000000,2.57000000,1027.21000000,297.9447714,42.1918449,,6370.00,1.260000,1.440000
Kepler-1384 b,Kepler-1384,1,Transit,2016,15.36262753000,0.1126000000,1.94000000,4.42000000,618.00000000,296.2151275,39.5270248,,4919.00,0.780000,0.740000
Kepler-1385 b,Kepler-1385,1,Transit,2016,2.88879862000,0.0426200000,0.85000000,0.54300000,688.79500000,282.6313559,46.4810220,,5732.00,1.150000,1.290000
Kepler-1386 b,Kepler-1386,1,Transit,2016,6.73972381000,0.0680000000,1.24000000,2.07000000,835.88200000,280.8233646,42.6360518,,5733.00,1.020000,1.030000
Kepler-1387 b,Kepler-1387,1,Transit,2016,2.27952665600,0.0310000000,0.93000000,0.74900000,455.35800000,292.4403029,43.2093456,,5046.00,0.820000,0.770000
Kepler-1388 b,Kepler-1388,4,Transit,2016,12.28546030000,0.0882000000,2.59000000,7.22000000,453.79500000,283.3360156,47.1744499,,4098.00,0.630000,0.610000
Kepler-1388 c,Kepler-1388,4,Transit,2016,5.53608151000,0.0519000000,2.26000000,5.73000000,453.79500000,283.3360156,47.1744499,,4098.00,0.630000,0.610000
Kepler-1388 d,Kepler-1388,4,Transit,2016,20.95681580000,0.1260000000,2.86000000,8.55000000,453.79500000,283.3360156,47.1744499,,4098.00,0.630000,0.610000
Kepler-1388 e,Kepler-1388,4,Transit,2016,37.63270840000,0.1861000000,2.46000000,6.62000000,453.79500000,283.3360156,47.1744499,,4098.00,0.630000,0.610000
Kepler-1389 b,Kepler-1389,1,Transit,2016,99.25309510000,0.3824900000,1.77000000,3.78000000,497.09300000,285.7174414,44.7583487,,5078.00,0.810000,0.740000
Kepler-139 b,Kepler-139,5,Transit,2014,15.77104400000,0.1270000000,2.94000000,7.00000000,391.03800000,282.3919451,43.8894167,,5594.00,1.078000,1.300000
Kepler-139 c,Kepler-139,5,Transit,2014,157.07287800000,0.5860000000,3.38000000,13.00000000,391.03800000,282.3919451,43.8894167,,5594.00,1.078000,1.300000
Kepler-139 d,Kepler-139,5,Transit,2023,7.30569992200,0.0755533961,1.69500000,2.00000000,391.03800000,282.3919451,43.8894167,,5622.00,1.078000,1.045000
Kepler-139 e,Kepler-139,5,Radial Velocity,2023,2047.63537300000,3.2357963900,13.70000000,378.00000000,391.03800000,282.3919451,43.8894167,,5622.00,1.078000,1.045000
Kepler-139 f,Kepler-139,5,Transit Timing Variations,2025,355.00000000000,,6.67000000,36.00000000,391.03800000,282.3919451,43.8894167,,5630.00,1.078000,1.045000
Kepler-1390 b,Kepler-1390,1,Transit,2016,6.48021673000,0.0662000000,1.18000000,1.76000000,723.43100000,298.6624419,48.2488659,,5753.00,0.980000,0.980000
Kepler-1391 b,Kepler-1391,1,Transit,2016,54.40923330000,0.3004500000,1.68000000,3.46000000,1038.35000000,294.8309749,46.6595768,,5840.00,1.030000,1.100000
Kepler-1392 b,Kepler-1392,1,Transit,2016,15.14103970000,0.1189000000,1.96000000,4.50000000,1117.00000000,288.7669819,46.3944497,,5479.00,0.880000,0.850000
Kepler-1393 b,Kepler-1393,1,Transit,2016,2.44357812000,0.0337000000,0.80000000,0.43700000,544.45600000,284.4594558,40.1424756,,5697.00,0.950000,0.920000
Kepler-1394 b,Kepler-1394,1,Transit,2016,3.93766373000,0.0547400000,1.39000000,2.51000000,640.40900000,283.4532068,45.0840729,,6481.00,1.640000,2.550000
Kepler-1395 b,Kepler-1395,1,Transit,2016,3.78470649000,0.0497400000,0.80000000,0.43700000,492.89400000,292.3374945,47.6641732,,6138.00,1.170000,1.230000
Kepler-1396 b,Kepler-1396,1,Transit,2016,18.22064210000,0.1406000000,2.07000000,4.94000000,1066.46000000,294.3363936,44.9182296,,6195.00,1.180000,1.270000
Kepler-1397 b,Kepler-1397,1,Transit,2016,47.44995500000,0.2586100000,1.72000000,3.61000000,1198.25000000,299.6758812,47.0758234,,6026.00,1.090000,1.120000
Kepler-1398 b,Kepler-1398,2,Transit,2016,2.78815679000,0.0390900000,0.90000000,0.66600000,852.20400000,294.8661073,48.6389923,,6126.00,1.130000,1.180000
Kepler-1398 c,Kepler-1398,2,Transit,2016,4.13827595000,0.0508700000,1.03000000,1.08000000,852.20400000,294.8661073,48.6389923,,6126.00,1.130000,1.180000
Kepler-1399 b,Kepler-1399,1,Transit,2016,1.63865305800,0.0276000000,1.25000000,2.10000000,1385.70000000,293.3116962,46.0416516,,5735.00,0.970000,0.960000
Kepler-14 b,Kepler-14,1,Transit,2011,6.79012300000,0.0771000000,12.73300000,2669.66000000,798.00000000,287.7088140,47.3330500,,6395.00,1.512000,2.048000
Kepler-140 b,Kepler-140,2,Transit,2014,3.25427000000,0.0450000000,1.61000000,3.22000000,583.85900000,287.3694056,46.7681473,,6077.00,1.044000,1.288000
Kepler-140 c,Kepler-140,2,Transit,2014,91.35328200000,0.4140000000,1.80000000,3.89000000,583.85900000,287.3694056,46.7681473,,6077.00,1.044000,1.288000
Kepler-1400 b,Kepler-1400,1,Transit,2016,9.06689421000,0.0771000000,1.62000000,3.26000000,752.23700000,286.2716827,45.4408055,,5044.00,0.830000,0.780000
Kepler-1401 b,Kepler-1401,1,Transit,2016,11.20066445000,0.0975000000,1.68000000,3.46000000,1425.43000000,287.4660334,40.7584200,,5964.00,1.070000,1.100000
Kepler-1402 b,Kepler-1402,1,Transit,2016,2.03387914000,0.0322000000,0.76000000,0.36300000,1493.64000000,291.8478341,48.9681664,,5416.00,0.900000,0.870000
Kepler-1403 b,Kepler-1403,1,Transit,2016,5.19492202000,0.0640000000,2.14000000,5.22000000,2163.90000000,290.8676391,38.9600779,,6060.00,1.110000,1.150000
Kepler-1404 b,Kepler-1404,1,Transit,2016,15.93147390000,0.1143000000,2.01000000,4.70000000,962.18300000,296.0094827,50.4983929,,5261.00,0.840000,0.800000
Kepler-1405 b,Kepler-1405,1,Transit,2016,28.22741840000,0.1778000000,3.96000000,14.90000000,1530.30000000,295.6848822,39.2561274,,5925.00,1.050000,1.070000
Kepler-1406 b,Kepler-1406,1,Transit,2016,11.62905828000,0.0987000000,1.10000000,1.37000000,572.40300000,292.0818824,38.9149472,,5892.00,1.050000,1.120000
Kepler-1407 b,Kepler-1407,1,Transit,2016,20.07115040000,0.1502000000,2.25000000,5.69000000,1396.41000000,283.9424274,41.4715535,,6010.00,1.100000,1.150000
Kepler-1408 b,Kepler-1408,1,Transit,2016,2.99793191000,0.0421800000,0.89000000,0.64000000,535.04800000,282.6998783,45.4257884,,6170.00,1.210000,1.350000
Kepler-1409 b,Kepler-1409,1,Transit,2016,0.76486492600,0.0155300000,1.04000000,1.12000000,694.89000000,290.0847389,51.2086144,,5160.00,0.830000,0.790000
Kepler-141 b,Kepler-141,2,Transit,2014,3.10767500000,0.0390000000,0.69000000,0.25700000,301.18300000,297.9707271,47.7316041,,4910.00,0.878000,0.787000
Kepler-141 c,Kepler-141,2,Transit,2014,7.01060600000,0.0670000000,1.41000000,2.57000000,301.18300000,297.9707271,47.7316041,,4910.00,0.878000,0.787000
Kepler-1410 b,Kepler-1410,1,Transit,2016,60.86616800000,0.2543000000,1.78000000,3.82000000,367.00000000,290.5102933,38.7435010,,4092.00,0.630000,0.600000
Kepler-1411 b,Kepler-1411,1,Transit,2016,86.11508880000,0.4001000000,2.82000000,8.35000000,1660.48000000,286.3615236,42.9638889,,5664.00,0.950000,0.920000
Kepler-1412 b,Kepler-1412,1,Transit,2016,3.61460510000,0.0460800000,0.83000000,0.49800000,755.67800000,292.1801539,49.2024810,,5880.00,1.060000,1.270000
Kepler-1413 b,Kepler-1413,1,Transit,2016,13.18296420000,0.1066000000,1.82000000,3.97000000,1167.49000000,294.3416065,46.4987624,,5196.00,0.840000,0.800000
Kepler-1414 b,Kepler-1414,1,Transit,2016,3.51576315000,0.0426000000,1.23000000,2.04000000,570.83500000,284.9285796,42.4223085,,4951.00,0.800000,0.750000
Kepler-1415 b,Kepler-1415,1,Transit,2016,0.63642408000,0.0141600000,1.29000000,2.21000000,1043.56000000,285.1568015,47.8732512,,5267.00,0.890000,0.840000
Kepler-1416 b,Kepler-1416,1,Transit,2016,1.49514952000,0.0257000000,0.88000000,0.61500000,949.59000000,298.6634624,43.8940593,,6019.00,1.090000,1.150000
Kepler-1417 b,Kepler-1417,1,Transit,2016,20.35052130000,0.1406200000,1.00000000,0.97200000,991.84500000,290.9498966,40.6051970,,5839.00,1.020000,1.020000
Kepler-1418 b,Kepler-1418,1,Transit,2016,22.47644250000,0.1310000000,1.66000000,3.39000000,499.00000000,282.9975322,41.6785900,,4770.00,0.770000,0.720000
Kepler-1419 b,Kepler-1419,1,Transit,2016,42.52158950000,0.2391000000,2.86000000,8.55000000,1498.58000000,292.2545917,37.9713760,,5796.00,1.010000,1.010000
Kepler-142 b,Kepler-142,3,Transit,2014,2.02415200000,0.0320000000,1.99000000,4.62000000,548.68600000,295.1190067,48.4813635,,5790.00,0.978000,1.269000
Kepler-142 c,Kepler-142,3,Transit,2014,4.76170200000,0.0570000000,2.86000000,8.55000000,548.68600000,295.1190067,48.4813635,,5790.00,0.978000,1.269000
Kepler-142 d,Kepler-142,3,Transit,2014,41.80911800000,0.2420000000,2.16000000,5.31000000,548.68600000,295.1190067,48.4813635,,5790.00,0.978000,1.269000
Kepler-1420 b,Kepler-1420,1,Transit,2016,6.69960006000,0.0671000000,1.28000000,2.18000000,1054.37000000,296.2038586,42.7778165,,5187.00,0.820000,0.790000
Kepler-1421 b,Kepler-1421,1,Transit,2016,6.91311120000,0.0757600000,0.93000000,0.74900000,783.40100000,286.5806115,48.5442312,,6335.00,1.250000,1.420000
Kepler-1422 b,Kepler-1422,1,Transit,2016,18.60519420000,0.1499000000,2.02000000,4.74000000,2465.84000000,293.8902214,48.3360926,,6194.00,1.150000,1.230000
Kepler-1423 b,Kepler-1423,1,Transit,2016,23.95537800000,0.1586000000,1.06000000,1.20000000,449.00000000,288.2437481,41.1100655,,4939.00,0.790000,0.750000
Kepler-1424 b,Kepler-1424,1,Transit,2016,29.60917440000,0.1906800000,1.16000000,1.65000000,661.42100000,290.9916648,40.2293347,,5838.00,1.020000,1.070000
Kepler-1425 b,Kepler-1425,1,Transit,2016,14.45413020000,0.1143500000,0.94000000,0.77900000,863.87300000,294.9510368,43.0124348,,5718.00,0.970000,0.950000
Kepler-1426 b,Kepler-1426,1,Transit,2016,14.25632270000,0.1187000000,1.56000000,3.05000000,1697.81000000,292.5457096,49.4168981,,5831.00,1.020000,1.020000
Kepler-1427 b,Kepler-1427,1,Transit,2016,0.96897237600,0.0197000000,1.10000000,1.37000000,1220.00000000,295.3496546,45.1145372,,5793.00,1.010000,1.010000
Kepler-1428 b,Kepler-1428,1,Transit,2016,10.67607169000,0.1105100000,1.64000000,3.33000000,1530.32000000,297.6422563,49.5949580,,6184.00,1.280000,1.360000
Kepler-1429 b,Kepler-1429,1,Transit,2016,4.48487493000,0.0550000000,1.29000000,2.21000000,1214.09000000,285.3662532,49.0448172,,5902.00,1.050000,1.070000
Kepler-143 b,Kepler-143,2,Transit,2014,16.00758300000,0.1270000000,2.41000000,6.39000000,809.46700000,298.0676519,49.4125410,,5848.00,0.982000,1.359000
Kepler-143 c,Kepler-143,2,Transit,2014,27.08251100000,0.1810000000,3.37000000,11.30000000,809.46700000,298.0676519,49.4125410,,5848.00,0.982000,1.359000
Kepler-1430 b,Kepler-1430,1,Transit,2016,2.46050993000,0.0304000000,1.18000000,1.76000000,875.52300000,289.6975391,43.3719581,,4796.00,0.770000,0.720000
Kepler-1431 b,Kepler-1431,1,Transit,2016,5.86601526000,0.0648000000,1.47000000,2.76000000,1623.24000000,292.6583919,49.8651522,,5806.00,1.030000,1.030000
Kepler-1432 b,Kepler-1432,1,Transit,2016,23.91090110000,0.1696000000,2.22000000,5.56000000,2171.87000000,295.5241011,49.8295211,,6031.00,1.090000,1.130000
Kepler-1433 b,Kepler-1433,1,Transit,2016,4.13592271000,0.0516000000,1.56000000,3.05000000,1328.00000000,287.3634559,49.4568649,,6097.00,1.140000,1.190000
Kepler-1434 b,Kepler-1434,1,Transit,2016,8.05333618000,0.0917000000,1.11000000,1.41000000,775.52900000,295.5384415,51.2030002,,6291.00,1.470000,2.040000
Kepler-1435 b,Kepler-1435,1,Transit,2016,4.45343281000,0.0545600000,0.86000000,0.56600000,704.21100000,291.1732806,44.9210836,,6356.00,1.210000,1.320000
Kepler-1436 b,Kepler-1436,1,Transit,2016,9.70571600000,0.0907000000,1.31000000,2.27000000,2530.62000000,297.7115530,46.7679816,,5972.00,1.060000,1.090000
Kepler-1437 b,Kepler-1437,1,Transit,2016,10.92954610000,0.0951000000,1.37000000,2.45000000,2101.69000000,291.8649164,49.3258690,,5557.00,0.930000,0.900000
Kepler-1438 b,Kepler-1438,1,Transit,2016,2.31942009000,0.0346000000,0.94000000,0.77900000,1154.13000000,289.2898190,40.6816262,,5530.00,0.970000,0.960000
Kepler-1439 b,Kepler-1439,1,Transit,2016,8.07392849000,0.0594000000,1.46000000,2.73000000,225.39300000,285.7396971,40.9798688,,3578.00,0.460000,0.430000
Kepler-144 b,Kepler-144,2,Transit,2014,5.88527300000,0.0660000000,1.33000000,2.33000000,384.91700000,281.9156128,42.7755535,,6075.00,1.154000,1.235000
Kepler-144 c,Kepler-144,2,Transit,2014,10.10466500000,0.0940000000,1.35000000,2.39000000,384.91700000,281.9156128,42.7755535,,6075.00,1.154000,1.235000
Kepler-1440 b,Kepler-1440,1,Transit,2016,39.85948400000,0.2343100000,1.26000000,2.13000000,1115.35000000,285.3469737,48.3122283,,5698.00,0.980000,0.960000
Kepler-1441 b,Kepler-1441,1,Transit,2016,39.44198390000,0.2346000000,1.31000000,2.27000000,1110.48000000,293.7191177,43.1245756,,5802.00,1.000000,1.000000
Kepler-1442 b,Kepler-1442,1,Transit,2016,81.41629410000,0.4081400000,3.93000000,14.70000000,608.68000000,291.2556226,48.8469171,,6394.00,1.340000,1.440000
Kepler-1443 b,Kepler-1443,1,Transit,2016,2.41811321000,0.0378300000,0.97000000,0.87100000,593.64600000,283.4357392,47.0667983,,6289.00,1.190000,1.270000
Kepler-1444 b,Kepler-1444,1,Transit,2016,33.42035034000,0.2090600000,2.18000000,5.39000000,319.67500000,285.3306799,42.0405016,,5810.00,1.030000,1.050000
Kepler-1445 b,Kepler-1445,1,Transit,2016,10.60052251000,0.0958700000,0.96000000,0.84000000,506.35700000,280.2495197,43.9150665,,6150.00,1.130000,1.260000
Kepler-1446 b,Kepler-1446,1,Transit,2016,0.68996783200,0.0140500000,0.82000000,0.47700000,152.07500000,289.4240357,46.7260823,,4865.00,0.810000,0.750000
Kepler-1447 b,Kepler-1447,1,Transit,2016,56.67472850000,0.2836000000,2.90000000,8.75000000,890.29600000,289.6434285,50.7270160,,5722.00,0.970000,0.950000
Kepler-1448 b,Kepler-1448,1,Transit,2016,12.27065865000,0.1058000000,1.61000000,3.22000000,768.90300000,287.8674123,50.5955846,,5774.00,0.950000,0.930000
Kepler-1449 b,Kepler-1449,1,Transit,2016,13.22745280000,0.1176000000,1.68000000,3.46000000,2006.48000000,288.2317293,50.5678345,,5979.00,1.080000,1.100000
Kepler-145 b,Kepler-145,2,Transit,2013,22.95100000000,0.1730800000,2.65000000,37.10000000,566.85000000,291.3877397,44.5290465,,6022.00,1.320000,1.850000
Kepler-145 c,Kepler-145,2,Transit,2013,42.88200000000,0.2624400000,4.32000000,79.40000000,566.85000000,291.3877397,44.5290465,,6022.00,1.320000,1.850000
Kepler-1450 b,Kepler-1450,1,Transit,2016,54.50941660000,0.2401000000,1.71000000,3.57000000,505.82900000,294.5536825,45.0813011,,4524.00,0.710000,0.680000
Kepler-1451 b,Kepler-1451,1,Transit,2016,35.62223300000,0.2101000000,3.35000000,11.20000000,1058.72000000,293.4464227,40.4098813,,5782.00,1.000000,0.990000
Kepler-1452 b,Kepler-1452,1,Transit,2016,42.91375100000,0.2576400000,2.70000000,7.75000000,996.32000000,292.4227920,38.2662824,,6101.00,1.410000,2.060000
Kepler-1453 b,Kepler-1453,1,Transit,2016,47.16116960000,0.2620000000,2.67000000,7.61000000,1196.04000000,286.1255037,47.9475586,,5665.00,0.970000,0.940000
Kepler-1454 b,Kepler-1454,1,Transit,2016,47.03194790000,0.2447000000,1.88000000,4.19000000,780.56600000,284.2233265,48.8317229,,5448.00,0.900000,0.860000
Kepler-1455 b,Kepler-1455,1,Transit,2016,49.27676400000,0.2149000000,2.16000000,5.31000000,357.62100000,294.0830662,50.5027572,,4075.00,0.620000,0.600000
Kepler-1456 b,Kepler-1456,1,Transit,2016,18.13738290000,0.1132000000,1.14000000,1.55000000,370.31200000,286.9453381,43.8228023,,4231.00,0.640000,0.620000
Kepler-1457 b,Kepler-1457,1,Transit,2016,51.11102430000,0.2639100000,1.99000000,4.62000000,889.88500000,283.7705481,42.0272030,,5866.00,1.010000,1.010000
Kepler-1458 b,Kepler-1458,1,Transit,2016,47.98727640000,0.2486900000,2.76000000,8.05000000,544.45000000,283.2115971,41.0380135,,5653.00,0.960000,0.940000
Kepler-1459 b,Kepler-1459,1,Transit,2016,62.86916110000,0.2829000000,1.36000000,2.42000000,455.47900000,282.4229401,46.0139761,,4828.00,0.780000,0.740000
Kepler-146 b,Kepler-146,2,Transit,2014,31.15879900000,0.2000000000,3.71000000,13.30000000,716.79700000,294.1107631,38.7102222,,5948.00,1.079000,1.208000
Kepler-146 c,Kepler-146,2,Transit,2014,76.73217100000,0.3640000000,3.13000000,9.96000000,716.79700000,294.1107631,38.7102222,,5948.00,1.079000,1.208000
Kepler-1460 b,Kepler-1460,1,Transit,2016,29.96332470000,0.1614000000,1.96000000,4.50000000,553.21800000,285.5577888,44.0108221,,4422.00,0.700000,0.670000
Kepler-1461 b,Kepler-1461,1,Transit,2016,29.34947750000,0.1715000000,2.03000000,4.78000000,679.10600000,285.8305091,43.1983770,,4919.00,0.790000,0.740000
Kepler-1462 b,Kepler-1462,1,Transit,2016,65.64883410000,0.3094000000,3.82000000,14.00000000,1017.82000000,296.3975420,42.3969273,,5756.00,1.000000,1.000000
Kepler-1463 b,Kepler-1463,1,Transit,2016,25.15864000000,0.1694000000,1.86000000,4.12000000,1687.47000000,294.4872785,42.0069064,,5679.00,0.960000,0.950000
Kepler-1464 b,Kepler-1464,2,Transit,2016,31.77859010000,0.2006600000,1.66000000,3.39000000,1151.73000000,287.2356828,38.7540824,,5828.00,1.020000,1.010000
Kepler-1464 c,Kepler-1464,2,Transit,2016,5.32786292000,0.0610100000,1.00000000,0.97200000,1151.73000000,287.2356828,38.7540824,,5828.00,1.020000,1.010000
Kepler-1465 b,Kepler-1465,1,Transit,2016,31.82771110000,0.1939000000,1.77000000,3.78000000,359.49700000,289.8194222,51.9048541,,4726.00,0.750000,0.710000
Kepler-1466 b,Kepler-1466,1,Transit,2016,31.17504480000,0.1798100000,1.55000000,3.02000000,631.94900000,289.8312418,44.6098415,,5884.00,1.010000,1.020000
Kepler-1467 b,Kepler-1467,1,Transit,2016,47.05690430000,0.2388000000,3.30000000,10.90000000,852.88800000,295.0485389,45.3426781,,5332.00,0.860000,0.820000
Kepler-1468 b,Kepler-1468,3,Transit,2016,8.23984869000,0.0817000000,1.73000000,3.64000000,1899.24000000,293.5198289,41.2773671,,5893.00,1.040000,1.050000
Kepler-1468 c,Kepler-1468,3,Transit,2016,3.54553021000,0.0466000000,1.15000000,1.60000000,1899.24000000,293.5198289,41.2773671,,5893.00,1.040000,1.050000
Kepler-1468 d,Kepler-1468,3,Transit,2021,19.59059906000,0.1456000000,3.33187146,11.10000000,1899.24000000,293.5198289,41.2773671,,5794.00,1.072000,1.496000
Kepler-1469 b,Kepler-1469,1,Transit,2016,21.86353010000,0.1466000000,2.80000000,8.25000000,1159.30000000,293.8213286,39.3913385,,5507.00,0.920000,0.890000
Kepler-147 b,Kepler-147,2,Transit,2014,12.61058400000,0.1130000000,1.53000000,2.96000000,1042.02000000,287.9757213,39.0871680,,6012.00,1.145000,1.468000
Kepler-147 c,Kepler-147,2,Transit,2014,33.41642300000,0.2160000000,2.43000000,6.48000000,1042.02000000,287.9757213,39.0871680,,6012.00,1.145000,1.468000
Kepler-1470 b,Kepler-1470,1,Transit,2016,16.29509030000,0.1160000000,1.07000000,1.24000000,590.60100000,288.6949475,39.8830802,,4961.00,0.800000,0.760000
Kepler-1471 b,Kepler-1471,2,Transit,2016,3.63899398000,0.0453000000,1.41000000,2.57000000,978.67800000,289.6649171,50.0200612,,5660.00,0.950000,0.930000
Kepler-1471 c,Kepler-1471,2,Transit,2023,11.60448810000,0.0981000000,1.88000000,4.19000000,978.67800000,289.6649171,50.0200612,,5533.00,0.934000,1.166000
Kepler-1472 b,Kepler-1472,1,Transit,2016,38.13128310000,0.2322000000,1.90000000,4.27000000,1479.14000000,294.8526163,49.0574468,,6159.00,1.160000,1.250000
Kepler-1473 b,Kepler-1473,1,Transit,2016,14.42735510000,0.1160600000,1.19000000,1.81000000,652.25300000,290.6365144,48.9961494,,6046.00,1.090000,1.090000
Kepler-1474 b,Kepler-1474,1,Transit,2016,36.43334520000,0.2108000000,2.16000000,5.31000000,1180.90000000,294.6940261,45.8668090,,5870.00,1.040000,1.040000
Kepler-1475 b,Kepler-1475,1,Transit,2016,82.17737400000,0.3730000000,2.92000000,8.85000000,1568.38000000,295.9482766,44.7530960,,6214.00,1.180000,1.280000
Kepler-1476 b,Kepler-1476,1,Transit,2016,10.35863224000,0.0932000000,1.67000000,3.43000000,1002.74000000,284.5320743,43.9898971,,5663.00,0.980000,0.960000
Kepler-1477 b,Kepler-1477,1,Transit,2016,11.55530021000,0.0911000000,1.18000000,1.76000000,680.82800000,281.2985305,42.6856727,,5100.00,0.810000,0.780000
Kepler-1478 b,Kepler-1478,1,Transit,2016,26.08405940000,0.1681000000,1.73000000,3.64000000,1845.58000000,293.1650085,41.7461840,,5904.00,1.040000,1.060000
Kepler-1479 b,Kepler-1479,1,Transit,2016,14.53261362000,0.1134100000,1.83000000,4.01000000,728.66800000,285.7119953,49.7067574,,5796.00,0.990000,0.980000
Kepler-148 b,Kepler-148,3,Transit,2014,1.72936600000,0.0280000000,1.80000000,3.89000000,791.16300000,289.7861626,46.8588176,,5272.00,0.860000,0.851000
Kepler-148 c,Kepler-148,3,Transit,2014,4.18004300000,0.0500000000,3.60000000,12.60000000,791.16300000,289.7861626,46.8588176,,5272.00,0.860000,0.851000
Kepler-148 d,Kepler-148,3,Transit,2016,51.84688575000,0.2607000000,8.68000000,56.30000000,791.16300000,289.7861626,46.8588176,,5172.00,0.860000,0.810000
Kepler-1480 b,Kepler-1480,1,Transit,2016,22.12679948000,0.1525000000,1.67000000,3.43000000,500.89200000,291.9998055,49.3018321,,5156.00,0.850000,0.810000
Kepler-1481 b,Kepler-1481,1,Transit,2016,5.94220998000,0.0590000000,1.23000000,2.04000000,459.07600000,289.4390075,49.7312226,,4908.00,0.800000,0.750000
Kepler-1482 b,Kepler-1482,1,Transit,2016,12.25383217000,0.0996800000,1.01000000,1.01000000,567.55600000,285.3138209,48.7252700,,5381.00,0.880000,0.840000
Kepler-1483 b,Kepler-1483,1,Transit,2016,9.50851560000,0.0958000000,1.52000000,2.92000000,1273.78000000,295.4097409,42.1507935,,6337.00,1.250000,1.400000
Kepler-1484 b,Kepler-1484,1,Transit,2016,30.45491360000,0.1939000000,2.11000000,5.10000000,2879.83000000,292.6842738,38.1262604,,5730.00,0.940000,0.920000
Kepler-1485 b,Kepler-1485,1,Transit,2016,19.91577250000,0.1473200000,1.47000000,2.76000000,615.66000000,298.0954404,44.7370612,,6087.00,1.110000,1.120000
Kepler-1486 b,Kepler-1486,1,Transit,2016,54.64957590000,0.2846000000,2.32000000,5.99000000,1769.14000000,290.5903907,45.4396955,,5965.00,1.080000,1.120000
Kepler-1487 b,Kepler-1487,2,Transit,2016,7.31946363000,0.0898000000,2.13000000,5.18000000,1014.62000000,295.4980737,38.6444499,,6541.00,1.380000,1.630000
Kepler-1487 c,Kepler-1487,2,Transit,2023,35.80071120000,0.2588000000,7.97000000,48.70000000,1014.62000000,295.4980737,38.6444499,,5745.00,1.801000,3.955000
Kepler-1488 b,Kepler-1488,2,Transit,2016,39.81899320000,0.2415300000,1.86000000,4.12000000,905.82500000,286.6464265,49.9377735,,5820.00,1.050000,1.310000
Kepler-1488 c,Kepler-1488,2,Transit,2021,6.15826988200,0.0695900000,1.65156749,3.37000000,905.82500000,286.6464265,49.9377735,,5710.00,1.003000,1.524000
Kepler-1489 b,Kepler-1489,2,Transit,2016,82.29475100000,0.3679000000,1.77000000,3.78000000,1283.05000000,281.2957984,44.4654063,G,5655.00,0.930000,0.900000
Kepler-1489 c,Kepler-1489,2,Transit,2024,0.68074100000,,0.51000000,0.08700000,1283.05000000,281.2957984,44.4654063,G,5565.53,0.977000,0.957000
Kepler-149 b,Kepler-149,3,Transit,2014,29.19894300000,0.1840000000,4.21000000,16.50000000,571.03400000,285.8537014,38.3840916,,5381.00,1.013000,0.953000
Kepler-149 c,Kepler-149,3,Transit,2014,55.32832800000,0.2810000000,1.61000000,3.22000000,571.03400000,285.8537014,38.3840916,,5381.00,1.013000,0.953000
Kepler-149 d,Kepler-149,3,Transit,2014,160.01803200000,0.5710000000,3.96000000,14.90000000,571.03400000,285.8537014,38.3840916,,5381.00,1.013000,0.953000
Kepler-1490 b,Kepler-1490,1,Transit,2016,92.43629730000,0.3729000000,3.04000000,9.48000000,862.92000000,295.6935734,42.6094543,,5515.00,0.900000,0.870000
Kepler-1491 b,Kepler-1491,2,Transit,2016,16.58617620000,0.1270000000,1.51000000,2.89000000,2065.59000000,293.6297645,45.7406293,,5728.00,1.000000,0.990000
Kepler-1491 c,Kepler-1491,2,Transit,2023,61.56976500000,0.3045000000,2.44000000,6.53000000,2065.59000000,293.6297645,45.7406293,,5626.00,0.991000,1.389000
Kepler-1492 b,Kepler-1492,1,Transit,2016,16.75255007000,0.1262000000,1.49000000,2.83000000,331.55300000,288.5970695,41.0363254,,4712.00,0.770000,0.720000
Kepler-1493 b,Kepler-1493,1,Transit,2016,15.02179830000,0.1197000000,1.41000000,2.57000000,555.05100000,288.5493683,38.5651973,,5863.00,1.060000,1.290000
Kepler-1494 b,Kepler-1494,1,Transit,2016,91.08048200000,0.3982000000,3.07000000,9.64000000,1285.48000000,282.6573891,43.1625334,,5659.00,0.960000,0.940000
Kepler-1495 b,Kepler-1495,1,Transit,2016,85.27325600000,0.3677000000,2.94000000,8.96000000,1355.54000000,286.1306907,38.7795494,,5831.00,1.030000,1.040000
Kepler-1496 b,Kepler-1496,1,Transit,2016,64.65880170000,0.3211000000,2.22000000,5.56000000,1307.66000000,293.9739359,45.3507167,,6182.00,1.180000,1.270000
Kepler-1497 b,Kepler-1497,1,Transit,2016,8.74199772000,0.0817000000,1.66000000,3.39000000,1122.00000000,296.1961550,45.6343124,,5675.00,0.960000,0.950000
Kepler-1498 b,Kepler-1498,1,Transit,2016,48.05140500000,0.2528000000,1.33000000,2.33000000,740.00000000,284.7780883,44.9167513,,5256.00,0.860000,0.810000
Kepler-1499 b,Kepler-1499,1,Transit,2016,44.20080000000,0.2322500000,1.19000000,1.81000000,309.86900000,283.9863480,41.6505091,,5097.00,0.820000,0.780000
Kepler-15 b,Kepler-15,1,Transit,2011,4.94278200000,0.0571400000,10.76000000,209.76000000,739.41200000,296.2005506,49.1400304,,5515.00,1.018000,0.992000
Kepler-150 b,Kepler-150,5,Transit,2014,3.42805400000,0.0440000000,1.25000000,2.10000000,891.09200000,288.2341025,40.5208970,,5560.00,0.956000,0.939000
Kepler-150 c,Kepler-150,5,Transit,2014,7.38199800000,0.0730000000,3.69000000,13.20000000,891.09200000,288.2341025,40.5208970,,5560.00,0.956000,0.939000
Kepler-150 d,Kepler-150,5,Transit,2014,12.56093000000,0.1040000000,2.79000000,8.20000000,891.09200000,288.2341025,40.5208970,,5560.00,0.956000,0.939000
Kepler-150 e,Kepler-150,5,Transit,2014,30.82655700000,0.1890000000,3.12000000,9.91000000,891.09200000,288.2341025,40.5208970,,5560.00,0.956000,0.939000
Kepler-150 f,Kepler-150,5,Transit,2017,637.20930000000,1.2400000000,3.64000000,12.90000000,891.09200000,288.2341025,40.5208970,,5528.00,0.970000,0.905339
Kepler-1500 b,Kepler-1500,1,Transit,2016,15.03301050000,0.1236000000,1.20000000,1.87000000,1217.82000000,288.8834740,39.7446547,,5845.00,1.000000,1.000000
Kepler-1501 b,Kepler-1501,1,Transit,2016,14.55645330000,0.1159200000,1.56000000,3.05000000,749.06000000,289.9185890,42.0014280,,6229.00,1.200000,1.300000
Kepler-1502 b,Kepler-1502,1,Transit,2016,41.70836290000,0.2482000000,3.18000000,10.20000000,1514.02000000,296.1079271,39.3199201,,6666.00,1.440000,1.720000
Kepler-1503 b,Kepler-1503,1,Transit,2016,96.16987000000,0.3771000000,2.27000000,5.77000000,1225.57000000,293.7271604,42.8067119,,5069.00,0.770000,0.740000
Kepler-1504 b,Kepler-1504,1,Transit,2016,82.30400300000,0.3704000000,2.13000000,5.18000000,2435.94000000,289.7119947,50.1282265,,5393.00,0.850000,0.810000
Kepler-1505 b,Kepler-1505,1,Transit,2016,30.86093660000,0.1829800000,0.93000000,0.74900000,495.14800000,292.0020614,41.7869639,,5686.00,0.930000,0.860000
Kepler-1506 b,Kepler-1506,1,Transit,2016,14.03291540000,0.1168000000,1.32000000,2.30000000,2366.02000000,290.1498822,41.4645625,,5676.00,0.950000,0.930000
Kepler-1507 b,Kepler-1507,1,Transit,2016,16.05062130000,0.1194600000,0.84000000,0.52000000,320.47800000,288.5616269,46.5361247,,5410.00,0.890000,0.850000
Kepler-1508 b,Kepler-1508,1,Transit,2016,20.70565040000,0.1629000000,1.33000000,2.33000000,1260.28000000,298.1188802,40.3750316,,6158.00,1.140000,1.220000
Kepler-1509 b,Kepler-1509,1,Transit,2016,25.43381970000,0.1707000000,1.85000000,4.08000000,2002.96000000,283.7977792,46.9310139,,5780.00,1.000000,0.990000
Kepler-151 b,Kepler-151,2,Transit,2014,15.22895800000,0.1160000000,3.06000000,9.59000000,649.91900000,292.1627933,41.0231947,,5460.00,0.870000,0.830000
Kepler-151 c,Kepler-151,2,Transit,2014,24.67461200000,0.1600000000,2.09000000,5.02000000,649.91900000,292.1627933,41.0231947,,5460.00,0.870000,0.830000
Kepler-1510 b,Kepler-1510,1,Transit,2016,84.70392100000,0.4089000000,3.36000000,11.20000000,1696.25000000,298.9591432,48.2578295,,6200.00,1.190000,1.280000
Kepler-1511 b,Kepler-1511,1,Transit,2016,23.23827920000,0.1753000000,1.68000000,3.46000000,1475.60000000,288.4211892,43.1797730,,6064.00,1.170000,1.290000
Kepler-1512 b,Kepler-1512,1,Transit,2016,20.35972599000,0.1369300000,1.18000000,1.76000000,162.00000000,289.2744976,44.4704056,,4372.00,0.730000,0.670000
Kepler-1513 b,Kepler-1513,2,Transit,2016,160.88420000000,0.5697100000,8.59400000,48.30991786,349.24700000,289.7917561,39.2852655,G V,5491.00,0.943000,0.950000
Kepler-1513 c,Kepler-1513,2,Transit Timing Variations,2023,841.40000000000,,11.00000000,84.54235626,349.24700000,289.7917561,39.2852655,G V,5491.00,0.943000,0.950000
Kepler-1514 b,Kepler-1514,2,Transit,2016,217.83184000000,0.7530000000,12.41957200,1678.14240000,397.29200000,292.6274943,37.8601653,,6145.00,1.196000,1.289000
Kepler-1514 c,Kepler-1514,2,Transit,2020,10.51418100000,0.0997000000,1.17582410,1.74000000,397.29200000,292.6274943,37.8601653,,6145.00,1.196000,1.289000
Kepler-1515 b,Kepler-1515,1,Transit,2016,214.31141640000,0.7523500000,9.55000000,66.20000000,539.32100000,290.9739057,48.1782059,,6511.00,1.300000,1.410000
Kepler-1516 b,Kepler-1516,1,Transit,2016,7.25931979000,0.0718000000,1.75000000,3.71000000,1358.95000000,291.4945795,44.5234227,,5904.00,1.040000,1.070000
Kepler-1517 b,Kepler-1517,1,Transit,2016,5.54608366500,0.0780000000,9.76000000,68.70000000,847.29900000,287.8072115,43.1888008,,7010.00,1.580000,1.950000
Kepler-1518 b,Kepler-1518,2,Transit,2016,5.11177904000,0.0593000000,3.05000000,9.53000000,903.51000000,300.3323404,44.9861065,,6846.00,1.540000,1.880000
Kepler-1518 c,Kepler-1518,2,Transit,2023,9.63102580000,0.0905000000,2.90000000,8.75000000,903.51000000,300.3323404,44.9861065,,6432.00,1.060000,1.345000
Kepler-1519 b,Kepler-1519,1,Transit,2016,240.79893970000,0.7655000000,7.06000000,39.60000000,1441.63000000,296.6679448,49.4617774,,5644.00,0.940000,0.910000
Kepler-152 b,Kepler-152,2,Transit,2014,18.20797300000,0.1240000000,2.79000000,8.20000000,441.09000000,286.8653826,41.9889571,,5088.00,0.779000,0.724000
Kepler-152 c,Kepler-152,2,Transit,2014,88.25505500000,0.3560000000,2.39000000,6.30000000,441.09000000,286.8653826,41.9889571,,5088.00,0.779000,0.724000
Kepler-1520 b,Kepler-1520,1,Transit,2016,0.65355357200,0.0129000000,5.77000000,28.10000000,607.91700000,290.9662102,51.5047656,,4677.00,0.760000,0.710000
Kepler-1521 b,Kepler-1521,1,Transit,2016,47.14840805000,0.2347600000,2.50000000,6.80000000,206.98300000,292.6903779,37.8350549,,5042.00,0.810000,0.760000
Kepler-1522 b,Kepler-1522,1,Transit,2016,1.84788917100,0.0288000000,1.73000000,3.64000000,814.12500000,289.8432347,52.0702094,,5706.00,0.960000,0.930000
Kepler-1523 b,Kepler-1523,1,Transit,2016,0.93875077000,0.0186700000,1.58000000,3.12000000,865.59600000,296.0540705,45.8270447,,5708.00,0.970000,0.960000
Kepler-1524 b,Kepler-1524,1,Transit,2016,70.96746030000,0.3392000000,3.54000000,12.30000000,381.77300000,293.8853557,39.5198348,,6179.00,1.170000,1.250000
Kepler-1525 b,Kepler-1525,1,Transit,2016,2.41660118300,0.0355700000,0.91000000,0.69300000,382.98900000,290.5594479,49.9428629,,5748.00,1.070000,1.040000
Kepler-1526 b,Kepler-1526,1,Transit,2016,3.90863200500,0.0418000000,2.43000000,6.48000000,555.57400000,285.1197266,38.8664618,,4601.00,0.730000,0.690000
Kepler-1527 b,Kepler-1527,1,Transit,2016,160.12991800000,0.6276000000,4.77000000,20.40000000,1842.13000000,297.4144457,46.0608077,,6224.00,1.210000,1.320000
Kepler-1528 b,Kepler-1528,1,Transit,2016,1.79111020500,0.0296000000,1.46000000,2.73000000,817.53400000,287.4029864,46.5740084,,5857.00,1.030000,1.030000
Kepler-1529 b,Kepler-1529,1,Transit,2016,5.33905686000,0.0525000000,2.10000000,5.06000000,661.01400000,289.8707469,41.0407482,,5048.00,0.810000,0.770000
Kepler-153 b,Kepler-153,2,Transit,2014,18.87022700000,0.1290000000,2.92000000,8.85000000,459.36800000,282.4605020,48.2570293,,5404.00,0.756000,0.892000
Kepler-153 c,Kepler-153,2,Transit,2014,46.90232000000,0.2370000000,2.53000000,6.94000000,459.36800000,282.4605020,48.2570293,,5404.00,0.756000,0.892000
Kepler-1530 b,Kepler-1530,3,Transit,2016,2.59044340000,0.0355300000,1.64000000,3.33000000,489.87600000,288.1624396,48.1651530,,5477.00,0.920000,0.880000
Kepler-1530 c,Kepler-1530,3,Transit,2016,5.32274060000,0.0574400000,1.65000000,3.36000000,489.87600000,288.1624396,48.1651530,,5477.00,0.920000,0.880000
Kepler-1530 d,Kepler-1530,3,Transit,2021,9.20761013000,0.0827600000,3.27870115,10.80000000,489.87600000,288.1624396,48.1651530,,5678.00,1.015000,1.303000
Kepler-1531 b,Kepler-1531,1,Transit,2016,1.13854337600,0.0220400000,1.11000000,1.41000000,666.33400000,285.1466220,39.3708055,,6260.00,1.160000,1.270000
Kepler-1532 b,Kepler-1532,1,Transit,2016,1.09366355900,0.0206000000,1.35000000,2.39000000,798.24600000,296.9027840,41.1981424,,5559.00,0.910000,0.880000
Kepler-1533 b,Kepler-1533,1,Transit,2016,308.54710000000,0.9341600000,3.46000000,11.80000000,966.80100000,295.9755645,44.7133739,,6431.00,1.310000,1.510000
Kepler-1534 b,Kepler-1534,1,Transit,2016,5.71668872000,0.0599000000,1.89000000,4.23000000,1107.00000000,292.3953730,43.8691326,,5442.00,0.900000,0.860000
Kepler-1535 b,Kepler-1535,1,Transit,2016,138.94420000000,0.5329000000,2.55000000,7.04000000,897.73300000,286.6136850,38.8919507,,6021.00,1.080000,1.110000
Kepler-1536 b,Kepler-1536,1,Transit,2016,364.75803100000,0.8507000000,3.14000000,10.00000000,387.24800000,291.5852554,45.7158742,,4434.00,0.710000,0.670000
Kepler-1537 b,Kepler-1537,1,Transit,2016,1.44445379800,0.0245000000,1.18000000,1.76000000,517.29200000,294.3853917,43.8254461,,5079.00,0.810000,0.770000
Kepler-1538 b,Kepler-1538,1,Transit,2016,175.13881900000,0.6095000000,2.82000000,8.35000000,1125.30000000,283.3456110,45.2743573,,5837.00,1.030000,1.030000
Kepler-1539 b,Kepler-1539,1,Transit,2016,133.30367410000,0.4765000000,2.70000000,7.75000000,748.32600000,284.2194566,44.2685146,,5176.00,0.840000,0.800000
Kepler-154 b,Kepler-154,5,Transit,2014,33.04053200000,0.1980000000,2.26000000,5.73000000,915.21200000,289.7805393,49.8965624,,5690.00,0.933000,1.001000
Kepler-154 c,Kepler-154,5,Transit,2014,62.30327600000,0.3030000000,2.95000000,9.01000000,915.21200000,289.7805393,49.8965624,,5690.00,0.933000,1.001000
Kepler-154 d,Kepler-154,5,Transit,2016,20.54981883000,0.1435400000,3.84000000,14.10000000,915.21200000,289.7805393,49.8965624,,5769.00,0.980000,0.980000
Kepler-154 e,Kepler-154,5,Transit,2016,3.93276465000,0.0476600000,1.50000000,2.86000000,915.21200000,289.7805393,49.8965624,,5769.00,0.980000,0.980000
Kepler-154 f,Kepler-154,5,Transit,2016,9.91935684000,0.0883200000,1.50000000,2.86000000,915.21200000,289.7805393,49.8965624,,5769.00,0.980000,0.980000
Kepler-1540 b,Kepler-1540,1,Transit,2016,125.41311770000,0.4426000000,2.49000000,6.76000000,244.96000000,283.3445555,41.2017544,,4540.00,0.740000,0.690000
Kepler-1541 b,Kepler-1541,1,Transit,2016,8.40691199000,0.0755500000,1.16000000,1.65000000,416.69200000,283.7870875,48.0296019,,5282.00,0.860000,0.810000
Kepler-1542 b,Kepler-1542,4,Transit,2016,3.95116882000,0.0476500000,0.76000000,0.36300000,399.11400000,285.7284757,42.6544651,,5564.00,0.940000,0.990000
Kepler-1542 c,Kepler-1542,4,Transit,2016,2.89223021000,0.0387000000,0.65000000,0.20800000,399.11400000,285.7284757,42.6544651,,5564.00,0.940000,0.990000
Kepler-1542 d,Kepler-1542,4,Transit,2016,5.99273738000,0.0629000000,0.87000000,0.59000000,399.11400000,285.7284757,42.6544651,,5564.00,0.940000,0.990000
Kepler-1542 e,Kepler-1542,4,Transit,2016,5.10115756000,0.0564900000,0.76000000,0.36300000,399.11400000,285.7284757,42.6544651,,5564.00,0.940000,0.990000
Kepler-1543 b,Kepler-1543,1,Transit,2016,6.96710269000,0.0867000000,2.71000000,7.80000000,921.78400000,297.1242915,47.0369876,,6561.00,1.390000,1.650000
Kepler-1544 b,Kepler-1544,1,Transit,2016,168.81117400000,0.5446500000,1.78000000,3.82000000,335.09000000,297.2852168,49.2124526,,4886.00,0.810000,0.740000
Kepler-1545 b,Kepler-1545,1,Transit,2016,163.69234900000,0.5442000000,2.70000000,7.75000000,729.96400000,298.8988313,47.4630696,,5201.00,0.840000,0.800000
Kepler-1546 b,Kepler-1546,1,Transit,2016,19.59749710000,0.1366000000,3.13000000,9.96000000,931.95600000,297.5839183,41.5411993,,5623.00,0.950000,0.930000
Kepler-1547 b,Kepler-1547,1,Transit,2016,0.69297967600,0.0155600000,0.90000000,0.66600000,674.69500000,283.7640396,42.2220992,,6078.00,1.120000,1.180000
Kepler-1548 b,Kepler-1548,1,Transit,2016,124.82867900000,0.4679000000,2.64000000,7.46000000,872.27900000,287.4711817,46.0805706,,5706.00,0.990000,0.970000
Kepler-1549 b,Kepler-1549,1,Transit,2016,214.88654500000,0.6687000000,2.57000000,7.13000000,803.05200000,286.0524399,39.0960281,,5324.00,0.880000,0.840000
Kepler-155 b,Kepler-155,2,Transit,2014,5.93119400000,0.0560000000,2.09000000,5.02000000,293.49900000,288.4957831,51.0819286,M0 V,4508.00,0.635000,0.620000
Kepler-155 c,Kepler-155,2,Transit,2014,52.66179300000,0.2420000000,2.24000000,5.65000000,293.49900000,288.4957831,51.0819286,M0 V,4508.00,0.635000,0.620000
Kepler-1550 b,Kepler-1550,1,Transit,2016,225.58280900000,0.7681000000,3.02000000,9.38000000,1179.01000000,287.7646113,38.2947076,,5991.00,1.070000,1.110000
Kepler-1551 b,Kepler-1551,1,Transit,2016,24.49736980000,0.1772000000,2.66000000,7.56000000,1463.72000000,295.7855238,39.9078956,,6136.00,1.140000,1.220000
Kepler-1552 b,Kepler-1552,1,Transit,2016,184.77185300000,0.6011000000,2.47000000,6.66000000,769.09600000,291.6768669,38.8749152,,5202.00,0.850000,0.780000
Kepler-1553 b,Kepler-1553,1,Transit,2016,4.24261881000,0.0481000000,1.15000000,1.60000000,692.59400000,291.9191348,39.0221769,,5288.00,0.850000,0.810000
Kepler-1554 b,Kepler-1554,1,Transit,2016,198.08877400000,0.5952700000,2.90000000,8.75000000,946.84700000,286.5760160,41.7415762,,5297.00,0.840000,0.810000
Kepler-1555 b,Kepler-1555,1,Transit,2016,8.10501635000,0.0805000000,1.61000000,3.22000000,2013.27000000,287.6354587,45.7160327,,5866.00,1.040000,1.060000
Kepler-1556 b,Kepler-1556,1,Transit,2016,8.82713457000,0.0829000000,1.96000000,4.50000000,944.54000000,288.3969751,40.2131892,,5608.00,0.970000,0.950000
Kepler-1557 b,Kepler-1557,1,Transit,2016,3.74032496000,0.0490000000,1.53000000,2.96000000,1380.16000000,293.8813592,46.8388172,,6099.00,1.110000,1.170000
Kepler-1558 b,Kepler-1558,1,Transit,2016,3.50470358000,0.0427800000,0.68000000,0.24400000,325.73700000,286.8194349,46.9117837,,5101.00,0.830000,0.790000
Kepler-1559 b,Kepler-1559,1,Transit,2016,0.97191542800,0.0183500000,0.72000000,0.29900000,614.82700000,292.2866565,42.0725948,,5316.00,0.860000,0.820000
Kepler-156 b,Kepler-156,2,Transit,2014,4.97345600000,0.0540000000,2.30000000,5.90000000,443.48300000,290.2964214,37.7494271,,5094.00,0.864000,0.807000
Kepler-156 c,Kepler-156,2,Transit,2014,15.90680100000,0.1170000000,2.55000000,7.04000000,443.48300000,290.2964214,37.7494271,,5094.00,0.864000,0.807000
Kepler-1560 b,Kepler-1560,1,Transit,2016,3.03195744000,0.0417500000,0.89000000,0.64000000,502.49700000,292.7846013,43.2160100,,5815.00,1.020000,1.020000
Kepler-1561 b,Kepler-1561,1,Transit,2016,1.00520700700,0.0194000000,1.09000000,1.32000000,839.07600000,296.9235822,43.5664628,,5957.00,1.070000,1.110000
Kepler-1562 b,Kepler-1562,1,Transit,2016,64.27377520000,0.3308000000,3.55000000,12.30000000,2060.72000000,294.4556567,46.7435353,,5760.00,1.020000,1.050000
Kepler-1563 b,Kepler-1563,1,Transit,2016,3.43276598000,0.0442000000,0.75000000,0.34700000,616.69700000,288.5735936,51.4727698,,5765.00,1.000000,0.990000
Kepler-1564 b,Kepler-1564,1,Transit,2016,18.05403810000,0.1327000000,1.47000000,2.76000000,908.80500000,290.5861316,46.6427486,,5528.00,0.930000,0.900000
Kepler-1565 b,Kepler-1565,1,Transit,2016,1.53818843700,0.0241000000,1.19000000,1.81000000,629.93000000,297.9529793,40.8067876,,4940.00,0.760000,0.730000
Kepler-1566 b,Kepler-1566,1,Transit,2016,0.53991523800,0.0119800000,0.79000000,0.41800000,466.58600000,283.5875459,40.5749018,,5254.00,0.840000,0.810000
Kepler-1567 b,Kepler-1567,1,Transit,2016,153.97957800000,0.5520000000,2.73000000,7.90000000,1206.11000000,286.6951530,40.2918894,,5655.00,0.950000,0.930000
Kepler-1568 b,Kepler-1568,1,Transit,2016,20.92539200000,0.1515700000,1.30000000,2.24000000,916.31300000,289.1826808,47.8733301,,5956.00,1.090000,1.190000
Kepler-1569 b,Kepler-1569,1,Transit,2016,5.79180156000,0.0666900000,1.68000000,3.46000000,945.45400000,292.2046748,37.2212065,,6319.00,1.250000,1.400000
Kepler-157 b,Kepler-157,3,Transit,2014,1.73234200000,0.0280000000,1.32000000,2.30000000,773.71300000,291.0972257,38.8756049,,5774.00,0.950000,1.044000
Kepler-157 c,Kepler-157,3,Transit,2014,13.54050000000,0.1100000000,2.24000000,5.65000000,773.71300000,291.0972257,38.8756049,,5774.00,0.950000,1.044000
Kepler-157 d,Kepler-157,3,Transit,2016,7.02573474000,0.0706000000,1.46000000,2.73000000,773.71300000,291.0972257,38.8756049,,5866.00,1.020000,1.030000
Kepler-1570 b,Kepler-1570,1,Transit,2016,26.54895500000,0.1669900000,1.07000000,1.24000000,918.99500000,299.8617842,45.8274232,,5550.00,0.920000,0.890000
Kepler-1571 b,Kepler-1571,1,Transit,2016,3.38555488000,0.0428700000,1.52000000,2.92000000,675.30300000,300.9354067,45.5964836,,6297.00,1.230000,1.390000
Kepler-1572 b,Kepler-1572,1,Transit,2016,5.49548621000,0.0583800000,0.94000000,0.77900000,946.60200000,281.8973341,46.7227061,,5618.00,0.970000,0.950000
Kepler-1573 b,Kepler-1573,1,Transit,2016,2.61575540000,0.0364000000,1.20000000,1.87000000,1455.36000000,292.9883129,49.4849664,,5808.00,1.010000,1.000000
Kepler-1574 b,Kepler-1574,1,Transit,2016,6.94243340000,0.0743000000,1.29000000,2.21000000,1384.16000000,292.1586689,49.6377914,,5892.00,1.060000,1.080000
Kepler-1575 b,Kepler-1575,1,Transit,2016,2.55314213000,0.0366000000,1.31000000,2.27000000,1246.92000000,293.7432102,45.7615507,,5667.00,0.950000,0.920000
Kepler-1576 b,Kepler-1576,1,Transit,2016,6.98471973000,0.0721100000,1.04000000,1.12000000,460.91000000,289.0739641,40.3660239,,5876.00,1.050000,1.060000
Kepler-1577 b,Kepler-1577,1,Transit,2016,6.30560247000,0.0657000000,1.13000000,1.51000000,510.02900000,292.9552704,47.5730433,,4862.00,0.780000,0.740000
Kepler-1578 b,Kepler-1578,1,Transit,2016,1.45088690700,0.0252000000,1.04000000,1.12000000,1064.05000000,288.3021104,47.7756227,,5545.00,0.900000,0.860000
Kepler-1579 b,Kepler-1579,1,Transit,2016,0.84990788900,0.0140000000,0.84000000,0.52000000,466.00000000,293.2880220,43.5149061,,4584.00,0.750000,0.700000
Kepler-158 b,Kepler-158,3,Transit,2014,16.70918400000,0.1110000000,2.12000000,5.14000000,315.17700000,284.0323723,39.7815365,K,4623.00,0.655000,0.624000
Kepler-158 c,Kepler-158,3,Transit,2014,28.55138300000,0.1580000000,1.90000000,4.27000000,315.17700000,284.0323723,39.7815365,K,4623.00,0.655000,0.624000
Kepler-158 d,Kepler-158,3,Transit,2024,0.64508800000,,0.43000000,0.04720000,315.17700000,284.0323723,39.7815365,K,4895.97,0.656000,0.668000
Kepler-1580 b,Kepler-1580,1,Transit,2016,56.64492790000,0.3357100000,2.11000000,5.10000000,1002.02000000,285.9687099,41.3635264,,6228.00,1.470000,2.150000
Kepler-1581 b,Kepler-1581,1,Transit,2016,6.28385491000,0.0686500000,0.80000000,0.43700000,493.17500000,287.3713199,39.6036225,,6022.00,1.120000,1.230000
Kepler-1582 b,Kepler-1582,1,Transit,2016,4.83817712000,0.0316000000,1.49000000,2.83000000,78.89060000,289.3765441,41.1580845,,3208.00,0.280000,0.300000
Kepler-1583 b,Kepler-1583,1,Transit,2016,9.32807355000,0.0830700000,0.60000000,0.15600000,403.93300000,286.3869335,47.0165188,,5645.00,0.940000,0.910000
Kepler-1584 b,Kepler-1584,1,Transit,2016,13.39970990000,0.1168000000,1.61000000,3.22000000,1416.31000000,287.7626791,43.2743929,,6069.00,1.100000,1.130000
Kepler-1585 b,Kepler-1585,1,Transit,2016,3.58274630000,0.0445000000,1.79000000,3.86000000,944.46500000,296.1589897,44.5630457,,5538.00,0.940000,0.910000
Kepler-1586 b,Kepler-1586,1,Transit,2016,15.60492120000,0.1220800000,1.52000000,2.92000000,552.55000000,298.2026236,44.9258585,,6681.00,1.450000,1.750000
Kepler-1587 b,Kepler-1587,1,Transit,2016,9.40604670000,0.0874700000,1.33000000,2.33000000,1026.48000000,292.6777294,49.6638666,,5933.00,1.080000,1.220000
Kepler-1588 b,Kepler-1588,1,Transit,2016,7.84931739000,0.0741900000,0.76000000,0.36300000,924.14100000,288.2327232,48.0021967,,5817.00,0.960000,0.990000
Kepler-1589 b,Kepler-1589,1,Transit,2016,0.99166527400,0.0205000000,1.09000000,1.32000000,1513.14000000,294.4418236,40.5716114,,6166.00,1.180000,1.250000
Kepler-159 b,Kepler-159,2,Transit,2014,10.13962300000,0.0820000000,2.38000000,6.26000000,373.74400000,297.0702037,40.8687340,M0 V,4625.00,0.628000,0.663000
Kepler-159 c,Kepler-159,2,Transit,2014,43.59579200000,0.2180000000,3.41000000,11.50000000,373.74400000,297.0702037,40.8687340,M0 V,4625.00,0.628000,0.663000
Kepler-1590 b,Kepler-1590,1,Transit,2016,7.61760804000,0.0711600000,1.14000000,1.55000000,771.15200000,291.4079141,48.0178915,,6053.00,1.110000,1.160000
Kepler-1591 b,Kepler-1591,1,Transit,2016,8.18504949000,0.0794000000,1.27000000,2.15000000,1419.58000000,296.5166659,44.6086233,,6082.00,1.100000,1.160000
Kepler-1592 b,Kepler-1592,1,Transit,2016,3.05710069000,0.0400000000,1.54000000,2.99000000,1639.47000000,293.8506230,38.3977379,,6213.00,1.180000,1.280000
Kepler-1593 b,Kepler-1593,1,Transit,2016,174.50983500000,0.5549400000,3.17000000,10.20000000,638.24900000,300.4882018,44.4606698,,4995.00,0.810000,0.770000
Kepler-1594 b,Kepler-1594,1,Transit,2016,2.71603809000,0.0396000000,1.06000000,1.20000000,976.86800000,293.6230451,47.9619127,,5946.00,1.060000,1.080000
Kepler-1595 b,Kepler-1595,1,Transit,2016,4.56380468000,0.0510000000,1.23000000,2.04000000,845.02200000,285.7227502,43.0094855,,5203.00,0.840000,0.800000
Kepler-1596 b,Kepler-1596,1,Transit,2016,66.37337900000,0.3237000000,1.90000000,4.27000000,2146.23000000,285.5575066,49.3300866,,5706.00,0.950000,0.920000
Kepler-1597 b,Kepler-1597,1,Transit,2016,2.94654179000,0.0413600000,1.06000000,1.20000000,1221.05000000,288.1639687,42.4810124,,6377.00,1.250000,1.390000
Kepler-1598 b,Kepler-1598,1,Transit,2016,4.34195123000,0.0520700000,0.95000000,0.80900000,619.86200000,288.4691070,46.7836464,,5940.00,1.070000,1.090000
Kepler-1599 b,Kepler-1599,1,Transit,2016,122.36355300000,0.4823000000,1.62000000,3.26000000,1328.20000000,286.2208685,41.1511886,,5767.00,0.990000,0.990000
Kepler-16 b,Kepler-16,1,Transit,2011,228.77600000000,0.7048000000,8.44930000,105.83300000,75.08520000,289.0758307,51.7572290,,4450.00,0.689700,0.648900
Kepler-160 b,Kepler-160,3,Transit,2014,4.30939700000,0.0551100000,1.71500000,3.59000000,937.01300000,287.7735730,42.8692755,,5471.00,1.003000,1.118000
Kepler-160 c,Kepler-160,3,Transit,2014,13.69942900000,0.1192000000,3.76000000,13.60000000,937.01300000,287.7735730,42.8692755,,5471.00,1.003000,1.118000
Kepler-160 d,Kepler-160,3,Transit Timing Variations,2020,30.00000000000,0.1700000000,,100.00000000,937.01300000,287.7735730,42.8692755,,5471.00,1.003000,1.118000
Kepler-1600 b,Kepler-1600,2,Transit,2016,386.37054800000,0.9814100000,3.13000000,9.96000000,1030.81000000,291.3993802,38.7877563,,5214.00,0.860000,0.820000
Kepler-1600 c,Kepler-1600,2,Transit,2021,7.29804992700,0.0696100000,1.94206512,4.43000000,1030.81000000,291.3993802,38.7877563,,5119.00,0.818000,0.834000
Kepler-1601 b,Kepler-1601,1,Transit,2016,2.20921951000,0.0328100000,0.82000000,0.47700000,644.45600000,285.5129496,38.0798390,,5869.00,1.040000,1.070000
Kepler-1602 b,Kepler-1602,1,Transit,2016,11.17931605000,0.0974400000,1.34000000,2.36000000,629.80400000,293.5808607,40.4275396,,6296.00,1.220000,1.360000
Kepler-1603 b,Kepler-1603,1,Transit,2016,2.27163926000,0.0351000000,1.29000000,2.21000000,2712.58000000,295.3298254,42.5349698,,6241.00,1.210000,1.310000
Kepler-1604 b,Kepler-1604,1,Transit,2016,0.68368425600,0.0140600000,1.41000000,2.57000000,541.18900000,285.4106549,44.4122318,,4976.00,0.810000,0.760000
Kepler-1605 b,Kepler-1605,1,Transit,2016,85.75654950000,0.3656700000,1.08000000,1.28000000,546.23000000,287.1349405,47.4886251,,5280.00,0.860000,0.820000
Kepler-1606 b,Kepler-1606,1,Transit,2016,196.43522400000,0.6421000000,2.07000000,4.94000000,831.28700000,286.3782987,43.0732287,,5422.00,0.900000,0.860000
Kepler-1607 b,Kepler-1607,1,Transit,2016,13.64736760000,0.1197800000,0.92000000,0.72100000,1286.10000000,296.0598685,42.6560582,,6116.00,1.140000,1.210000
Kepler-1608 b,Kepler-1608,1,Transit,2016,16.47356860000,0.1126000000,1.73000000,3.64000000,832.00000000,295.5635550,39.4175700,,4992.00,0.750000,0.720000
Kepler-1609 b,Kepler-1609,1,Transit,2016,114.34219000000,0.4679000000,2.22000000,5.56000000,1826.04000000,290.1465356,39.6658026,,6132.00,1.180000,1.270000
Kepler-161 b,Kepler-161,2,Transit,2014,4.92135500000,0.0540000000,2.12000000,2.63000000,434.63200000,290.5164698,43.0838642,,5078.00,0.853000,0.806000
Kepler-161 c,Kepler-161,2,Transit,2014,7.06424000000,0.0680000000,2.05000000,3.61000000,434.63200000,290.5164698,43.0838642,,5078.00,0.853000,0.806000
Kepler-1610 b,Kepler-1610,2,Transit,2016,8.70181574000,0.0777000000,1.61000000,3.22000000,864.33100000,295.9049795,45.4054296,,5383.00,0.910000,0.870000
Kepler-1610 c,Kepler-1610,2,Transit,2023,44.98518850000,0.2323000000,2.09000000,5.02000000,864.33100000,295.9049795,45.4054296,,5295.00,0.825000,0.800000
Kepler-1611 b,Kepler-1611,1,Transit,2016,5.17624290000,0.0586000000,0.81000000,0.45700000,908.44400000,296.5120204,49.7277506,,5605.00,0.940000,0.930000
Kepler-1612 b,Kepler-1612,1,Transit,2016,3.91795101000,0.0482000000,1.03000000,1.08000000,764.72600000,291.2503022,45.6550536,,5643.00,0.960000,0.940000
Kepler-1613 b,Kepler-1613,1,Transit,2016,1.51842990000,0.0275500000,2.08000000,4.98000000,1508.33000000,289.8750066,43.4209318,,6005.00,1.080000,1.120000
Kepler-1614 b,Kepler-1614,1,Transit,2016,3.94661410000,0.0471000000,1.49000000,2.83000000,1191.19000000,284.8713893,49.7758867,,5121.00,0.790000,0.760000
Kepler-1615 b,Kepler-1615,1,Transit,2016,47.31261920000,0.2788000000,2.06000000,4.90000000,1393.83000000,286.3592066,42.2273971,,5865.00,1.040000,1.050000
Kepler-1616 b,Kepler-1616,1,Transit,2016,6.76284377000,0.0731800000,1.02000000,1.04000000,1137.81000000,286.5436691,45.3048716,,6266.00,1.210000,1.340000
Kepler-1617 b,Kepler-1617,1,Transit,2016,27.47855720000,0.1770700000,1.20000000,1.87000000,898.31000000,287.9371747,46.4184781,,6167.00,1.150000,1.220000
Kepler-1618 b,Kepler-1618,1,Transit,2016,6.10826019000,0.0710900000,1.26000000,2.13000000,1229.25000000,295.1753619,45.9308594,,6620.00,1.410000,1.650000
Kepler-1619 b,Kepler-1619,1,Transit,2016,23.62259130000,0.1541300000,0.76000000,0.36300000,734.85000000,285.7035950,44.4221528,,5852.00,1.000000,1.000000
Kepler-162 b,Kepler-162,2,Transit,2014,6.91979800000,0.0690000000,1.26000000,2.13000000,855.64100000,297.2789115,43.7239693,,5816.00,1.053000,0.958000
Kepler-162 c,Kepler-162,2,Transit,2014,19.44635500000,0.1370000000,3.03000000,9.43000000,855.64100000,297.2789115,43.7239693,,5816.00,1.053000,0.958000
Kepler-1620 b,Kepler-1620,1,Transit,2016,101.95182900000,0.4322000000,1.61000000,3.22000000,895.06900000,297.2709026,46.9284743,,6157.00,1.150000,1.230000
Kepler-1621 b,Kepler-1621,1,Transit,2016,92.26371400000,0.4204000000,2.16000000,5.31000000,1631.66000000,297.5885341,43.8411937,,6158.00,1.150000,1.240000
Kepler-1622 b,Kepler-1622,1,Transit,2016,10.81187370000,0.1013600000,1.47000000,2.76000000,796.47700000,297.3288329,47.8154590,,6436.00,1.310000,1.500000
Kepler-1623 b,Kepler-1623,1,Transit,2016,4.36128348000,0.0518000000,1.31000000,2.27000000,837.48100000,294.0826970,39.5560655,,5772.00,1.000000,1.000000
Kepler-1624 b,Kepler-1624,1,Transit,2016,3.29031400000,0.0327000000,6.59000000,35.30000000,258.97900000,292.5798564,37.3762616,M V,3768.00,0.541000,0.552000
Kepler-1625 b,Kepler-1625,1,Transit,2016,287.37894900000,0.8776200000,6.06000000,30.60000000,2310.11000000,295.4293220,39.8865068,,5677.00,0.960000,0.940000
Kepler-1626 b,Kepler-1626,1,Transit,2016,4.13962966000,0.0537000000,2.02000000,4.74000000,1368.83000000,296.5004384,40.7212069,,6826.00,1.510000,1.850000
Kepler-1627 b,Kepler-1627,1,Transit,2016,7.20283653000,0.0643000000,3.69000000,13.20000000,317.43700000,284.0566675,41.5767277,,5445.00,0.870000,0.840000
Kepler-1628 b,Kepler-1628,1,Transit,2016,76.37803300000,0.2952000000,6.43000000,33.80000000,352.00000000,281.6336936,43.4115547,,3724.00,0.550000,0.520000
Kepler-1629 b,Kepler-1629,1,Transit,2016,3.87595807000,0.0485000000,0.77000000,0.38100000,336.09000000,280.2066276,43.7743281,,5776.00,1.010000,1.010000
Kepler-163 b,Kepler-163,2,Transit,2014,7.81093700000,0.0780000000,1.05000000,1.16000000,689.81400000,295.0027458,46.9873389,,5776.00,0.882000,0.917000
Kepler-163 c,Kepler-163,2,Transit,2014,21.34726200000,0.1520000000,2.26000000,5.73000000,689.81400000,295.0027458,46.9873389,,5776.00,0.882000,0.917000
Kepler-1630 b,Kepler-1630,1,Transit,2016,509.99740200000,1.1218000000,2.19000000,5.43000000,331.21300000,297.5083004,43.7110543,,4736.00,0.660000,0.630000
Kepler-1631 b,Kepler-1631,1,Transit,2016,4.09513932000,0.0511000000,1.35000000,2.39000000,1305.99000000,294.6325781,43.8076687,,5679.00,0.970000,0.950000
Kepler-1632 b,Kepler-1632,1,Transit,2016,448.30355800000,0.6762000000,2.47000000,6.66000000,716.76000000,294.4948769,43.9135575,,6137.00,1.120000,1.190000
Kepler-1633 b,Kepler-1633,1,Transit,2016,186.40427100000,0.3875000000,1.58000000,3.12000000,1114.91000000,288.5151733,44.9232545,,6256.00,1.200000,1.320000
Kepler-1634 b,Kepler-1634,1,Transit,2016,374.87623900000,1.0525000000,3.19000000,10.30000000,617.33900000,294.0433990,45.1398201,,5474.00,0.920000,0.890000
Kepler-1635 b,Kepler-1635,1,Transit,2016,469.63111000000,1.1266400000,3.64000000,12.90000000,1069.45000000,285.3490542,45.5561768,,5347.00,0.890000,0.850000
Kepler-1636 b,Kepler-1636,1,Transit,2016,425.47785000000,1.1219100000,3.23000000,10.50000000,1947.54000000,294.0575681,46.4409844,,5797.00,1.010000,1.020000
Kepler-1637 b,Kepler-1637,1,Transit,2016,6.10960324000,0.0596000000,0.89000000,0.64000000,567.18700000,282.2368006,48.1542016,,5789.00,1.020000,1.020000
Kepler-1638 b,Kepler-1638,1,Transit,2016,259.33683000000,0.7450000000,1.87000000,4.16000000,1525.52000000,295.4823299,48.5244695,,5710.00,0.970000,0.950000
Kepler-1639 b,Kepler-1639,1,Transit,2016,9.87848200000,0.0932000000,2.58000000,7.18000000,1031.31000000,283.0686510,48.8021209,,6150.00,1.120000,1.180000
Kepler-164 b,Kepler-164,4,Transit,2014,5.03503000000,0.0580000000,1.41000000,2.57000000,890.75800000,287.7808115,47.6298453,,5888.00,1.036000,1.148000
Kepler-164 c,Kepler-164,4,Transit,2014,10.94572300000,0.0970000000,2.73000000,7.90000000,890.75800000,287.7808115,47.6298453,,5888.00,1.036000,1.148000
Kepler-164 d,Kepler-164,4,Transit,2014,28.98676900000,0.1870000000,2.45000000,6.57000000,890.75800000,287.7808115,47.6298453,,5888.00,1.036000,1.148000
Kepler-164 e,Kepler-164,4,Transit,2023,94.88690200000,0.4025000000,4.24000000,16.70000000,890.75800000,287.7808115,47.6298453,,5888.00,0.966000,1.097000
Kepler-1640 b,Kepler-1640,1,Transit,2016,7.58441260000,0.0836000000,4.82000000,20.70000000,1859.78000000,294.5577857,40.8504949,,6324.00,1.270000,1.430000
Kepler-1641 b,Kepler-1641,2,Transit,2016,19.67226600000,0.1473000000,3.11000000,9.85000000,860.37000000,296.3594560,41.5745321,,6152.00,1.120000,1.190000
Kepler-1641 c,Kepler-1641,2,Transit,2016,32.65721200000,0.2065000000,2.95000000,9.01000000,860.37000000,296.3594560,41.5745321,,6152.00,1.120000,1.190000
Kepler-1642 b,Kepler-1642,2,Transit,2016,12.20575130000,0.1016000000,3.20000000,10.30000000,413.87300000,297.2121215,43.6437890,,5355.00,0.880000,0.840000
Kepler-1642 c,Kepler-1642,2,Transit,2016,6.65138020000,0.0678000000,2.66000000,7.56000000,413.87300000,297.2121215,43.6437890,,5355.00,0.880000,0.840000
Kepler-1643 b,Kepler-1643,1,Transit,2016,5.34265700000,0.0531000000,2.32000000,5.99000000,341.77400000,300.4310076,44.7510129,,4916.00,0.845000,0.855000
Kepler-1644 b,Kepler-1644,1,Transit,2016,21.09077580000,0.1420000000,1.88000000,4.19000000,629.27000000,285.4750512,48.0348356,,5499.00,0.890000,0.860000
Kepler-1645 b,Kepler-1645,1,Transit,2016,16.17795610000,0.1285000000,1.78000000,3.82000000,1202.47000000,297.4795142,48.4185820,,5812.00,1.020000,1.020000
Kepler-1646 b,Kepler-1646,1,Transit,2016,4.48558383000,0.0295000000,1.23000000,2.04000000,127.59100000,287.5264859,42.9129356,,3299.00,0.240000,0.260000
Kepler-1647 b,Kepler-1647,1,Transit,2016,1107.59230000000,2.7205000000,11.87390000,483.00000000,1212.45000000,298.1500570,40.6561751,,6210.00,1.220700,1.790300
Kepler-1649 b,Kepler-1649,2,Transit,2017,8.68909900000,0.0514000000,1.01700000,1.03000000,92.19130000,292.5029676,41.8299933,,3240.00,0.197700,0.231700
Kepler-1649 c,Kepler-1649,2,Transit,2020,19.53527000000,0.0649000000,1.06000000,1.20000000,92.19130000,292.5029676,41.8299933,,3240.00,0.197700,0.231700
Kepler-165 b,Kepler-165,2,Transit,2014,8.18084800000,0.0720000000,2.32000000,5.99000000,560.88500000,280.6909200,47.8096702,,5211.00,0.746000,0.770000
Kepler-165 c,Kepler-165,2,Transit,2014,15.31299000000,0.1100000000,2.23000000,5.60000000,560.88500000,280.6909200,47.8096702,,5211.00,0.746000,0.770000
Kepler-1650 b,Kepler-1650,1,Transit,2017,1.53818001000,0.0167000000,0.96000000,0.84000000,134.39700000,297.7292296,42.8666919,,3410.00,0.326000,0.334000
Kepler-1651 b,Kepler-1651,1,Transit,2017,9.87863917000,0.0692000000,1.84000000,4.04000000,66.40740000,283.6282602,48.3908081,,3713.00,0.522000,0.503000
Kepler-1652 b,Kepler-1652,1,Transit,2017,38.09722000000,0.1654000000,1.60000000,3.19000000,252.00000000,294.3660313,49.9150219,,3638.00,0.404000,0.382000
Kepler-1653 b,Kepler-1653,1,Transit,2017,140.25240000000,0.4706000000,2.17000000,5.35000000,755.00000000,296.4577020,41.2660210,,4807.00,0.719000,0.693000
Kepler-1654 b,Kepler-1654,1,Transit,2018,1047.83560000000,2.0260000000,9.18017100,158.91500000,568.11700000,282.1856949,44.4344617,G5 V,5597.00,1.011000,1.179000
Kepler-1655 b,Kepler-1655,1,Transit,2018,11.87287870000,0.1029000000,2.21300000,5.40000000,213.26000000,286.6895986,39.2120802,G0 V,6148.00,1.030000,1.030000
Kepler-1656 b,Kepler-1656,2,Transit,2018,31.56200000000,0.1974000000,4.57400000,47.80000000,185.87500000,284.4722473,39.9118890,,5569.00,1.030000,1.100000
Kepler-1656 c,Kepler-1656,2,Radial Velocity,2022,1919.00000000000,3.0530000000,14.00000000,126.40000000,185.87500000,284.4722473,39.9118890,,5569.00,1.030000,1.100000
Kepler-166 b,Kepler-166,3,Transit,2014,7.65025400000,0.0720000000,2.27000000,5.77000000,603.53000000,293.1600977,48.8812074,,5413.00,0.811000,0.742000
Kepler-166 c,Kepler-166,3,Transit,2014,34.26028100000,0.1950000000,2.38000000,6.26000000,603.53000000,293.1600977,48.8812074,,5413.00,0.811000,0.742000
Kepler-166 d,Kepler-166,3,Transit,2016,1.55400392800,0.0244900000,1.73000000,3.64000000,603.53000000,293.1600977,48.8812074,,5350.00,0.880000,0.830000
Kepler-1660 AB b,Kepler-1660 A,1,Eclipse Timing Variations,2023,239.50440000000,0.8000000000,12.90000000,1586.59940774,1188.54000000,290.5519537,40.2350445,F7 V,6305.24,1.136600,1.491000
Kepler-1661 b,Kepler-1661,1,Transit,2020,175.06000000000,0.6330000000,3.87000000,17.00000000,410.60700000,285.1670927,41.9669383,K,5100.00,0.841000,0.762000
Kepler-1663 b,Kepler-1663,1,Transit,2020,17.60460000000,0.1072000000,3.30395896,10.90000000,337.92600000,290.4015156,48.8227234,,3844.00,0.610816,0.628590
Kepler-1664 b,Kepler-1664,1,Transit,2020,14.38680000000,0.1137000000,3.03320653,9.45000000,626.69100000,286.8527157,49.2616668,,5735.81,0.944000,1.072000
Kepler-1665 b,Kepler-1665,1,Transit,2020,11.95480000000,0.0960000000,2.83910787,8.44000000,335.51500000,290.3962400,41.0399229,,5049.84,0.842000,0.777785
Kepler-1666 b,Kepler-1666,2,Transit,2020,25.84760000000,0.1761000000,2.88273782,8.66000000,1379.37000000,297.9516071,46.2647024,,6293.00,1.230000,1.145860
Kepler-1666 c,Kepler-1666,2,Transit,2020,40.71570000000,0.2383000000,3.23564749,10.50000000,1379.37000000,297.9516071,46.2647024,,6293.00,1.230000,1.145860
Kepler-1667 b,Kepler-1667,1,Transit,2020,83.57810000000,0.3590500000,2.98385261,9.19000000,626.81900000,283.5329505,48.0943604,,5941.54,1.090000,1.087510
Kepler-1668 b,Kepler-1668,1,Transit,2020,15.43400000000,0.1240000000,4.34764405,17.40000000,1335.64000000,297.3523076,46.0959309,,5542.00,0.980000,1.017380
Kepler-1669 b,Kepler-1669,3,Transit,2020,9.51216000000,0.0745000000,2.78043818,8.15000000,543.44400000,297.4303826,39.8478795,,4303.00,0.670000,0.714145
Kepler-1669 c,Kepler-1669,3,Transit,2021,1.60932004500,0.0228000000,1.90120972,4.27000000,543.44400000,297.4303826,39.8478795,,4224.00,0.609000,0.603000
Kepler-1669 d,Kepler-1669,3,Transit,2023,4.72941177000,0.0468000000,1.22000000,1.98000000,543.44400000,297.4303826,39.8478795,,4224.00,0.609000,0.603000
Kepler-167 b,Kepler-167,4,Transit,2014,4.39315390000,0.0482500000,1.71800000,3.60000000,341.90800000,292.6585253,38.3455558,K4,4884.00,0.777000,0.749000
Kepler-167 c,Kepler-167,4,Transit,2014,7.40610600000,0.0684000000,1.67400000,3.44000000,341.90800000,292.6585253,38.3455558,K4,4884.00,0.777000,0.749000
Kepler-167 d,Kepler-167,4,Transit,2016,21.80379000000,0.1404000000,1.23800000,2.06000000,341.90800000,292.6585253,38.3455558,K4,4884.00,0.777000,0.749000
Kepler-167 e,Kepler-167,4,Transit,2016,1071.23205000000,1.8830000000,10.16000000,321.00669107,341.90800000,292.6585253,38.3455558,K4,4884.00,0.777000,0.749000
Kepler-1670 b,Kepler-1670,1,Transit,2020,20.49980000000,0.1528000000,3.35648010,11.20000000,2065.98000000,290.3264599,43.1217550,,5838.00,1.050000,1.518890
Kepler-1671 b,Kepler-1671,1,Transit,2020,4.16787000000,0.0494600000,1.32557381,2.32000000,357.05900000,291.7484295,39.4467817,,5135.55,0.866000,0.929771
Kepler-1672 b,Kepler-1672,1,Transit,2020,150.87800000000,0.5537400000,2.97022762,9.11000000,391.18100000,297.9400971,40.2785566,,6131.95,1.160000,1.088410
Kepler-1673 b,Kepler-1673,1,Transit,2020,33.78880000000,0.2136300000,2.93551940,8.93000000,727.18700000,285.6671724,48.7195865,,6014.95,1.110000,1.131660
Kepler-1674 b,Kepler-1674,1,Transit,2020,62.56110000000,0.3017000000,3.20577490,10.40000000,1012.48000000,294.8160447,45.3060844,,5473.91,0.960000,0.877273
Kepler-1675 b,Kepler-1675,1,Transit,2020,63.03820000000,0.3218500000,3.12483349,9.93000000,651.11700000,283.8095478,41.0412517,,5853.19,1.060000,1.128650
Kepler-1676 b,Kepler-1676,1,Transit,2020,29.92210000000,0.1954000000,3.37695960,11.30000000,,287.2368778,43.5671665,,5878.30,1.070000,1.060660
Kepler-1677 b,Kepler-1677,1,Transit,2020,22.06400000000,0.1599000000,2.70216183,7.76000000,735.36900000,298.4932730,47.0130566,,6013.72,1.110000,1.249590
Kepler-1678 b,Kepler-1678,1,Transit,2020,147.97400000000,0.5302000000,3.30422249,10.90000000,847.33900000,292.5916297,38.3995629,,5754.00,1.030000,0.834976
Kepler-1679 b,Kepler-1679,1,Transit,2020,9.75376000000,0.0892000000,2.06920360,4.93000000,909.28000000,293.9005786,50.4270507,,5501.00,0.960000,0.873196
Kepler-168 b,Kepler-168,2,Transit,2014,4.42539100000,0.0560000000,1.46000000,2.73000000,1343.60000000,294.7101832,39.8250437,,6282.00,1.113000,1.107000
Kepler-168 c,Kepler-168,2,Transit,2014,13.19324200000,0.1160000000,2.69000000,7.70000000,1343.60000000,294.7101832,39.8250437,,6282.00,1.113000,1.107000
Kepler-1680 b,Kepler-1680,1,Transit,2020,8.77424000000,0.0764200000,1.35954736,2.42000000,310.31500000,297.0746571,39.9338893,,5021.00,0.834000,0.723259
Kepler-1681 b,Kepler-1681,1,Transit,2020,69.89560000000,0.3200000000,2.55321772,7.05000000,758.30000000,296.6972773,46.3716969,,5756.40,0.893000,0.759000
Kepler-1682 b,Kepler-1682,1,Transit,2020,14.83340000000,0.1134000000,2.88940836,8.70000000,1159.85000000,293.9835827,39.5728474,,5619.12,0.990000,0.842301
Kepler-1683 b,Kepler-1683,1,Transit,2020,15.03370000000,0.1182000000,1.87477762,4.17000000,733.14300000,298.4501035,44.2840193,,5429.00,0.950000,0.900327
Kepler-1684 b,Kepler-1684,1,Transit,2020,47.70550000000,0.2253000000,2.87084792,8.60000000,621.99600000,294.0054181,46.3106625,,4706.54,0.750000,0.666755
Kepler-1685 b,Kepler-1685,1,Transit,2020,20.49050000000,0.1485000000,2.57673985,7.16000000,1141.89000000,296.1882618,43.9368118,,5484.00,0.960000,0.835451
Kepler-1686 b,Kepler-1686,1,Transit,2020,9.30987000000,0.0882700000,1.42553017,2.62000000,729.82300000,291.6067189,42.0359783,,5714.96,1.020000,1.199510
Kepler-1687 b,Kepler-1687,1,Transit,2020,5.77954000000,0.0532000000,1.65623882,3.38000000,417.01400000,289.7428363,50.7870626,,4132.00,0.650000,0.726119
Kepler-1688 b,Kepler-1688,1,Transit,2020,5.62012000000,0.0577000000,1.26174569,2.13000000,567.44687087,289.5530051,41.2978532,,4632.11,0.814000,0.746000
Kepler-1689 b,Kepler-1689,1,Transit,2020,8.48300000000,0.0784000000,0.94678642,0.79900000,294.12200000,291.5741663,38.6559433,,5731.43,1.023000,0.996208
Kepler-169 b,Kepler-169,5,Transit,2014,3.25061900000,0.0400000000,1.13000000,1.51000000,406.52900000,285.9999204,40.9193822,,4997.00,0.825000,0.763000
Kepler-169 c,Kepler-169,5,Transit,2014,6.19546900000,0.0620000000,1.21000000,1.92000000,406.52900000,285.9999204,40.9193822,,4997.00,0.825000,0.763000
Kepler-169 d,Kepler-169,5,Transit,2014,8.34812500000,0.0750000000,1.25000000,2.10000000,406.52900000,285.9999204,40.9193822,,4997.00,0.825000,0.763000
Kepler-169 e,Kepler-169,5,Transit,2014,13.76710200000,0.1050000000,2.20000000,5.48000000,406.52900000,285.9999204,40.9193822,,4997.00,0.825000,0.763000
Kepler-169 f,Kepler-169,5,Transit,2014,87.09019500000,0.3590000000,2.58000000,7.18000000,406.52900000,285.9999204,40.9193822,,4997.00,0.825000,0.763000
Kepler-1690 b,Kepler-1690,1,Transit,2020,234.63600000000,0.7097000000,2.81109223,8.30000000,703.78900000,288.1566649,41.8779417,,5404.00,0.940000,0.862346
Kepler-1691 b,Kepler-1691,1,Transit,2020,3.84820000000,0.0495000000,1.83470985,4.02000000,1267.67000000,286.2543962,41.0218373,,6000.00,1.110000,1.131520
Kepler-1692 b,Kepler-1692,1,Transit,2020,5.95966000000,0.0646000000,1.11177184,1.42000000,591.01900000,286.9241804,47.0537092,,5146.00,0.870000,0.866139
Kepler-1693 b,Kepler-1693,2,Transit,2020,12.09990000000,0.1011000000,1.28938413,2.21000000,760.06500000,290.2015581,48.1857799,,5432.34,0.950000,0.878295
Kepler-1693 c,Kepler-1693,2,Transit,2021,5.36370992700,0.0588000000,0.97698289,0.89400000,760.06500000,290.2015581,48.1857799,,5553.00,0.941000,1.098000
Kepler-1694 b,Kepler-1694,1,Transit,2020,3.89526000000,0.0449000000,1.17986031,1.76000000,513.32900000,293.7936339,40.2410230,,4954.00,0.820000,0.756284
Kepler-1695 b,Kepler-1695,1,Transit,2020,4.73290000000,0.0529000000,1.11948901,1.46000000,791.17500000,293.6193001,46.4134015,,5473.19,0.960000,0.987155
Kepler-1696 b,Kepler-1696,1,Transit,2020,65.94090000000,0.3244000000,2.80982017,8.29000000,1506.36000000,295.5761011,42.0233639,,5712.00,1.020000,1.198110
Kepler-1697 b,Kepler-1697,1,Transit,2020,33.49690000000,0.2008000000,1.25954761,2.12000000,247.77100000,287.6633310,43.4713782,,4681.53,0.747000,0.772344
Kepler-1698 b,Kepler-1698,1,Transit,2020,1.21070000000,0.0206500000,1.07315686,1.25000000,222.34500000,293.3450181,39.2577469,,4975.03,0.822000,0.741698
Kepler-1699 b,Kepler-1699,1,Transit,2020,3.49082000000,0.0418000000,1.56671124,3.08000000,818.75900000,292.1373281,48.9171579,,5575.53,0.810000,0.725000
Kepler-17 b,Kepler-17,1,Transit,2011,1.48571080000,0.0259100000,14.68000000,778.65000000,720.75300000,298.3952437,47.8149865,G2 V,5781.00,1.040000,1.010340
Kepler-170 b,Kepler-170,2,Transit,2014,7.93059200000,0.0800000000,3.20000000,82.60000000,738.65700000,284.5211975,41.6296562,,5679.00,1.066000,1.035000
Kepler-170 c,Kepler-170,2,Transit,2014,16.66586300000,0.1310000000,2.86000000,8.55000000,738.65700000,284.5211975,41.6296562,,5679.00,1.066000,1.035000
Kepler-1700 b,Kepler-1700,1,Transit,2020,234.23900000000,0.7609400000,2.90129941,8.76000000,717.59700000,286.9497376,45.3537626,,6031.00,1.120000,1.093700
Kepler-1701 b,Kepler-1701,1,Transit,2020,169.13400000000,0.5738000000,2.22186207,5.57000000,584.14200000,286.6088625,41.8892986,,5146.00,0.870000,0.840217
Kepler-1702 b,Kepler-1702,1,Transit,2020,18.50120000000,0.1275000000,1.60190793,3.20000000,857.14000000,284.9724842,44.5674794,,5093.00,0.850000,0.725742
Kepler-1704 b,Kepler-1704,1,Transit,2021,988.88112000000,2.0270000000,11.94877343,1322.16617312,835.45500000,291.2012559,51.1442437,,5746.00,1.132000,1.697000
Kepler-1705 b,Kepler-1705,2,Transit,2021,9.03502000000,0.0800000000,2.03000000,4.47000000,1633.49000000,301.5785316,44.3121639,,6312.00,1.139000,1.259000
Kepler-1705 c,Kepler-1705,2,Transit,2021,11.28000000000,,2.05000000,5.42000000,1633.49000000,301.5785316,44.3121639,,6312.00,1.139000,1.259000
Kepler-1708 b,Kepler-1708,1,Transit,2021,737.11310000000,1.6400000000,9.96000000,1462.01067220,1666.69000000,296.8241065,43.6248197,,6157.00,1.088000,1.117000
Kepler-1709 b,Kepler-1709,1,Transit,2021,65.70459747000,0.3270400000,3.12424875,9.93000000,273.94600000,283.3748873,43.7883708,,5918.00,1.003000,1.043000
Kepler-171 b,Kepler-171,3,Transit,2014,4.16697200000,0.0500000000,2.34000000,6.08000000,863.85500000,296.7719082,41.7555958,,5642.00,0.978000,0.839000
Kepler-171 c,Kepler-171,3,Transit,2014,11.46346200000,0.0980000000,2.56000000,7.08000000,863.85500000,296.7719082,41.7555958,,5642.00,0.978000,0.839000
Kepler-171 d,Kepler-171,3,Transit,2014,39.59551900000,0.2230000000,1.89000000,4.23000000,863.85500000,296.7719082,41.7555958,,5642.00,0.978000,0.839000
Kepler-1710 b,Kepler-1710,1,Transit,2021,14.91110039000,0.1158300000,3.19744103,3.49494179,305.19300000,291.6832878,37.7514726,,5650.00,0.932000,0.899000
Kepler-1711 b,Kepler-1711,1,Transit,2021,21.06080055000,0.1463000000,1.92300000,4.36000000,590.26800000,298.1772916,42.2370289,,5706.00,0.940000,1.034000
Kepler-1712 b,Kepler-1712,1,Transit,2021,13.81499958000,0.0903000000,2.28372556,5.83000000,156.26400000,284.9986980,50.1466922,,3732.00,0.515000,0.509000
Kepler-1713 b,Kepler-1713,1,Transit,2021,18.01160049000,0.1418500000,1.71673535,3.59000000,295.29300000,287.3456737,43.3783894,,6477.00,1.300000,1.459000
Kepler-1714 b,Kepler-1714,1,Transit,2021,10.27530003000,0.1054900000,3.26437302,10.70000000,409.46000000,293.7164655,46.2266878,,6150.00,1.448000,2.086000
Kepler-1715 b,Kepler-1715,1,Transit,2021,35.59730148000,0.2242900000,4.14042267,16.00000000,522.60500000,293.9297337,41.6029048,,6212.00,1.082000,1.209000
Kepler-1716 b,Kepler-1716,1,Transit,2021,35.58100128000,0.1883600000,2.42476850,6.46000000,195.43900000,297.2717207,43.3330644,,4894.00,0.753000,0.684000
Kepler-1717 b,Kepler-1717,1,Transit,2021,30.65279961000,0.2014000000,2.98929758,9.21000000,1008.79000000,295.2126472,49.5621600,,6200.00,1.158000,1.640000
Kepler-1718 b,Kepler-1718,1,Transit,2021,135.18800350000,0.4841800000,2.56852070,7.12000000,375.52200000,292.2349191,42.9094618,,5731.00,0.846000,0.906000
Kepler-1719 b,Kepler-1719,1,Transit,2021,6.14955997500,0.0686800000,3.95000623,14.80000000,905.40600000,284.7068546,38.9367566,,5687.00,1.080000,1.775000
Kepler-172 b,Kepler-172,4,Transit,2014,2.94030900000,0.0400000000,2.35000000,6.12000000,828.59200000,283.3684093,41.8218390,,5526.00,1.081000,1.085000
Kepler-172 c,Kepler-172,4,Transit,2014,6.38899600000,0.0680000000,2.86000000,8.55000000,828.59200000,283.3684093,41.8218390,,5526.00,1.081000,1.085000
Kepler-172 d,Kepler-172,4,Transit,2014,14.62711900000,0.1180000000,2.25000000,5.69000000,828.59200000,283.3684093,41.8218390,,5526.00,1.081000,1.085000
Kepler-172 e,Kepler-172,4,Transit,2014,35.11873600000,0.2110000000,2.76000000,8.05000000,828.59200000,283.3684093,41.8218390,,5526.00,1.081000,1.085000
Kepler-1720 b,Kepler-1720,1,Transit,2021,12.70639992000,0.1043000000,3.21585295,10.40000000,629.44500000,296.8086813,47.1718557,,5573.00,0.939000,0.839000
Kepler-1721 b,Kepler-1721,1,Transit,2021,4.59238004700,0.0519000000,3.11856756,9.90000000,641.37400000,283.5441984,45.2256548,,5351.00,0.890000,0.796000
Kepler-1722 b,Kepler-1722,1,Transit,2021,9.17856979400,0.0819000000,2.86719266,8.58000000,772.28300000,296.6627402,41.2611985,,5506.00,0.876000,0.788000
Kepler-1723 b,Kepler-1723,1,Transit,2021,39.75289917000,0.2249000000,2.88046569,8.65000000,811.27800000,294.4627362,46.8214022,,6072.00,0.960000,1.010000
Kepler-1724 b,Kepler-1724,1,Transit,2021,6.45442009000,0.0683000000,2.83677238,8.43000000,1060.77000000,296.1207272,47.9214736,,6092.00,1.016000,0.943000
Kepler-1725 b,Kepler-1725,1,Transit,2021,16.71990013000,0.1326300000,2.81251770,8.31000000,558.65200000,294.3735518,40.1946345,,6020.00,1.049000,1.085000
Kepler-1726 b,Kepler-1726,1,Transit,2021,18.39629936000,0.1279400000,2.50861954,6.84000000,390.55200000,284.3861498,45.7197342,,5316.00,0.876000,0.804000
Kepler-1727 b,Kepler-1727,1,Transit,2021,9.02929973600,0.0796000000,3.17321625,10.20000000,894.18700000,290.3336142,38.7282722,,5349.00,0.824000,0.820000
Kepler-1728 b,Kepler-1728,1,Transit,2021,4.78299999200,0.0535000000,2.95501875,9.04000000,651.78300000,287.0940046,39.0607801,,5170.00,0.891000,0.807000
Kepler-1729 b,Kepler-1729,1,Transit,2021,4.22097015400,0.0418000000,3.89404186,14.40000000,576.18100000,296.6939428,42.6261145,,3837.00,0.544000,0.517000
Kepler-173 b,Kepler-173,2,Transit,2014,4.26374200000,0.0480000000,1.29000000,2.21000000,833.16500000,294.6466171,41.8840952,,6031.00,1.067000,0.949000
Kepler-173 c,Kepler-173,2,Transit,2014,8.00577700000,0.0740000000,2.43000000,6.48000000,833.16500000,294.6466171,41.8840952,,6031.00,1.067000,0.949000
Kepler-1730 b,Kepler-1730,1,Transit,2021,13.81019974000,0.1131000000,4.48524519,18.40000000,1427.08000000,281.9605834,43.7030386,,5942.00,1.009000,1.142000
Kepler-1731 b,Kepler-1731,1,Transit,2021,21.76129913000,0.1399000000,2.93295657,8.92000000,169.94800000,291.2544229,36.7434302,,4859.00,0.781000,0.720000
Kepler-1732 b,Kepler-1732,1,Transit,2021,32.31240082000,0.2015000000,4.09903273,15.70000000,1289.41000000,292.2910129,37.5807686,,5821.00,1.043000,1.494000
Kepler-1733 b,Kepler-1733,1,Transit,2021,9.22957992600,0.0933000000,3.63582354,12.80000000,2080.51000000,291.1384628,37.8592447,,6320.00,1.273000,1.252000
Kepler-1734 b,Kepler-1734,1,Transit,2021,6.79685020400,0.0714000000,3.08851092,9.74000000,1482.83000000,294.1631670,41.4517316,,6061.00,1.050000,0.970000
Kepler-1735 b,Kepler-1735,1,Transit,2021,7.71792984000,0.0621000000,1.19429134,1.84000000,245.30300000,281.0503476,47.1882005,,3975.00,0.535000,0.509000
Kepler-1736 b,Kepler-1736,1,Transit,2021,37.81029892000,0.2188000000,3.87658560,14.30000000,1430.00000000,289.7766991,38.2622374,,6085.00,0.976000,0.973000
Kepler-1737 b,Kepler-1737,1,Transit,2021,64.61750031000,0.2970000000,5.39500000,25.10000000,,297.0148111,47.4864170,,5043.00,0.834000,0.881000
Kepler-1738 b,Kepler-1738,1,Transit,2021,7.67463016500,0.0781000000,2.82472883,8.37000000,1302.87000000,296.1313474,47.4388098,,6063.00,1.079000,1.001000
Kepler-1739 b,Kepler-1739,1,Transit,2021,7.34370994600,0.0697000000,2.43056832,6.48000000,783.66600000,296.2320536,47.6788626,,5757.00,0.865000,0.762000
Kepler-174 b,Kepler-174,3,Transit,2014,13.98179000000,0.1000000000,1.96000000,4.50000000,384.75700000,287.4389454,43.8320052,,4880.00,0.602000,0.622000
Kepler-174 c,Kepler-174,3,Transit,2014,44.00052900000,0.2140000000,1.49000000,2.83000000,384.75700000,287.4389454,43.8320052,,4880.00,0.602000,0.622000
Kepler-174 d,Kepler-174,3,Transit,2014,247.35373000000,0.6770000000,2.19000000,5.43000000,384.75700000,287.4389454,43.8320052,,4880.00,0.602000,0.622000
Kepler-1740 b,Kepler-1740,1,Transit,2021,8.17240047500,0.0779000000,3.32321414,11.00000000,1061.77000000,293.8736630,38.9224548,,5705.00,0.943000,0.905000
Kepler-1741 b,Kepler-1741,1,Transit,2021,2.75759005500,0.0296000000,1.27300000,2.16000000,270.73900000,292.5770730,39.1209390,,3683.00,0.454000,0.424000
Kepler-1742 b,Kepler-1742,1,Transit,2021,49.47819901000,0.2587000000,2.17824130,5.38000000,669.57300000,286.9668086,44.9924315,,5776.00,0.939000,0.849000
Kepler-1743 b,Kepler-1743,1,Transit,2021,7.64971017800,0.0840000000,1.59887007,3.18000000,538.80700000,290.5523552,48.1262575,,5855.00,1.266000,1.613000
Kepler-1744 b,Kepler-1744,1,Transit,2021,37.10110092000,0.2094500000,3.76754004,13.60000000,1091.63000000,291.0206823,42.4624633,,5986.00,0.886000,0.850000
Kepler-1745 b,Kepler-1745,1,Transit,2021,3.01619005200,0.0408000000,1.92872921,4.38000000,996.10500000,293.4689924,42.8223582,,5611.00,0.995000,1.400000
Kepler-1746 b,Kepler-1746,1,Transit,2021,321.21200560000,0.9408200000,8.93504475,59.10000000,979.54100000,288.3203979,42.2613874,,6018.00,1.090000,1.286000
Kepler-1747 b,Kepler-1747,1,Transit,2021,6.23031997700,0.0660000000,4.26508000,16.80000000,1321.38000000,284.2096557,45.2580820,,5477.00,0.983000,0.865000
Kepler-1748 b,Kepler-1748,1,Transit,2021,5.82352018400,0.0615000000,2.71275017,7.81000000,1083.28000000,285.9678970,45.7390789,,5774.00,0.916000,0.864000
Kepler-1749 b,Kepler-1749,1,Transit,2021,14.53409958000,0.0956000000,1.61301783,3.23000000,268.20000000,290.2945805,45.5645196,,3957.00,0.551000,0.553000
Kepler-175 b,Kepler-175,2,Transit,2014,11.90351500000,0.1050000000,2.56000000,7.08000000,1312.34000000,289.5532320,43.8761160,,6064.00,0.969000,1.010000
Kepler-175 c,Kepler-175,2,Transit,2014,34.03525700000,0.2130000000,3.10000000,9.80000000,1312.34000000,289.5532320,43.8761160,,6064.00,0.969000,1.010000
Kepler-1750 b,Kepler-1750,1,Transit,2021,205.91200260000,0.6785000000,6.00434637,30.10000000,1497.33000000,292.3514917,48.5110714,,5644.00,0.981000,0.969000
Kepler-1751 b,Kepler-1751,1,Transit,2021,7.01731014300,0.0712000000,1.82417378,3.98000000,1291.47000000,284.8465476,49.6923412,,6052.00,0.974000,0.967000
Kepler-1752 b,Kepler-1752,1,Transit,2021,56.35850143000,0.2698000000,4.54060463,18.70000000,962.88800000,290.8541401,51.2227435,,5446.00,0.824000,0.821000
Kepler-1753 b,Kepler-1753,1,Transit,2021,16.00460052000,0.1179000000,2.22678077,5.59000000,707.68800000,288.2366640,46.6058744,,5180.00,0.860000,0.769000
Kepler-1754 b,Kepler-1754,1,Transit,2021,8.19594955400,0.0718000000,2.43996509,6.53000000,718.94500000,295.4570818,50.0771838,,4723.00,0.734000,0.747000
Kepler-1755 b,Kepler-1755,1,Transit,2021,24.81209946000,0.1668000000,5.91688317,29.40000000,982.38300000,296.8460920,40.1385777,,6086.00,1.003000,0.921000
Kepler-1756 b,Kepler-1756,1,Transit,2021,2.35575008400,0.0319000000,1.47199944,2.77000000,,294.3649040,40.7208898,,4915.00,0.781000,0.812000
Kepler-1757 b,Kepler-1757,1,Transit,2021,19.65640068000,0.1335000000,2.94660251,8.99000000,807.30800000,297.7397823,46.9418957,,5288.00,0.828000,0.740000
Kepler-1758 b,Kepler-1758,1,Transit,2021,9.97721004500,0.0919000000,2.57059831,7.13000000,1588.41000000,297.7968197,39.9213378,,5557.00,1.035000,1.616000
Kepler-1759 b,Kepler-1759,1,Transit,2021,3.72023010300,0.0429000000,0.90377910,0.67600000,385.34800000,298.4656275,48.5593334,,5017.00,0.760000,0.797000
Kepler-176 b,Kepler-176,4,Transit,2014,5.43307400000,0.0580000000,1.43000000,290.53700000,527.32100000,294.6679021,43.8532104,,5232.00,0.860000,0.891000
Kepler-176 c,Kepler-176,4,Transit,2014,12.75971200000,0.1020000000,2.60000000,1.33000000,527.32100000,294.6679021,43.8532104,,5232.00,0.860000,0.891000
Kepler-176 d,Kepler-176,4,Transit,2014,25.75197400000,0.1630000000,2.51000000,1.72000000,527.32100000,294.6679021,43.8532104,,5232.00,0.860000,0.891000
Kepler-176 e,Kepler-176,4,Transit,2016,51.16579000000,0.2565400000,1.45000000,0.52075000,527.32100000,294.6679021,43.8532104,,5295.00,0.870000,0.830000
Kepler-1760 b,Kepler-1760,1,Transit,2021,38.32609940000,0.2084000000,2.28995546,5.86000000,,284.1326058,48.8251452,,5229.00,0.821000,0.903000
Kepler-1761 b,Kepler-1761,1,Transit,2021,4.04354000100,0.0413000000,1.39109603,2.51000000,221.18600000,284.1329728,49.1426325,,3871.00,0.573000,0.532000
Kepler-1762 b,Kepler-1762,1,Transit,2021,29.53910065000,0.2040000000,2.76022913,8.05000000,1663.74000000,290.4931471,39.7855117,,6572.00,1.298000,1.238000
Kepler-1763 b,Kepler-1763,1,Transit,2021,1.48028004200,0.0257000000,1.14651332,1.59000000,756.48600000,294.1130368,40.3628861,,5897.00,1.026000,1.259000
Kepler-1764 b,Kepler-1764,1,Transit,2021,70.46829987000,0.3512000000,4.55527871,18.80000000,1542.48000000,293.8799047,41.3938374,,6461.00,1.162000,1.131000
Kepler-1765 b,Kepler-1765,1,Transit,2021,10.41889954000,0.0917000000,2.49508857,6.78000000,764.45600000,298.0144601,42.9574314,,5692.00,0.946000,1.064000
Kepler-1766 b,Kepler-1766,1,Transit,2021,105.01499940000,0.4161000000,2.27904508,5.81000000,501.22900000,294.2772343,46.6752351,,5868.00,0.915000,1.042000
Kepler-1767 b,Kepler-1767,1,Transit,2021,59.65829849000,0.2873000000,3.01299077,9.34000000,820.50600000,293.6441248,46.9896696,,5243.00,0.887000,0.831000
Kepler-1768 b,Kepler-1768,1,Transit,2021,15.13589954000,0.1286000000,2.23346338,5.62000000,632.76600000,299.9572335,44.7718851,,6050.00,1.240000,1.572000
Kepler-1769 b,Kepler-1769,1,Transit,2021,89.19349670000,0.4059800000,4.46500000,18.20000000,438.41200000,294.7433755,43.4611633,,6071.00,1.061000,1.295000
Kepler-177 b,Kepler-177,2,Transit,2013,36.86010000000,0.2110100000,3.50000000,5.84000000,1435.44000000,286.0471442,45.0532038,,5732.00,0.921000,1.324000
Kepler-177 c,Kepler-177,2,Transit,2013,49.40926000000,0.2565500000,8.73000000,14.70000000,1435.44000000,286.0471442,45.0532038,,5732.00,0.921000,1.324000
Kepler-1770 b,Kepler-1770,1,Transit,2021,16.84189987000,0.1261000000,2.84141754,8.45000000,582.94200000,299.2502851,43.4103663,,5602.00,0.941000,1.009000
Kepler-1771 b,Kepler-1771,1,Transit,2021,88.64399719000,0.3815000000,4.05537256,15.50000000,565.75200000,292.0134714,49.0191267,,5661.00,0.941000,0.934000
Kepler-1772 b,Kepler-1772,1,Transit,2021,3.21509003600,0.0439100000,2.68609988,7.68000000,871.56400000,289.4381201,39.2703594,,5541.00,0.942000,0.934000
Kepler-1773 b,Kepler-1773,1,Transit,2021,40.80970001000,0.2483100000,3.50469499,12.10000000,681.25500000,286.2232284,38.2581676,,6183.00,1.241000,1.300000
Kepler-1774 b,Kepler-1774,1,Transit,2021,59.77080154000,0.2949600000,3.18179549,10.20000000,816.59200000,288.5743991,40.9886069,,6214.00,1.101000,1.122000
Kepler-1775 b,Kepler-1775,1,Transit,2021,85.65399933000,0.3956500000,3.64762153,12.90000000,657.02300000,286.4023452,38.7385674,,5818.00,1.149000,1.647000
Kepler-1776 b,Kepler-1776,1,Transit,2021,35.01190186000,0.2093000000,2.61157023,7.33000000,690.33600000,291.5344017,47.0424958,,5872.00,1.041000,1.153000
Kepler-1777 b,Kepler-1777,1,Transit,2021,12.18420029000,0.1030100000,2.13189678,5.19000000,619.14600000,290.3286455,37.7231188,,5771.00,0.984000,1.068000
Kepler-1778 b,Kepler-1778,1,Transit,2021,10.08740044000,0.0956000000,3.01665969,9.36000000,1276.29000000,287.3612976,43.7388000,,6310.00,1.143000,1.095000
Kepler-1779 b,Kepler-1779,1,Transit,2021,16.34359932000,0.1264000000,3.03295685,9.44000000,908.50100000,300.4174607,45.6054854,,5730.00,1.008000,1.056000
Kepler-178 b,Kepler-178,3,Transit,2014,9.57669400000,0.0850000000,2.90000000,8.75000000,716.02500000,287.1010275,46.8964033,,5676.00,0.852000,1.066000
Kepler-178 c,Kepler-178,3,Transit,2014,20.55280200000,0.1420000000,2.88000000,8.65000000,716.02500000,287.1010275,46.8964033,,5676.00,0.852000,1.066000
Kepler-178 d,Kepler-178,3,Transit,2014,96.67898800000,0.3970000000,3.95000000,14.80000000,716.02500000,287.1010275,46.8964033,,5676.00,0.852000,1.066000
Kepler-1780 b,Kepler-1780,1,Transit,2021,109.44499970000,0.4276000000,3.60600667,12.70000000,790.51600000,294.0839282,42.8095104,,5403.00,0.868000,0.868000
Kepler-1781 b,Kepler-1781,1,Transit,2021,4.88752985000,0.0574000000,2.38091029,6.26000000,962.63000000,291.7114906,42.3415097,,5568.00,1.053000,0.957000
Kepler-1782 b,Kepler-1782,1,Transit,2021,5.75622987700,0.0582500000,2.22927435,5.60000000,305.79200000,280.9261620,44.0878036,,4931.00,0.794000,0.734000
Kepler-1783 b,Kepler-1783,1,Transit,2021,8.27744007100,0.0759500000,1.31946731,2.30000000,264.07800000,297.0210984,41.3771655,,5129.00,0.887000,1.781000
Kepler-1784 b,Kepler-1784,1,Transit,2021,13.59049988000,0.1072000000,2.79936489,8.24000000,883.04500000,297.9541684,44.6674491,,5442.00,0.887000,0.974000
Kepler-1785 b,Kepler-1785,1,Transit,2021,19.58550072000,0.1391700000,2.70422447,7.77000000,745.74000000,295.7921797,47.6000699,,5618.00,0.911000,0.996000
Kepler-1786 b,Kepler-1786,1,Transit,2021,78.54609680000,0.3572200000,3.16305828,10.10000000,863.90900000,292.5877743,38.5219827,,5808.00,1.058000,1.397000
Kepler-1787 b,Kepler-1787,1,Transit,2021,39.31370163000,0.2270000000,2.31898181,5.99000000,778.60200000,289.0643042,47.1174041,,6060.00,1.008000,0.925000
Kepler-1788 b,Kepler-1788,1,Transit,2021,2.80012011500,0.0343000000,2.37850461,6.25000000,560.44500000,291.2243829,45.7780993,,4786.00,0.686000,0.704000
Kepler-1789 b,Kepler-1789,1,Transit,2021,80.23190308000,0.3543000000,2.83137505,8.40000000,611.46100000,282.8631419,41.7966332,,5436.00,0.920000,0.888000
Kepler-179 b,Kepler-179,2,Transit,2014,2.73592600000,0.0360000000,1.64000000,3.33000000,605.68000000,298.6636163,47.7619329,,5302.00,0.893000,0.759000
Kepler-179 c,Kepler-179,2,Transit,2014,6.40013000000,0.0640000000,2.00000000,4.66000000,605.68000000,298.6636163,47.7619329,,5302.00,0.893000,0.759000
Kepler-1790 b,Kepler-1790,1,Transit,2021,31.58889961000,0.2098900000,3.14461450,10.00000000,1070.17000000,294.5668577,46.0757312,,5866.00,1.020000,1.367000
Kepler-1791 b,Kepler-1791,1,Transit,2021,7.72086000400,0.0761000000,3.12103321,9.91000000,602.21800000,284.4903166,42.6482636,,5887.00,0.985000,1.177000
Kepler-1792 b,Kepler-1792,1,Transit,2021,4.19577980000,0.0488000000,2.51990972,6.89000000,601.02900000,294.8400788,39.0859757,,5229.00,0.878000,1.005000
Kepler-1793 b,Kepler-1793,1,Transit,2021,8.77999973300,0.0787000000,3.79037518,13.80000000,1189.88000000,291.9129477,40.9539265,,5191.00,0.850000,0.764000
Kepler-1794 b,Kepler-1794,1,Transit,2021,9.76298046100,0.0821000000,1.79426276,3.87000000,561.22900000,300.6196594,45.7888068,,5052.00,0.773000,0.816000
Kepler-1795 b,Kepler-1795,1,Transit,2021,13.36019993000,0.1002000000,1.66301611,3.40000000,,286.4792568,39.2698793,,4500.00,0.768000,0.688000
Kepler-1796 b,Kepler-1796,1,Transit,2021,29.45579910000,0.1879000000,2.75047868,8.00000000,825.88300000,301.5430397,44.6056251,,6036.00,1.018000,0.949000
Kepler-1797 b,Kepler-1797,1,Transit,2021,23.35939980000,0.1637000000,3.05774442,9.58000000,1338.49000000,292.4642406,45.9682799,,6244.00,1.069000,1.009000
Kepler-1798 b,Kepler-1798,1,Transit,2021,16.85589981000,0.1082000000,2.30911251,5.94000000,395.19600000,291.7262251,37.5289680,,3967.00,0.593000,0.587000
Kepler-1799 b,Kepler-1799,1,Transit,2021,11.92969990000,0.1028000000,4.12801189,15.90000000,2254.69000000,288.3086994,51.4783348,,5831.00,1.016000,0.921000
Kepler-18 b,Kepler-18,3,Transit,2011,3.50472500000,0.0447000000,2.00000000,6.90000000,433.04700000,298.0794448,44.7462480,,5345.00,0.972000,1.108000
Kepler-18 c,Kepler-18,3,Transit,2011,7.64159000000,0.0752000000,5.49000000,17.30000000,433.04700000,298.0794448,44.7462480,,5345.00,0.972000,1.108000
Kepler-18 d,Kepler-18,3,Transit,2011,14.85888000000,0.1172000000,6.98000000,16.40000000,433.04700000,298.0794448,44.7462480,,5345.00,0.972000,1.108000
Kepler-180 b,Kepler-180,2,Transit,2014,13.81712400000,0.1090000000,1.50000000,2.86000000,695.65000000,295.5712566,49.7745140,,5731.00,0.950000,1.063000
Kepler-180 c,Kepler-180,2,Transit,2014,41.88577500000,0.2290000000,3.01000000,9.32000000,695.65000000,295.5712566,49.7745140,,5731.00,0.950000,1.063000
Kepler-1800 b,Kepler-1800,1,Transit,2021,4.56202983900,0.0509800000,0.99679734,0.96100000,350.45500000,297.6513317,40.3524154,,5343.00,1.330000,2.506000
Kepler-1801 b,Kepler-1801,2,Transit,2021,10.44089985000,0.0915000000,2.70926154,7.80000000,839.33200000,295.1640095,39.2014024,,5738.00,0.936000,0.981000
Kepler-1801 c,Kepler-1801,2,Transit,2023,116.58318300000,0.4572000000,2.91000000,8.80000000,839.33200000,295.1640095,39.2014024,,5738.00,0.936000,0.981000
Kepler-1802 b,Kepler-1802,2,Transit,2021,15.45020008000,0.0662000000,1.67100000,3.43000000,636.69400000,300.2420869,44.1412854,,4245.00,0.649000,0.637000
Kepler-1802 c,Kepler-1802,2,Transit,2021,33.13610077000,0.1748000000,2.32200000,6.00000000,636.69400000,300.2420869,44.1412854,,4245.00,0.649000,0.637000
Kepler-1804 b,Kepler-1804,1,Transit,2021,12.28849983000,0.1017000000,1.59615726,3.18000000,434.45600000,301.3428675,44.6721750,,5109.00,0.929000,1.671000
Kepler-1805 b,Kepler-1805,1,Transit,2021,8.84794044500,0.0699000000,1.54502915,3.00000000,221.63900000,285.0865387,40.8990506,,3867.00,0.581000,0.552000
Kepler-1806 b,Kepler-1806,1,Transit,2021,9.03332042700,0.0813000000,2.35560189,6.15000000,978.06600000,287.5349528,49.8016283,,5311.00,0.884000,0.788000
Kepler-1807 b,Kepler-1807,1,Transit,2021,10.86060047000,0.0988000000,2.70393215,7.77000000,1299.32000000,291.5494119,44.5272788,,6455.00,1.087000,1.496000
Kepler-1808 b,Kepler-1808,1,Transit,2021,23.34040070000,0.1467000000,3.02511302,9.40000000,1022.01000000,287.2924737,39.3832039,,5530.00,0.773000,0.892000
Kepler-1809 b,Kepler-1809,1,Transit,2021,3.75729990000,0.0444400000,1.51300000,2.90000000,409.60200000,290.2651662,40.5484937,,4901.00,0.807000,0.716000
Kepler-181 b,Kepler-181,2,Transit,2014,3.13787300000,0.0400000000,1.27000000,2.15000000,609.28300000,296.1512831,50.0957806,,5333.00,0.810000,0.749000
Kepler-181 c,Kepler-181,2,Transit,2014,4.30214900000,0.0490000000,1.99000000,4.62000000,609.28300000,296.1512831,50.0957806,,5333.00,0.810000,0.749000
Kepler-1810 b,Kepler-1810,1,Transit,2021,101.13300320000,0.4137000000,3.91815325,14.60000000,1009.87000000,291.8129995,38.0880964,,5492.00,0.921000,1.016000
Kepler-1811 b,Kepler-1811,1,Transit,2021,76.42230225000,0.3462000000,3.84829873,14.10000000,1390.56000000,289.9793241,40.1427848,,5561.00,0.946000,1.190000
Kepler-1812 b,Kepler-1812,1,Transit,2021,7.16521978400,0.0765000000,2.32494240,6.01000000,1409.19000000,298.0845087,40.2832525,,6174.00,1.162000,1.103000
Kepler-1813 b,Kepler-1813,1,Transit,2021,2.81816005700,0.0364000000,1.41300000,2.58000000,,292.2399069,48.5115214,,5167.00,0.812000,0.787000
Kepler-1814 b,Kepler-1814,2,Transit,2021,2.93535995500,0.0376500000,2.36961357,6.21000000,726.34600000,285.2166767,41.2824449,,4922.00,0.790000,0.823000
Kepler-1814 c,Kepler-1814,2,Transit,2023,0.62628176600,0.0133000000,1.76000000,3.75000000,726.34600000,285.2166767,41.2824449,,4922.00,0.790000,0.823000
Kepler-1815 b,Kepler-1815,1,Transit,2021,12.19139957000,0.0984000000,2.74892620,7.99000000,1006.63000000,300.1704720,43.9849048,,5516.00,0.856000,0.967000
Kepler-1816 b,Kepler-1816,1,Transit,2021,91.50099945000,0.3564700000,1.96793970,4.53000000,437.82300000,296.8509823,50.6987736,,5051.00,0.786000,0.706000
Kepler-1817 b,Kepler-1817,1,Transit,2021,44.29919815000,0.2348000000,2.27349126,5.79000000,748.56900000,282.0333419,44.4779955,,5316.00,0.878000,0.915000
Kepler-1818 b,Kepler-1818,1,Transit,2021,4.64490985900,0.0550000000,1.71360684,3.58000000,1034.59000000,284.3284866,40.5688741,,6047.00,1.021000,1.129000
Kepler-1819 b,Kepler-1819,1,Transit,2021,16.48690033000,0.1337000000,3.90351256,14.50000000,1363.19000000,296.5600307,46.8574644,,6090.00,1.173000,1.071000
Kepler-182 b,Kepler-182,2,Transit,2014,9.82579200000,0.0960000000,2.58000000,7.18000000,1549.09000000,289.8301128,50.5862025,,6250.00,1.114000,1.146000
Kepler-182 c,Kepler-182,2,Transit,2014,20.68434200000,0.1570000000,3.43000000,11.60000000,1549.09000000,289.8301128,50.5862025,,6250.00,1.114000,1.146000
Kepler-1820 b,Kepler-1820,1,Transit,2021,31.03249931000,0.1964000000,3.11883067,9.90000000,1425.39000000,296.7127400,48.2722828,,5841.00,1.047000,0.931000
Kepler-1821 b,Kepler-1821,1,Transit,2021,16.45809937000,0.1244000000,2.59248115,7.24000000,799.69900000,294.5254573,49.8724840,,5475.00,0.946000,0.884000
Kepler-1822 b,Kepler-1822,1,Transit,2021,22.13339996000,0.1416000000,2.64755943,7.50000000,897.59700000,297.2855000,41.3055733,,5165.00,0.782000,0.702000
Kepler-1823 b,Kepler-1823,1,Transit,2021,21.10339928000,0.1533200000,2.08612680,5.00000000,724.97100000,283.7547770,45.3351250,,6000.00,1.068000,1.126000
Kepler-1824 b,Kepler-1824,1,Transit,2021,95.61100006000,0.4267000000,2.38127597,6.26000000,1040.10000000,296.7071957,41.2036197,,6002.00,1.135000,1.081000
Kepler-1825 b,Kepler-1825,1,Transit,2021,1.02586996600,0.0187000000,1.42200732,2.61000000,430.25400000,292.5140647,42.6517554,,5123.00,0.828000,0.847000
Kepler-1826 b,Kepler-1826,1,Transit,2021,1.61536002200,0.0213000000,1.47519116,2.78000000,336.95200000,292.7700072,48.8998469,,3821.00,0.490000,0.486000
Kepler-1827 b,Kepler-1827,1,Transit,2021,3.70061993600,0.0464700000,1.85644292,4.10000000,686.46100000,292.2525301,40.7927895,,5423.00,0.915000,1.404000
Kepler-1828 b,Kepler-1828,1,Transit,2021,10.27379990000,0.0924000000,2.11598626,5.13000000,871.81000000,292.4275963,37.3207616,,5806.00,0.996000,0.899000
Kepler-1829 b,Kepler-1829,1,Transit,2021,5.18671989400,0.0559000000,2.47887001,6.71000000,679.92100000,288.6644840,51.4983798,,5230.00,0.873000,0.777000
Kepler-183 b,Kepler-183,2,Transit,2014,5.68794500000,0.0640000000,2.06000000,4.90000000,1050.64000000,293.5308112,39.3159329,,5888.00,0.990000,0.958000
Kepler-183 c,Kepler-183,2,Transit,2014,11.63707100000,0.1030000000,2.27000000,35.70000000,1050.64000000,293.5308112,39.3159329,,5888.00,0.990000,0.958000
Kepler-1830 b,Kepler-1830,1,Transit,2021,56.49330139000,0.3176900000,3.32992941,11.10000000,1056.88000000,295.1390408,40.9790527,,6160.00,1.443000,2.046000
Kepler-1831 b,Kepler-1831,1,Transit,2021,5.78387022000,0.0655000000,1.97019818,4.54000000,1053.49000000,295.3024604,49.5890456,,6063.00,1.117000,1.012000
Kepler-1832 b,Kepler-1832,1,Transit,2021,3.13878989200,0.0370000000,1.22719556,2.02000000,486.17400000,299.8517779,43.7320611,,5242.00,0.684000,0.722000
Kepler-1833 b,Kepler-1833,1,Transit,2021,6.89212989800,0.0754500000,1.30027362,2.24000000,591.60200000,290.8714239,45.4102813,,6164.00,1.286000,1.446000
Kepler-1834 b,Kepler-1834,2,Transit,2021,4.60301017800,0.0491100000,1.45938340,2.73000000,500.39500000,294.6646789,39.7838461,,4821.00,0.765000,0.788000
Kepler-1834 c,Kepler-1834,2,Transit,2023,0.76669151700,0.0150000000,1.22000000,1.98000000,500.39500000,294.6646789,39.7838461,,4821.00,0.765000,0.788000
Kepler-1835 b,Kepler-1835,1,Transit,2021,11.96409988000,0.0997000000,3.53387773,12.20000000,1404.38000000,280.3148152,43.9856885,,5903.00,0.922000,0.961000
Kepler-1836 b,Kepler-1836,1,Transit,2021,5.25416994100,0.0602000000,2.55303229,7.05000000,1472.62000000,292.3150933,40.8387799,,6123.00,1.053000,0.987000
Kepler-1837 b,Kepler-1837,1,Transit,2021,5.90608978300,0.0650000000,2.06673842,4.92000000,1229.18000000,288.2076012,45.6834463,,5966.00,1.049000,0.961000
Kepler-1838 b,Kepler-1838,1,Transit,2021,12.14680004000,0.1108200000,1.66049425,3.40000000,451.24200000,298.9917165,40.1422600,,5877.00,1.187000,1.963000
Kepler-1839 b,Kepler-1839,1,Transit,2021,5.05675983400,0.0583000000,1.94937590,4.46000000,1136.60000000,294.2244432,50.0755761,,5926.00,1.030000,0.939000
Kepler-184 b,Kepler-184,3,Transit,2014,10.68757600000,0.0920000000,2.36000000,6.17000000,610.32600000,291.9518784,43.0746172,,5788.00,0.872000,0.873000
Kepler-184 c,Kepler-184,3,Transit,2014,20.30300500000,0.1410000000,1.97000000,8.80000000,610.32600000,291.9518784,43.0746172,,5788.00,0.872000,0.873000
Kepler-184 d,Kepler-184,3,Transit,2014,29.02235800000,0.1790000000,2.49000000,6.76000000,610.32600000,291.9518784,43.0746172,,5788.00,0.872000,0.873000
Kepler-1840 b,Kepler-1840,1,Transit,2021,131.19000240000,0.4620600000,2.77771129,8.13000000,513.10700000,298.5948803,41.4359643,,4898.00,0.774000,0.803000
Kepler-1841 b,Kepler-1841,1,Transit,2021,25.88599968000,0.1606000000,1.48912557,2.82000000,631.70000000,287.7069031,40.6852161,,5190.00,0.823000,0.899000
Kepler-1842 b,Kepler-1842,1,Transit,2021,14.02639961000,0.1160000000,2.35388681,6.14000000,923.55100000,286.2516039,42.3784353,,5970.00,1.057000,1.131000
Kepler-1843 b,Kepler-1843,1,Transit,2021,25.54339981000,0.1787100000,2.70909809,7.80000000,784.62500000,292.8852302,41.2791690,,5422.00,1.020000,1.782000
Kepler-1844 b,Kepler-1844,1,Transit,2021,3.92451000200,0.0478000000,3.03648191,9.46000000,1804.36000000,292.6903973,37.9345682,,5776.00,0.939000,0.849000
Kepler-1845 b,Kepler-1845,1,Transit,2021,11.60649967000,0.0885000000,2.43836702,6.52000000,710.72400000,292.9016226,38.2970320,,4703.00,0.686000,0.701000
Kepler-1846 b,Kepler-1846,1,Transit,2021,14.82009983000,0.1105400000,1.76378826,3.76000000,374.61500000,294.3909489,44.7629523,,4825.00,0.785000,0.732000
Kepler-1847 b,Kepler-1847,1,Transit,2021,11.12969971000,0.0989000000,2.74516914,7.97000000,1693.86000000,296.6014013,44.3252289,,6122.00,1.041000,0.964000
Kepler-1848 b,Kepler-1848,1,Transit,2021,5.60402011900,0.0583500000,1.40885390,2.57000000,309.69600000,299.3814921,45.5920846,,4847.00,0.756000,0.737000
Kepler-1849 b,Kepler-1849,1,Transit,2021,57.29290009000,0.2597000000,2.38685349,6.29000000,631.88400000,285.2919300,41.2557275,,4806.00,0.709000,0.729000
Kepler-185 b,Kepler-185,2,Transit,2014,1.63290000000,0.0260000000,1.17000000,1.71000000,466.73500000,282.4681674,43.8899464,,5208.00,0.763000,0.806000
Kepler-185 c,Kepler-185,2,Transit,2014,20.72904200000,0.1390000000,2.02000000,4.74000000,466.73500000,282.4681674,43.8899464,,5208.00,0.763000,0.806000
Kepler-1850 b,Kepler-1850,1,Transit,2021,1.38580000400,0.0206000000,0.72909663,0.31300000,250.19900000,287.1428295,43.6161177,,4239.00,0.611000,0.600000
Kepler-1851 b,Kepler-1851,1,Transit,2021,12.02289963000,0.1016000000,3.90012032,14.50000000,1589.81000000,285.6737597,45.6398375,,5982.00,0.967000,0.879000
Kepler-1852 b,Kepler-1852,1,Transit,2021,7.97094011300,0.0762000000,1.88610592,4.22000000,772.48100000,288.0297157,40.3441934,,5237.00,0.927000,0.826000
Kepler-1853 b,Kepler-1853,1,Transit,2021,48.88819885000,0.2395000000,1.51862272,2.92000000,562.34800000,284.7478834,46.3735415,,4821.00,0.765000,0.788000
Kepler-1854 b,Kepler-1854,1,Transit,2021,39.83110046000,0.2089400000,2.58746104,7.21000000,423.34800000,286.2859300,37.3869915,,5026.00,0.800000,0.759000
Kepler-1855 b,Kepler-1855,1,Transit,2021,0.72733098300,0.0115000000,1.21620500,1.96000000,,283.4018628,41.5161554,,3460.00,0.385000,0.356000
Kepler-1856 b,Kepler-1856,1,Transit,2021,1.30200004600,0.0215000000,1.73447868,3.66000000,848.76000000,295.9091695,51.3478777,,4948.00,0.782000,0.816000
Kepler-1857 b,Kepler-1857,1,Transit,2021,8.94340992000,0.0830800000,1.96065412,4.50000000,853.27500000,296.4557129,39.5985370,,6074.00,0.873000,1.005000
Kepler-1858 b,Kepler-1858,1,Transit,2021,88.07160187000,0.3575000000,2.42168247,6.44000000,833.05500000,292.3074315,46.6265790,,4939.00,0.785000,0.819000
Kepler-1859 b,Kepler-1859,2,Transit,2021,2.72959995300,0.0394000000,1.58313575,3.13000000,1331.25000000,293.9886751,46.7179996,,5887.00,1.090000,1.235000
Kepler-1859 c,Kepler-1859,2,Transit,2023,3.59645081000,0.0473000000,1.66000000,3.39000000,1331.25000000,293.9886751,46.7179996,,5887.00,1.090000,1.235000
Kepler-186 b,Kepler-186,5,Transit,2014,3.88679070000,0.0343000000,1.07000000,1.24000000,177.59400000,298.6527360,43.9549884,M1,3788.00,0.478000,0.472000
Kepler-186 c,Kepler-186,5,Transit,2014,7.26730200000,0.0451000000,1.25000000,2.10000000,177.59400000,298.6527360,43.9549884,M1,3788.00,0.478000,0.472000
Kepler-186 d,Kepler-186,5,Transit,2014,13.34299600000,0.0781000000,1.40000000,2.54000000,177.59400000,298.6527360,43.9549884,M1,3788.00,0.478000,0.472000
Kepler-186 e,Kepler-186,5,Transit,2014,22.40770400000,0.1100000000,1.27000000,2.15000000,177.59400000,298.6527360,43.9549884,M1,3788.00,0.478000,0.472000
Kepler-186 f,Kepler-186,5,Transit,2014,129.94410000000,0.4320000000,1.17000000,1.71000000,177.59400000,298.6527360,43.9549884,M1,3755.00,0.544000,0.523000
Kepler-1860 b,Kepler-1860,1,Transit,2021,12.73719978000,0.1062500000,1.13863767,1.55000000,438.70300000,294.3508497,50.0809627,,5420.00,0.874000,0.868000
Kepler-1861 b,Kepler-1861,1,Transit,2021,40.03060150000,0.2408200000,2.20677414,5.50000000,829.98500000,295.8465148,49.9361586,,5855.00,1.161000,1.373000
Kepler-1862 b,Kepler-1862,1,Transit,2021,16.05730057000,0.1199000000,2.20300000,5.49000000,1232.19000000,296.7533555,49.3780726,,5644.00,0.900000,0.806000
Kepler-1863 b,Kepler-1863,1,Transit,2021,44.99760056000,0.2367800000,2.26309256,5.74000000,865.54600000,282.2397185,43.2440854,,5871.00,1.097000,0.983000
Kepler-1864 b,Kepler-1864,1,Transit,2021,3.88151001900,0.0490000000,0.75408365,0.35300000,298.89400000,289.6867653,41.5889178,,5854.00,1.030000,0.979000
Kepler-1865 b,Kepler-1865,1,Transit,2021,2.52400994300,0.0344000000,1.57686072,3.11000000,922.25500000,293.9412380,41.5904136,,5420.00,0.849000,0.871000
Kepler-1866 b,Kepler-1866,1,Transit,2021,11.66009998000,0.1016000000,2.08215108,4.99000000,976.73700000,286.2246453,44.6544869,,5791.00,1.030000,1.083000
Kepler-1867 b,Kepler-1867,1,Transit,2021,9.88735961900,0.0872000000,1.15985997,1.65000000,680.58300000,294.9971007,43.4358698,,5693.00,0.911000,0.816000
Kepler-1868 b,Kepler-1868,1,Transit,2021,211.03399660000,0.6234800000,3.14950109,10.10000000,274.18000000,293.2983733,43.5558025,,4658.00,0.743000,0.686000
Kepler-1869 b,Kepler-1869,2,Transit,2021,8.16736030600,0.0797600000,1.11955354,1.46000000,113.02500000,292.6149958,42.7643438,,5808.00,0.987000,0.902000
Kepler-1869 c,Kepler-1869,2,Transit,2023,1.71682830400,0.0280000000,0.74000000,0.33000000,113.02500000,292.6149958,42.7643438,,5808.00,0.987000,0.902000
Kepler-187 b,Kepler-187,2,Transit,2014,4.93886400000,0.0590000000,1.41000000,2.57000000,1143.00000000,299.7964955,44.0892448,,6105.00,1.081000,1.287000
Kepler-187 c,Kepler-187,2,Transit,2014,10.64026300000,0.0990000000,2.67000000,7.61000000,1143.00000000,299.7964955,44.0892448,,6105.00,1.081000,1.287000
Kepler-1870 b,Kepler-1870,1,Transit,2021,3.60694003100,0.0452000000,2.10143764,5.07000000,407.21600000,293.9335076,40.5907040,,5508.00,0.955000,0.840000
Kepler-1871 b,Kepler-1871,1,Transit,2021,1.95270001900,0.0308000000,2.42172881,6.44000000,854.62300000,292.4275044,38.4728824,,5741.00,1.020000,0.946000
Kepler-1872 b,Kepler-1872,1,Transit,2021,3.82591009100,0.0465000000,2.38421141,6.28000000,840.18200000,281.0491988,43.3225996,,5223.00,0.913000,0.885000
Kepler-1873 b,Kepler-1873,1,Transit,2021,0.55884200300,0.0128000000,1.62573811,3.28000000,820.95700000,294.5965570,46.0483705,,5151.00,0.903000,0.792000
Kepler-1874 b,Kepler-1874,1,Transit,2021,56.57320023000,0.2633000000,2.21110724,5.52000000,408.00700000,286.3718158,43.6920810,,4701.00,0.758000,0.775000
Kepler-1875 b,Kepler-1875,1,Transit,2021,34.45859909000,0.2039000000,3.22686692,10.50000000,1660.45000000,296.7727406,50.1883667,,6161.00,0.950000,0.862000
Kepler-1876 b,Kepler-1876,1,Transit,2021,6.99205000000,0.0758000000,0.85300000,2.40000000,259.93500000,299.1604859,41.1437964,,6104.00,1.187000,1.477000
Kepler-1877 b,Kepler-1877,1,Transit,2021,2.37756991400,0.0347200000,0.62408600,0.17900000,285.31200000,294.8669240,46.7904816,,5615.00,1.022000,0.936000
Kepler-1878 b,Kepler-1878,1,Transit,2021,4.44587993600,0.0521000000,2.92019781,8.86000000,1494.30000000,300.7324154,44.1070231,,5918.00,0.956000,0.865000
Kepler-1879 b,Kepler-1879,1,Transit,2021,10.61340046000,0.0957000000,2.06512018,4.92000000,627.17100000,289.3644209,41.5332589,,5865.00,1.023000,1.388000
Kepler-188 b,Kepler-188,2,Transit,2014,2.06189700000,0.0320000000,1.68000000,3.46000000,968.54400000,281.2797173,44.3154743,,6021.00,1.021000,1.141000
Kepler-188 c,Kepler-188,2,Transit,2014,5.99655300000,0.0660000000,3.19000000,10.30000000,968.54400000,281.2797173,44.3154743,,6021.00,1.021000,1.141000
Kepler-1880 b,Kepler-1880,1,Transit,2021,6.30921983700,0.0540000000,2.11686218,5.13000000,611.04100000,287.8264561,40.6965988,,4380.00,0.524000,0.530000
Kepler-1881 b,Kepler-1881,1,Transit,2021,159.39399720000,0.5332500000,2.98104391,9.17000000,1057.21000000,293.6393065,44.9825447,,5135.00,0.812000,0.874000
Kepler-1882 b,Kepler-1882,1,Transit,2021,13.78730011000,0.1163600000,1.48674404,2.81000000,443.37100000,290.6640856,43.4997866,,5691.00,1.068000,1.458000
Kepler-1883 b,Kepler-1883,1,Transit,2021,103.42700200000,0.4438000000,3.25107395,10.60000000,1377.61000000,291.9225570,42.0025220,,6208.00,1.086000,1.024000
Kepler-1884 b,Kepler-1884,1,Transit,2021,8.98832035100,0.0845000000,1.81406781,3.95000000,1443.09000000,296.7463986,43.0454207,,5984.00,0.993000,0.906000
Kepler-1885 b,Kepler-1885,1,Transit,2021,2.52255988100,0.0360000000,1.51110555,2.89000000,818.48200000,288.7507112,47.4909206,,5591.00,0.977000,0.860000
Kepler-1886 b,Kepler-1886,1,Transit,2021,24.27580070000,0.1600000000,2.58158428,7.18000000,1059.51000000,296.2645118,39.4059745,,5745.00,0.928000,0.837000
Kepler-1887 b,Kepler-1887,1,Transit,2021,19.94750023000,0.1421000000,2.92454357,8.88000000,1366.18000000,288.9555263,44.7057070,,5749.00,0.961000,0.864000
Kepler-1888 b,Kepler-1888,1,Transit,2021,11.39169979000,0.0956000000,1.32578716,2.32000000,402.94700000,289.3945523,41.7822597,,5557.00,0.897000,1.249000
Kepler-1889 b,Kepler-1889,1,Transit,2021,37.30369949000,0.2082000000,2.94360686,8.98000000,1395.13000000,297.1992577,41.2264404,,5646.00,0.864000,0.817000
Kepler-189 b,Kepler-189,2,Transit,2014,10.39993100000,0.0880000000,1.21000000,1.92000000,591.53400000,287.5646296,44.3050662,,5235.00,0.803000,0.750000
Kepler-189 c,Kepler-189,2,Transit,2014,20.13486600000,0.1370000000,2.38000000,22.70000000,591.53400000,287.5646296,44.3050662,,5235.00,0.803000,0.750000
Kepler-1890 b,Kepler-1890,1,Transit,2021,4.82059001900,0.0571200000,0.86867375,0.58700000,529.59600000,292.5778203,40.6679032,,6046.00,1.024000,1.396000
Kepler-1891 b,Kepler-1891,1,Transit,2021,4.02229023000,0.0473000000,1.52139156,2.93000000,596.24000000,290.0438524,44.3705375,,5516.00,0.873000,0.827000
Kepler-1892 b,Kepler-1892,1,Transit,2021,6.33123016400,0.0633000000,1.83707938,4.03000000,851.59500000,299.0810070,42.0180957,,5383.00,0.851000,0.759000
Kepler-1893 b,Kepler-1893,1,Transit,2021,4.17936992600,0.0504000000,1.70557445,3.55000000,1050.72000000,298.4012866,44.8381709,,5633.00,0.973000,1.162000
Kepler-1894 b,Kepler-1894,2,Transit,2021,2.76266002700,0.0385000000,1.20117759,1.87000000,935.19100000,295.5864604,49.6668523,,5772.00,0.999000,0.901000
Kepler-1894 c,Kepler-1894,2,Transit,2023,5.05368985000,0.0576000000,1.21000000,1.92000000,935.19100000,295.5864604,49.6668523,,5772.00,0.999000,0.901000
Kepler-1895 b,Kepler-1895,1,Transit,2021,6.07029008900,0.0615000000,2.11934728,5.14000000,984.18700000,291.6756005,48.7625419,,5076.00,0.860000,0.763000
Kepler-1896 b,Kepler-1896,1,Transit,2021,44.87020111000,0.2529000000,3.09935997,9.80000000,1732.91000000,289.6785786,40.2496475,,6122.00,1.070000,0.996000
Kepler-1897 b,Kepler-1897,1,Transit,2021,24.22030067000,0.1546000000,2.81407954,8.32000000,983.17400000,294.2901043,39.1268710,,5165.00,0.859000,0.761000
Kepler-1898 b,Kepler-1898,1,Transit,2021,4.76562023200,0.0506300000,0.93353523,0.76000000,360.92100000,287.2058009,38.4981903,,5702.00,0.837000,1.125000
Kepler-1899 b,Kepler-1899,1,Transit,2021,4.09577989600,0.0457000000,1.55098292,3.02000000,711.50900000,292.0333777,37.9744551,,4791.00,0.759000,0.742000
Kepler-19 b,Kepler-19,3,Transit,2011,9.28699000000,0.0846000000,2.20900000,6.10000000,218.56200000,290.4209694,37.8516556,,5541.00,0.936000,0.859000
Kepler-19 c,Kepler-19,3,Transit Timing Variations,2011,28.73100000000,0.1765736996,3.68000000,13.10000000,218.56200000,290.4209694,37.8516556,,5544.00,0.936000,0.859000
Kepler-19 d,Kepler-19,3,Radial Velocity,2017,62.95000000000,,5.06000000,22.50000000,218.56200000,290.4209694,37.8516556,,5544.00,0.936000,0.859000
Kepler-190 b,Kepler-190,2,Transit,2014,2.01999900000,0.0300000000,1.56000000,3.05000000,433.38700000,288.5839761,44.7337701,,5106.00,0.834000,0.795000
Kepler-190 c,Kepler-190,2,Transit,2014,3.76302400000,0.0450000000,1.46000000,2.73000000,433.38700000,288.5839761,44.7337701,,5106.00,0.834000,0.795000
Kepler-1900 b,Kepler-1900,1,Transit,2021,2.98622989700,0.0420000000,1.62314676,3.27000000,1540.43000000,291.8863206,44.4790319,,6173.00,1.104000,1.041000
Kepler-1901 b,Kepler-1901,1,Transit,2021,3.48412990600,0.0453000000,1.47418907,2.77000000,1028.37000000,291.1643587,45.3183061,,5696.00,1.022000,0.921000
Kepler-1902 b,Kepler-1902,1,Transit,2021,3.82222008700,0.0385000000,1.17563613,1.74000000,344.33700000,292.7376545,42.0147792,,3729.00,0.520000,0.514000
Kepler-1903 b,Kepler-1903,1,Transit,2021,17.06789970000,0.1321000000,2.28642395,5.85000000,1775.44000000,290.8882981,51.2481617,,6347.00,1.053000,0.996000
Kepler-1904 b,Kepler-1904,1,Transit,2021,4.57702016800,0.0436000000,1.39049940,2.51000000,270.85400000,288.8744026,51.1542215,,3805.00,0.526000,0.497000
Kepler-1905 b,Kepler-1905,1,Transit,2021,3.42392993000,0.0451000000,1.44607340,2.69000000,1051.53000000,292.5733475,46.3668273,,5788.00,1.038000,1.015000
Kepler-1906 b,Kepler-1906,1,Transit,2021,7.36268997200,0.0738000000,2.77615754,8.13000000,1360.63000000,293.8266166,38.8565906,,5868.00,0.987000,0.894000
Kepler-1907 b,Kepler-1907,2,Transit,2021,5.65245008500,0.0544400000,0.86973029,0.58900000,292.11100000,280.7085829,47.3279236,,5159.00,0.752000,0.800000
Kepler-1907 c,Kepler-1907,2,Transit,2021,14.86390018000,0.1037100000,1.15547044,1.63000000,292.11100000,280.7085829,47.3279236,,5159.00,0.752000,0.800000
Kepler-1909 b,Kepler-1909,1,Transit,2021,2.39160990700,0.0306000000,1.09217411,1.33000000,763.66200000,290.8894090,42.4596251,,4935.00,0.663000,0.685000
Kepler-191 b,Kepler-191,3,Transit,2014,9.93963200000,0.0870000000,1.34000000,2.36000000,594.46400000,291.1833211,45.3230937,,5282.00,0.857000,0.789000
Kepler-191 c,Kepler-191,3,Transit,2014,17.73850600000,0.1280000000,1.86000000,4.12000000,594.46400000,291.1833211,45.3230937,,5282.00,0.857000,0.789000
Kepler-191 d,Kepler-191,3,Transit,2016,5.94504101700,0.0610400000,2.28000000,5.82000000,594.46400000,291.1833211,45.3230937,,5215.00,0.840000,0.800000
Kepler-1910 b,Kepler-1910,1,Transit,2021,5.68876981700,0.0536000000,1.18400000,1.78000000,,296.6171677,41.2811677,,4234.00,0.636000,0.639000
Kepler-1911 b,Kepler-1911,1,Transit,2021,5.99079990400,0.0636000000,1.01100000,1.01000000,269.91200000,299.3035590,41.4410233,,5721.00,0.954000,0.972000
Kepler-1912 b,Kepler-1912,1,Transit,2021,6.05921983700,0.0648900000,1.35670508,2.41000000,297.01700000,282.1178211,46.2239547,,5734.00,0.977000,0.962000
Kepler-1913 b,Kepler-1913,1,Transit,2021,14.19600010000,0.1209000000,1.51852059,2.92000000,876.30000000,290.2166890,44.7795863,,6214.00,1.169000,1.076000
Kepler-1914 b,Kepler-1914,1,Transit,2021,30.82789993000,0.1954000000,2.94298030,8.97000000,1621.56000000,291.4314024,38.6543635,,5982.00,1.047000,0.960000
Kepler-1915 b,Kepler-1915,1,Transit,2021,13.83539963000,0.1140000000,3.21798413,10.40000000,1514.66000000,301.2786852,44.2505116,,6020.00,1.030000,1.057000
Kepler-1916 b,Kepler-1916,1,Transit,2021,31.25429916000,0.2053000000,2.61757235,7.35000000,2055.82000000,293.0705754,48.3876790,,6246.00,1.180000,1.092000
Kepler-1917 b,Kepler-1917,1,Transit,2021,12.90240002000,0.1030000000,1.88971288,4.23000000,909.03700000,294.1038932,45.0013533,,5530.00,0.882000,0.788000
Kepler-1918 b,Kepler-1918,1,Transit,2021,47.05640030000,0.2524000000,2.29763023,5.89000000,1030.11000000,292.5305460,42.2145765,,5889.00,0.967000,0.924000
Kepler-1919 b,Kepler-1919,1,Transit,2021,37.88660049000,0.2107000000,2.62390658,7.38000000,1177.53000000,283.1319153,43.9560050,,5513.00,0.868000,0.818000
Kepler-192 b,Kepler-192,3,Transit,2014,9.92674600000,0.0900000000,2.74000000,7.95000000,651.67400000,287.9179379,45.5928829,,5479.00,1.028000,1.007000
Kepler-192 c,Kepler-192,3,Transit,2014,21.22340000000,0.1500000000,2.79000000,8.20000000,651.67400000,287.9179379,45.5928829,,5479.00,1.028000,1.007000
Kepler-192 d,Kepler-192,3,Transit,2016,6.47027579000,0.0686000000,1.02000000,1.04000000,651.67400000,287.9179379,45.5928829,,5487.00,0.940000,0.940000
Kepler-1920 b,Kepler-1920,1,Transit,2021,30.25410080000,0.2043000000,2.95415848,9.03000000,885.91300000,291.0620355,38.8632881,,6277.00,1.239000,1.161000
Kepler-1921 b,Kepler-1921,2,Transit,2021,20.03479958000,0.1586500000,2.89459458,8.72000000,928.98900000,300.3161723,45.4953271,,6120.00,1.251000,2.000000
Kepler-1921 c,Kepler-1921,2,Transit,2023,3.15722086000,0.0454000000,1.41000000,2.57000000,928.98900000,300.3161723,45.4953271,,6120.00,1.251000,2.000000
Kepler-1922 b,Kepler-1922,1,Transit,2021,13.22259998000,0.1077000000,2.29064904,5.86000000,1344.29000000,292.3303706,37.9970696,,5931.00,0.953000,0.863000
Kepler-1923 b,Kepler-1923,1,Transit,2021,52.60969925000,0.2846000000,1.95958179,4.50000000,990.83800000,298.0834457,40.3462551,,5881.00,1.109000,1.294000
Kepler-1924 b,Kepler-1924,1,Transit,2021,15.33170033000,0.1216000000,2.65446572,7.53000000,1910.77000000,293.7673860,42.8291562,,5726.00,1.018000,1.285000
Kepler-1925 b,Kepler-1925,1,Transit,2021,46.71640015000,0.2588000000,3.00177922,9.28000000,1771.31000000,289.8287452,45.1026883,,5856.00,1.057000,1.092000
Kepler-1926 b,Kepler-1926,1,Transit,2021,42.87770081000,0.2197000000,2.31495961,5.97000000,667.40500000,291.1987905,44.1662033,,5256.00,0.768000,0.832000
Kepler-1927 b,Kepler-1927,1,Transit,2021,73.75039673000,0.3873300000,3.40627075,11.50000000,1091.00000000,296.3546093,41.3355698,,6056.00,1.408000,2.481000
Kepler-1928 b,Kepler-1928,1,Transit,2021,19.57783000000,0.1940000000,1.99200000,4.63000000,326.36200000,290.4406294,38.5235721,,5720.00,1.010000,0.920000
Kepler-1929 b,Kepler-1929,1,Transit,2021,59.36249924000,0.3088300000,3.07250761,9.65000000,508.20100000,299.5833362,47.4481244,,5786.00,1.006000,1.471000
Kepler-193 b,Kepler-193,2,Transit,2014,11.38848000000,0.1060000000,2.39000000,6.30000000,1009.10000000,296.4985951,46.5772484,,6335.00,1.051000,1.147000
Kepler-193 c,Kepler-193,2,Transit,2014,50.69749400000,0.2860000000,2.75000000,8.00000000,1009.10000000,296.4985951,46.5772484,,6335.00,1.051000,1.147000
Kepler-1930 b,Kepler-1930,1,Transit,2021,13.02680016000,0.1023300000,1.52955541,2.95000000,275.69400000,297.5771450,40.0276768,,5083.00,0.844000,0.844000
Kepler-1931 b,Kepler-1931,1,Transit,2021,38.57609940000,0.2332900000,2.65323514,7.53000000,620.09100000,290.8723061,43.3330104,,6167.00,1.174000,1.221000
Kepler-1932 b,Kepler-1932,1,Transit,2021,0.52417701500,0.0123000000,1.51482218,2.91000000,713.73300000,285.3314903,41.0638435,,5278.00,0.911000,0.815000
Kepler-1933 b,Kepler-1933,1,Transit,2021,4.94329023400,0.0560500000,1.17984089,1.76000000,328.00700000,283.9950850,39.9170121,,5661.00,0.964000,1.008000
Kepler-1934 b,Kepler-1934,1,Transit,2021,1.41975998900,0.0246600000,0.91307734,0.70200000,428.51400000,290.9193265,37.2871677,,5925.00,0.968000,1.035000
Kepler-1935 b,Kepler-1935,1,Transit,2021,3.95140004200,0.0463000000,2.50271696,6.82000000,904.70200000,296.4037783,39.7227036,,5570.00,0.845000,0.899000
Kepler-1936 b,Kepler-1936,1,Transit,2021,126.55699920000,0.5266200000,3.16615594,10.20000000,871.09600000,290.7300141,44.8361280,,6501.00,1.419000,1.854000
Kepler-1937 b,Kepler-1937,1,Transit,2021,9.68859958600,0.0915000000,3.02291330,9.39000000,905.06900000,290.6583922,40.7785383,,6457.00,1.190000,1.196000
Kepler-1938 b,Kepler-1938,1,Transit,2021,13.06260014000,0.0938000000,1.82828927,4.00000000,421.15200000,299.3518920,41.1957285,,4522.00,0.646000,0.655000
Kepler-1939 b,Kepler-1939,1,Transit,2021,2.79065990400,0.0334000000,1.16480773,1.68000000,189.83300000,285.6899312,40.9946659,,4353.00,0.648000,0.603000
Kepler-194 b,Kepler-194,3,Transit,2014,2.09228100000,0.0320000000,1.51000000,2.89000000,1097.97000000,291.9714290,47.8640498,,6089.00,0.940000,1.025000
Kepler-194 c,Kepler-194,3,Transit,2014,17.30803200000,0.1310000000,2.59000000,7.22000000,1097.97000000,291.9714290,47.8640498,,6089.00,0.940000,1.025000
Kepler-194 d,Kepler-194,3,Transit,2014,52.81497300000,0.2750000000,2.40000000,6.35000000,1097.97000000,291.9714290,47.8640498,,6089.00,0.940000,1.025000
Kepler-1940 b,Kepler-1940,1,Transit,2021,4.95061016100,0.0525000000,1.54732469,3.01000000,798.59500000,291.2042027,45.2383344,,5431.00,0.802000,0.717000
Kepler-1941 b,Kepler-1941,1,Transit,2021,31.33510017000,0.2054000000,2.64976949,7.51000000,1494.39000000,296.6270184,49.3538910,,6404.00,1.175000,1.142000
Kepler-1942 b,Kepler-1942,1,Transit,2021,4.62604999500,0.0516000000,2.11702870,5.13000000,842.49200000,294.9805416,44.4252384,,5834.00,0.852000,0.797000
Kepler-1943 b,Kepler-1943,1,Transit,2021,4.85018014900,0.0597500000,1.54869189,3.02000000,1004.55000000,293.3182976,41.1166697,,6032.00,1.055000,0.973000
Kepler-1944 b,Kepler-1944,1,Transit,2021,9.84257984200,0.0918000000,2.75971163,8.05000000,1076.48000000,296.5105045,39.1732645,,5585.00,1.064000,0.972000
Kepler-1945 b,Kepler-1945,1,Transit,2021,6.08003997800,0.0597000000,1.28900000,2.21000000,,281.8980828,42.2858185,,4991.00,0.767000,0.804000
Kepler-1946 b,Kepler-1946,1,Transit,2021,3.03519010500,0.0394000000,2.48812698,6.75000000,1002.12000000,282.3355387,42.8453417,,5505.00,0.887000,0.873000
Kepler-1947 b,Kepler-1947,1,Transit,2021,6.96363019900,0.0737500000,1.01016660,1.01000000,468.77100000,296.1040313,42.3425818,,6040.00,0.984000,1.686000
Kepler-1948 b,Kepler-1948,1,Transit,2021,15.57129955000,0.1022000000,1.03283226,1.09000000,193.90300000,287.3640804,47.7853043,,3872.00,0.585000,0.557000
Kepler-1949 b,Kepler-1949,1,Transit,2021,2.20828008700,0.0352000000,2.21964541,5.56000000,2617.35000000,293.5422586,43.0260555,,6028.00,1.194000,1.454000
Kepler-195 b,Kepler-195,2,Transit,2014,8.30787200000,0.0770000000,2.03000000,4.78000000,652.05100000,288.1209339,47.9666141,,5329.00,0.867000,0.775000
Kepler-195 c,Kepler-195,2,Transit,2014,34.09686300000,0.1970000000,1.55000000,3.02000000,652.05100000,288.1209339,47.9666141,,5329.00,0.867000,0.775000
Kepler-1950 b,Kepler-1950,1,Transit,2021,10.77690029000,0.0871000000,1.52696349,2.95000000,697.25300000,287.0874563,42.6686537,,5455.00,0.759000,0.852000
Kepler-1951 b,Kepler-1951,1,Transit,2021,20.65780067000,0.1435000000,2.32107188,6.00000000,1277.32000000,290.4999139,40.2877161,,5468.00,0.923000,1.306000
Kepler-1952 b,Kepler-1952,1,Transit,2021,27.21080017000,0.1724000000,1.23923346,2.07000000,852.06200000,288.0764082,43.9584839,,5973.00,0.922000,1.305000
Kepler-1953 b,Kepler-1953,1,Transit,2021,6.24565982800,0.0607000000,1.28574667,2.20000000,605.63100000,287.9680995,46.4705959,,4858.00,0.786000,0.707000
Kepler-1954 b,Kepler-1954,1,Transit,2021,5.88343000400,0.0625000000,1.80235934,3.90000000,1373.83000000,298.0029203,43.3545882,,5840.00,0.942000,0.849000
Kepler-1955 b,Kepler-1955,1,Transit,2021,14.26519966000,0.1195900000,1.16654878,1.69000000,449.35100000,299.5347603,40.4777528,,5825.00,1.049000,1.291000
Kepler-1956 b,Kepler-1956,1,Transit,2021,5.94371986400,0.0563000000,1.08940238,1.32000000,360.46800000,294.6208506,49.8942190,,4391.00,0.671000,0.682000
Kepler-1957 b,Kepler-1957,1,Transit,2021,2.18661999700,0.0299000000,0.94374867,0.79000000,460.89900000,293.7114360,47.8874467,,4904.00,0.745000,0.772000
Kepler-1958 b,Kepler-1958,1,Transit,2021,9.32861995700,0.0856000000,2.05124311,4.86000000,1320.38000000,289.1041643,41.6901138,,5749.00,0.961000,0.864000
Kepler-1959 b,Kepler-1959,1,Transit,2021,6.38669014000,0.0617000000,1.14315727,1.57000000,479.26300000,296.0223010,44.7326691,,5071.00,0.768000,0.811000
Kepler-196 b,Kepler-196,3,Transit,2014,20.73988600000,0.1380000000,1.90000000,4.27000000,451.31200000,284.9685077,42.0791214,,5128.00,0.839000,0.782000
Kepler-196 c,Kepler-196,3,Transit,2014,47.42773700000,0.2400000000,2.24000000,5.65000000,451.31200000,284.9685077,42.0791214,,5128.00,0.839000,0.782000
Kepler-196 d,Kepler-196,3,Transit,2021,122.08000180000,0.4545000000,2.66065673,7.56000000,451.31200000,284.9685077,42.0791214,,5132.00,0.805000,0.770000
Kepler-1960 b,Kepler-1960,1,Transit,2021,2.29794001600,0.0354000000,1.30749704,2.26000000,1527.56000000,294.6969361,46.7202043,,6371.00,1.117000,1.072000
Kepler-1961 b,Kepler-1961,1,Transit,2021,5.60471010200,0.0588000000,1.61878080,3.25000000,1042.45000000,286.3300783,39.6831276,,5401.00,0.871000,0.777000
Kepler-1962 b,Kepler-1962,1,Transit,2021,7.99145984600,0.0783000000,1.21463929,1.95000000,866.82600000,289.5483989,40.1641457,,5700.00,1.003000,1.006000
Kepler-1963 b,Kepler-1963,1,Transit,2021,1.96226000800,0.0291500000,0.74437023,0.33700000,492.84700000,296.5875182,47.2071290,,5726.00,0.915000,0.979000
Kepler-1964 b,Kepler-1964,1,Transit,2021,2.44082999200,0.0322000000,1.78105870,3.83000000,,297.0588033,49.4784362,,4803.00,0.752000,0.698000
Kepler-1965 b,Kepler-1965,1,Transit,2021,41.86869812000,0.2297100000,1.35415138,2.40000000,521.79100000,292.5147146,38.0219872,,5852.00,0.928000,0.837000
Kepler-1966 b,Kepler-1966,1,Transit,2021,8.61742973300,0.0763000000,1.10479327,1.39000000,484.60100000,292.4637788,41.2990438,,5009.00,0.797000,0.840000
Kepler-1967 b,Kepler-1967,1,Transit,2021,7.28169012100,0.0668600000,0.73022577,0.31500000,249.10200000,299.1376276,43.4984724,,4970.00,0.996000,1.806000
Kepler-1968 b,Kepler-1968,1,Transit,2021,7.28109979600,0.0696000000,1.50004034,2.86000000,750.93000000,291.5080318,45.3700933,,5008.00,0.844000,0.788000
Kepler-1969 b,Kepler-1969,1,Transit,2021,6.64752006500,0.0717000000,1.68161001,3.47000000,1204.54000000,294.7842662,49.4920557,,6046.00,1.111000,1.007000
Kepler-197 b,Kepler-197,4,Transit,2014,5.59930800000,0.0600000000,1.02000000,1.04000000,330.57500000,295.2264739,50.5592348,,6004.00,0.857000,1.120000
Kepler-197 c,Kepler-197,4,Transit,2014,10.34969500000,0.0900000000,1.23000000,5.30000000,330.57500000,295.2264739,50.5592348,,6004.00,0.857000,1.120000
Kepler-197 d,Kepler-197,4,Transit,2014,15.67756300000,0.1190000000,1.22000000,1.98000000,330.57500000,295.2264739,50.5592348,,6004.00,0.857000,1.120000
Kepler-197 e,Kepler-197,4,Transit,2014,25.20971500000,0.1640000000,0.91000000,0.69300000,330.57500000,295.2264739,50.5592348,,6004.00,0.857000,1.120000
Kepler-1972 b,Kepler-1972,2,Transit,2022,7.54425000000,0.0800600000,0.80200000,2.02000000,287.33900000,288.3953074,39.8725067,,5818.00,1.120000,1.384000
Kepler-1972 c,Kepler-1972,2,Transit,2022,11.32950000000,0.1049300000,0.86800000,2.11000000,287.33900000,288.3953074,39.8725067,,5818.00,1.120000,1.384000
Kepler-1976 b,Kepler-1976,1,Transit Timing Variations,2023,4.95931924400,0.0565000000,12.21000000,,1314.51000000,292.1670600,48.7275345,,5712.00,0.976000,1.082000
Kepler-1977 b,Kepler-1977,1,Transit,2023,4.53702121000,0.0486000000,1.66000000,3.39000000,592.71100000,290.6178587,37.2891002,,4805.00,0.769000,0.688000
Kepler-1978 b,Kepler-1978,1,Transit,2023,10.84969477000,0.0914000000,2.67000000,7.61000000,865.51200000,286.0067312,38.0095407,,5251.00,0.869000,0.778000
Kepler-1979 b,Kepler-1979,1,Transit,2023,18.50845260000,0.1383000000,29.33000000,,1076.27000000,289.8429062,38.3096220,,5942.00,1.028000,0.938000
Kepler-198 b,Kepler-198,3,Transit,2014,17.79003700000,0.1310000000,2.82000000,8.35000000,495.35800000,290.6731326,38.6910045,,5574.00,0.995000,0.940000
Kepler-198 c,Kepler-198,3,Transit,2014,49.56741600000,0.2590000000,2.47000000,6.66000000,495.35800000,290.6731326,38.6910045,,5574.00,0.995000,0.940000
Kepler-198 d,Kepler-198,3,Transit,2016,1.31184443000,0.0234200000,1.53000000,2.96000000,495.35800000,290.6731326,38.6910045,,5636.00,0.970000,0.930000
Kepler-1980 b,Kepler-1980,1,Transit,2023,33.02571790000,0.2049000000,2.21000000,5.52000000,1709.40000000,295.1672065,38.6370390,,5819.00,1.049000,0.990000
Kepler-1981 b,Kepler-1981,1,Transit,2023,453.54212000000,1.3292000000,9.23000000,62.50000000,659.39500000,287.9754691,38.7402988,,5874.00,1.519000,3.006000
Kepler-1982 b,Kepler-1982,1,Transit,2023,3.82315697000,0.0511000000,0.77000000,0.38100000,558.85500000,287.4099905,39.6586267,,6202.00,1.213000,1.122000
Kepler-1983 b,Kepler-1983,1,Transit,2023,7.32851947000,0.0689000000,2.33000000,6.04000000,424.42800000,297.0420150,39.9121864,,5135.00,0.812000,0.874000
Kepler-1984 b,Kepler-1984,1,Transit,2023,1.99281233900,0.0238000000,6.81000000,37.30000000,,291.2850446,40.7300225,,3638.00,0.450000,0.420000
Kepler-1985 b,Kepler-1985,1,Transit,2023,3.42064689000,0.0426000000,2.27000000,5.77000000,,293.5663715,42.1325825,,5370.00,0.877000,0.966000
Kepler-1986 b,Kepler-1986,1,Transit,2023,19.54896660000,0.1307000000,1.89000000,4.23000000,912.08500000,292.9582727,42.8548909,,5549.00,0.776000,0.732000
Kepler-1987 b,Kepler-1987,4,Transit,2023,2.34586300200,0.0318000000,1.23000000,2.04000000,595.68300000,295.8254663,42.9433716,,4769.00,0.799000,0.714000
Kepler-1987 c,Kepler-1987,4,Transit,2023,3.64830183000,0.0427000000,1.33000000,2.33000000,595.68300000,295.8254663,42.9433716,,4769.00,0.799000,0.714000
Kepler-1987 d,Kepler-1987,4,Transit,2023,5.64491415400,0.0571000000,2.66000000,7.56000000,595.68300000,295.8254663,42.9433716,,4769.00,0.799000,0.714000
Kepler-1987 e,Kepler-1987,4,Transit,2023,8.74292005000,0.0765000000,1.92000000,4.35000000,595.68300000,295.8254663,42.9433716,,4769.00,0.799000,0.714000
Kepler-1988 b,Kepler-1988,1,Transit,2023,11.49500229000,0.1038000000,1.53000000,2.96000000,513.42600000,298.6738034,43.7955099,,6033.00,1.127000,1.788000
Kepler-1989 b,Kepler-1989,1,Transit,2023,10.16102352800,0.0918000000,4.62000000,19.30000000,1252.13000000,290.7351869,44.0912620,,6032.00,0.999000,1.060000
Kepler-199 b,Kepler-199,2,Transit,2014,23.63760400000,0.1580000000,3.11000000,9.85000000,521.05400000,295.5594278,40.2362490,,5644.00,0.960000,0.967000
Kepler-199 c,Kepler-199,2,Transit,2014,67.09340800000,0.3160000000,3.25000000,10.60000000,521.05400000,295.5594278,40.2362490,,5644.00,0.960000,0.967000
Kepler-1990 b,Kepler-1990,2,Transit,2023,1.73513619000,0.0286000000,3.27000000,10.70000000,392.73900000,299.7047433,44.4357068,,5751.00,1.028000,1.071000
Kepler-1990 c,Kepler-1990,2,Transit,2023,4.06844957000,0.0504000000,0.98000000,0.90400000,392.73900000,299.7047433,44.4357068,,5751.00,1.028000,1.071000
Kepler-1991 b,Kepler-1991,2,Transit,2023,13.26079792000,0.1065000000,1.47000000,2.76000000,855.82000000,285.0360506,45.0709909,,5478.00,0.914000,1.053000
Kepler-1991 c,Kepler-1991,2,Transit,2023,22.79020351000,0.1528000000,2.57000000,7.13000000,855.82000000,285.0360506,45.0709909,,5478.00,0.914000,1.053000
Kepler-1992 b,Kepler-1992,1,Transit,2023,15.61122380000,0.1169000000,0.91000000,0.69300000,532.95500000,295.0902409,45.0811045,,5383.00,0.874000,0.842000
Kepler-1993 b,Kepler-1993,1,Transit,2023,26.65657370000,0.1943000000,4.15000000,16.10000000,1031.91000000,293.7968548,45.1607261,,5159.00,1.373000,3.062000
Kepler-1994 b,Kepler-1994,1,Transit,2023,4.61225043000,0.0530000000,0.51000000,0.08700000,241.99100000,297.1487941,46.2969247,,5495.00,0.932000,0.961000
Kepler-1995 b,Kepler-1995,1,Transit,2023,73.75788750000,0.3259000000,4.28000000,16.90000000,595.33100000,284.3427250,46.3165907,,5029.00,0.847000,0.930000
Kepler-1996 b,Kepler-1996,2,Transit,2023,32.37618300000,0.1789000000,2.26000000,5.73000000,440.56100000,285.2537555,46.5822183,,4580.00,0.748000,0.675000
Kepler-1996 c,Kepler-1996,2,Transit,2023,92.72972480000,0.3608000000,2.81000000,8.30000000,440.56100000,285.2537555,46.5822183,,4580.00,0.748000,0.675000
Kepler-1997 b,Kepler-1997,1,Transit,2023,26.75758660000,0.1815000000,2.28000000,5.82000000,1502.34000000,297.4808253,46.5891373,,6215.00,1.111000,1.052000
Kepler-1998 b,Kepler-1998,1,Transit,2023,3.03267135000,0.0405000000,0.60000000,0.15600000,340.96500000,283.4291536,47.5923973,,5640.00,0.962000,0.921000
Kepler-1999 b,Kepler-1999,1,Transit,2023,8.73967580000,0.0713000000,3.29000000,10.80000000,701.25500000,282.3705675,48.2592340,,4406.00,0.632000,0.628000
Kepler-20 b,Kepler-20,6,Transit,2011,3.69610490000,0.0456500000,1.77300000,9.70000000,282.56300000,287.6979913,42.3385782,,5495.00,0.929000,0.916400
Kepler-20 c,Kepler-20,6,Transit,2011,10.85407740000,0.0936000000,2.89400000,11.10000000,282.56300000,287.6979913,42.3385782,,5495.00,0.929000,0.916400
Kepler-20 d,Kepler-20,6,Transit,2011,77.61145500000,0.3474000000,2.60600000,13.40000000,282.56300000,287.6979913,42.3385782,,5495.00,0.929000,0.916400
Kepler-20 e,Kepler-20,6,Transit,2011,6.09848820000,0.0637000000,0.82100000,0.76000000,282.56300000,287.6979913,42.3385782,,5495.00,0.929000,0.916400
Kepler-20 f,Kepler-20,6,Transit,2011,19.57832800000,0.1387000000,0.95200000,1.40000000,282.56300000,287.6979913,42.3385782,,5495.00,0.929000,0.916400
Kepler-20 g,Kepler-20,6,Radial Velocity,2016,34.94000000000,0.2055000000,4.71000000,19.96000000,282.56300000,287.6979913,42.3385782,,5495.00,0.948000,0.963900
Kepler-200 b,Kepler-200,2,Transit,2014,8.59480500000,0.0800000000,2.13000000,5.18000000,665.91200000,284.4099503,41.2374928,,5678.00,0.972000,0.944000
Kepler-200 c,Kepler-200,2,Transit,2014,10.22215700000,0.0900000000,1.59000000,3.15000000,665.91200000,284.4099503,41.2374928,,5678.00,0.972000,0.944000
Kepler-2000 b,Kepler-2000,2,Transit,2023,6.38315913500,0.0562000000,2.73000000,7.90000000,320.58800000,285.5743032,49.9621218,,3757.00,0.581000,0.576000
Kepler-2000 c,Kepler-2000,2,Transit,2023,20.61803480000,0.1228000000,1.57000000,3.09000000,320.58800000,285.5743032,49.9621218,,3757.00,0.581000,0.576000
Kepler-2001 b,Kepler-2001,2,Transit,2023,1.09001100300,0.0197000000,1.04000000,1.12000000,776.55000000,291.6594558,50.5838585,,5081.00,0.864000,0.770000
Kepler-2001 c,Kepler-2001,2,Transit,2023,14.09258318900,0.1084000000,1.82000000,3.97000000,776.55000000,291.6594558,50.5838585,,5081.00,0.864000,0.770000
Kepler-201 b,Kepler-201,2,Transit,2014,25.67208300000,0.1750000000,2.46000000,6.62000000,636.44500000,293.6260590,41.2728004,,6065.00,1.098000,1.229000
Kepler-201 c,Kepler-201,2,Transit,2014,151.88405800000,0.5730000000,2.85000000,8.50000000,636.44500000,293.6260590,41.2728004,,6065.00,1.098000,1.229000
Kepler-202 b,Kepler-202,2,Transit,2014,4.06942700000,0.0450000000,1.63000000,3.29000000,285.11100000,282.9734874,41.3217991,,4668.00,0.683000,0.667000
Kepler-202 c,Kepler-202,2,Transit,2014,16.28249300000,0.1130000000,1.85000000,4.08000000,285.11100000,282.9734874,41.3217991,,4668.00,0.683000,0.667000
Kepler-203 b,Kepler-203,3,Transit,2014,3.16269700000,0.0430000000,2.57000000,7.13000000,703.30200000,297.0899590,41.3880686,,5821.00,1.060000,1.114000
Kepler-203 c,Kepler-203,3,Transit,2014,5.37064700000,0.0610000000,2.47000000,749.90000000,703.30200000,297.0899590,41.3880686,,5821.00,1.060000,1.114000
Kepler-203 d,Kepler-203,3,Transit,2014,11.32972000000,0.1000000000,1.44000000,33.90000000,703.30200000,297.0899590,41.3880686,,5821.00,1.060000,1.114000
Kepler-204 b,Kepler-204,2,Transit,2014,14.40097400000,0.1170000000,2.53000000,6.94000000,686.72300000,285.3471620,41.7618450,,5812.00,1.038000,1.238000
Kepler-204 c,Kepler-204,2,Transit,2014,25.66059300000,0.1730000000,1.79000000,3.86000000,686.72300000,285.3471620,41.7618450,,5812.00,1.038000,1.238000
Kepler-205 b,Kepler-205,2,Transit,2014,2.75564000000,0.0320000000,1.51000000,2.89000000,159.72000000,285.2866912,41.8609357,M1 V,4321.00,0.592000,0.546000
Kepler-205 c,Kepler-205,2,Transit,2014,20.30654600000,0.1220000000,1.64000000,3.33000000,159.72000000,285.2866912,41.8609357,M1 V,4321.00,0.592000,0.546000
Kepler-206 b,Kepler-206,3,Transit,2014,7.78198700000,0.0780000000,1.20000000,1.87000000,594.44700000,291.6346564,41.8338415,,5764.00,0.957000,1.185000
Kepler-206 c,Kepler-206,3,Transit,2014,13.13747100000,0.1110000000,1.77000000,3.78000000,594.44700000,291.6346564,41.8338415,,5764.00,0.957000,1.185000
Kepler-206 d,Kepler-206,3,Transit,2014,23.44281000000,0.1630000000,1.19000000,1.81000000,594.44700000,291.6346564,41.8338415,,5764.00,0.957000,1.185000
Kepler-207 b,Kepler-207,3,Transit,2014,1.61186500000,0.0290000000,1.57000000,3.09000000,875.51900000,290.0305195,42.1660555,,5920.00,1.313000,1.588000
Kepler-207 c,Kepler-207,3,Transit,2014,3.07157100000,0.0440000000,1.50000000,2.86000000,875.51900000,290.0305195,42.1660555,,5920.00,1.313000,1.588000
Kepler-207 d,Kepler-207,3,Transit,2014,5.86807500000,0.0680000000,3.31000000,11.00000000,875.51900000,290.0305195,42.1660555,,5920.00,1.313000,1.588000
Kepler-208 b,Kepler-208,4,Transit,2014,4.22864000000,0.0540000000,1.63000000,3.29000000,775.32800000,293.8901979,42.5279413,,6092.00,1.082000,1.314000
Kepler-208 c,Kepler-208,4,Transit,2014,7.46662300000,0.0790000000,1.39000000,2.51000000,775.32800000,293.8901979,42.5279413,,6092.00,1.082000,1.314000
Kepler-208 d,Kepler-208,4,Transit,2014,11.13178600000,0.1030000000,1.20000000,1.87000000,775.32800000,293.8901979,42.5279413,,6092.00,1.082000,1.314000
Kepler-208 e,Kepler-208,4,Transit,2014,16.25945800000,0.1320000000,1.48000000,2.79000000,775.32800000,293.8901979,42.5279413,,6092.00,1.082000,1.314000
Kepler-209 b,Kepler-209,2,Transit,2014,16.08784500000,0.1220000000,2.26000000,5.73000000,576.94600000,291.1694567,42.6407281,,5513.00,0.971000,0.935000
Kepler-209 c,Kepler-209,2,Transit,2014,41.74988200000,0.2310000000,3.10000000,9.80000000,576.94600000,291.1694567,42.6407281,,5513.00,0.971000,0.935000
Kepler-21 b,Kepler-21,1,Transit,2012,2.78582120000,0.0434000000,1.63900000,7.50000000,108.52200000,287.3619673,38.7141384,F6 IV,6305.00,1.408000,1.902000
Kepler-210 b,Kepler-210,2,Transit,2014,2.45323400000,0.0320000000,2.94000000,8.96000000,232.75000000,292.5034196,43.0832188,M0 V,4559.00,0.770000,0.650000
Kepler-210 c,Kepler-210,2,Transit,2014,7.97251300000,0.0700000000,3.62000000,12.80000000,232.75000000,292.5034196,43.0832188,M0 V,4559.00,0.770000,0.650000
Kepler-211 b,Kepler-211,2,Transit,2014,4.13857500000,0.0480000000,1.26000000,2.13000000,309.35300000,285.4391183,43.1685051,,5123.00,0.867000,0.816000
Kepler-211 c,Kepler-211,2,Transit,2014,6.04045000000,0.0620000000,1.29000000,18.30000000,309.35300000,285.4391183,43.1685051,,5123.00,0.867000,0.816000
Kepler-212 b,Kepler-212,2,Transit,2014,16.25758200000,0.1330000000,1.09000000,1.32000000,687.19400000,287.6208165,43.1416239,,5852.00,1.166000,1.455000
Kepler-212 c,Kepler-212,2,Transit,2014,31.80517400000,0.2070000000,2.74000000,7.95000000,687.19400000,287.6208165,43.1416239,,5852.00,1.166000,1.455000
Kepler-213 b,Kepler-213,2,Transit,2014,2.46236000000,0.0360000000,1.62000000,3.26000000,634.93900000,290.8241931,44.6472832,,5696.00,1.070000,1.195000
Kepler-213 c,Kepler-213,2,Transit,2014,4.82296200000,0.0570000000,2.34000000,6.08000000,634.93900000,290.8241931,44.6472832,,5696.00,1.070000,1.195000
Kepler-214 b,Kepler-214,2,Transit,2014,15.66054400000,0.1300000000,2.61000000,7.32000000,1208.44000000,284.7548499,44.9560500,,6169.00,1.110000,1.352000
Kepler-214 c,Kepler-214,2,Transit,2014,28.77980000000,0.1940000000,2.13000000,5.18000000,1208.44000000,284.7548499,44.9560500,,6169.00,1.110000,1.352000
Kepler-215 b,Kepler-215,4,Transit,2014,9.36067200000,0.0840000000,1.62000000,3.26000000,485.99700000,294.9735313,45.2136867,,5739.00,0.788000,1.027000
Kepler-215 c,Kepler-215,4,Transit,2014,14.66710800000,0.1130000000,1.77000000,3.78000000,485.99700000,294.9735313,45.2136867,,5739.00,0.788000,1.027000
Kepler-215 d,Kepler-215,4,Transit,2014,30.86442300000,0.1850000000,2.39000000,23.60000000,485.99700000,294.9735313,45.2136867,,5739.00,0.788000,1.027000
Kepler-215 e,Kepler-215,4,Transit,2014,68.16101000000,0.3140000000,1.75000000,3.71000000,485.99700000,294.9735313,45.2136867,,5739.00,0.788000,1.027000
Kepler-216 b,Kepler-216,2,Transit,2014,7.69364100000,0.0790000000,2.35000000,6.12000000,1187.47000000,293.7280695,46.1291139,,6091.00,1.126000,1.260000
Kepler-216 c,Kepler-216,2,Transit,2014,17.40666900000,0.1360000000,3.04000000,9.48000000,1187.47000000,293.7280695,46.1291139,,6091.00,1.126000,1.260000
Kepler-217 b,Kepler-217,3,Transit,2014,5.37494300000,0.0650000000,2.23000000,5.60000000,1104.64000000,293.0377331,46.2775223,,6171.00,1.342000,1.799000
Kepler-217 c,Kepler-217,3,Transit,2014,8.58600400000,0.0890000000,1.85000000,4.08000000,1104.64000000,293.0377331,46.2775223,,6171.00,1.342000,1.799000
Kepler-217 d,Kepler-217,3,Transit,2016,3.88689525000,0.0534000000,1.32000000,2.30000000,1104.64000000,293.0377331,46.2775223,,6341.00,1.370000,1.760000
Kepler-218 b,Kepler-218,3,Transit,2014,3.61933700000,0.0460000000,1.48000000,2.79000000,656.38000000,295.4128785,46.2665801,,5502.00,1.019000,1.063000
Kepler-218 c,Kepler-218,3,Transit,2014,44.69957600000,0.2480000000,3.14000000,10.00000000,656.38000000,295.4128785,46.2665801,,5502.00,1.019000,1.063000
Kepler-218 d,Kepler-218,3,Transit,2016,124.52446470000,0.4988400000,2.66000000,7.56000000,656.38000000,295.4128785,46.2665801,,5542.00,1.010000,1.020000
Kepler-219 b,Kepler-219,3,Transit,2014,4.58551200000,0.0570000000,2.95000000,9.01000000,787.07000000,288.7389481,46.7625929,,5786.00,1.164000,1.491000
Kepler-219 c,Kepler-219,3,Transit,2014,22.71461300000,0.1650000000,3.58000000,12.50000000,787.07000000,288.7389481,46.7625929,,5786.00,1.164000,1.491000
Kepler-219 d,Kepler-219,3,Transit,2014,47.90364500000,0.2720000000,2.81000000,19.10000000,787.07000000,288.7389481,46.7625929,,5786.00,1.164000,1.491000
Kepler-22 b,Kepler-22,1,Transit,2011,289.86387600000,0.8120000000,2.10000000,9.10000000,194.64200000,289.2172051,47.8841427,G5 V,5596.00,0.857000,0.869000
Kepler-220 b,Kepler-220,4,Transit,2014,4.15980700000,0.0460000000,0.81000000,0.45700000,171.10900000,291.5060432,46.8956262,,4632.00,0.729000,0.666000
Kepler-220 c,Kepler-220,4,Transit,2014,9.03419900000,0.0760000000,1.57000000,3.09000000,171.10900000,291.5060432,46.8956262,,4632.00,0.729000,0.666000
Kepler-220 d,Kepler-220,4,Transit,2014,28.12239700000,0.1630000000,0.98000000,0.90400000,171.10900000,291.5060432,46.8956262,,4632.00,0.729000,0.666000
Kepler-220 e,Kepler-220,4,Transit,2014,45.90273300000,0.2260000000,1.33000000,2.33000000,171.10900000,291.5060432,46.8956262,,4632.00,0.729000,0.666000
Kepler-221 b,Kepler-221,4,Transit,2014,2.79590600000,0.0370000000,1.71000000,5.95575000,385.23100000,296.6547477,46.8352242,,5243.00,0.854000,0.821000
Kepler-221 c,Kepler-221,4,Transit,2014,5.69058600000,0.0590000000,2.93000000,9.30000000,385.23100000,296.6547477,46.8352242,,5243.00,0.854000,0.821000
Kepler-221 d,Kepler-221,4,Transit,2014,10.04156000000,0.0870000000,2.73000000,3.61000000,385.23100000,296.6547477,46.8352242,,5243.00,0.854000,0.821000
Kepler-221 e,Kepler-221,4,Transit,2014,18.36991700000,0.1300000000,2.63000000,7.86706000,385.23100000,296.6547477,46.8352242,,5243.00,0.854000,0.821000
Kepler-222 b,Kepler-222,3,Transit,2014,3.93698100000,0.0480000000,3.16000000,10.10000000,758.85400000,287.9060885,46.9377479,,5433.00,0.933000,0.869000
Kepler-222 c,Kepler-222,3,Transit,2014,10.08881000000,0.0910000000,4.64000000,19.40000000,758.85400000,287.9060885,46.9377479,,5433.00,0.933000,0.869000
Kepler-222 d,Kepler-222,3,Transit,2014,28.08191200000,0.1800000000,3.69000000,13.20000000,758.85400000,287.9060885,46.9377479,,5433.00,0.933000,0.869000
Kepler-223 b,Kepler-223,4,Transit,2014,7.38449000000,0.0752500000,2.99000000,7.40000000,1859.71000000,298.3183909,47.2794824,,5803.00,1.125000,1.720000
Kepler-223 c,Kepler-223,4,Transit,2014,9.84564000000,0.0911700000,3.44000000,5.10000000,1859.71000000,298.3183909,47.2794824,,5803.00,1.125000,1.720000
Kepler-223 d,Kepler-223,4,Transit,2014,14.78869000000,0.1195600000,5.24000000,8.00000000,1859.71000000,298.3183909,47.2794824,,5803.00,1.125000,1.720000
Kepler-223 e,Kepler-223,4,Transit,2014,19.72567000000,0.1448100000,4.60000000,4.80000000,1859.71000000,298.3183909,47.2794824,,5803.00,1.125000,1.720000
Kepler-224 b,Kepler-224,4,Transit,2014,3.13292400000,0.0380000000,1.39000000,2.51000000,782.08800000,290.9342679,47.3575414,,5018.00,0.777000,0.676000
Kepler-224 c,Kepler-224,4,Transit,2014,5.92500300000,0.0580000000,3.12000000,9.91000000,782.08800000,290.9342679,47.3575414,,5018.00,0.777000,0.676000
Kepler-224 d,Kepler-224,4,Transit,2014,11.34939300000,0.0890000000,2.30000000,5.90000000,782.08800000,290.9342679,47.3575414,,5018.00,0.777000,0.676000
Kepler-224 e,Kepler-224,4,Transit,2014,18.64357700000,0.1240000000,1.97000000,4.54000000,782.08800000,290.9342679,47.3575414,,5018.00,0.777000,0.676000
Kepler-225 b,Kepler-225,2,Transit,2014,6.73897500000,0.0560000000,1.20000000,1.87000000,561.10100000,292.1939846,47.4570808,M1 V,3682.00,0.593000,0.480000
Kepler-225 c,Kepler-225,2,Transit,2014,18.79423400000,0.1110000000,1.84000000,4.04000000,561.10100000,292.1939846,47.4570808,M1 V,3682.00,0.593000,0.480000
Kepler-226 b,Kepler-226,3,Transit,2014,3.94099700000,0.0470000000,1.55000000,24.00000000,980.13800000,292.3760942,47.8809596,,5571.00,0.904000,0.802000
Kepler-226 c,Kepler-226,3,Transit,2014,5.34955500000,0.0580000000,2.27000000,45.20000000,980.13800000,292.3760942,47.8809596,,5571.00,0.904000,0.802000
Kepler-226 d,Kepler-226,3,Transit,2014,8.10904400000,0.0760000000,1.22000000,1.98000000,980.13800000,292.3760942,47.8809596,,5571.00,0.904000,0.802000
Kepler-227 b,Kepler-227,2,Transit,2014,9.48801500000,0.0900000000,3.11000000,9.85000000,1083.06000000,291.9342748,48.1416760,,5854.00,0.954000,1.091000
Kepler-227 c,Kepler-227,2,Transit,2014,54.41869400000,0.2900000000,3.04000000,9.48000000,1083.06000000,291.9342748,48.1416760,,5854.00,0.954000,1.091000
Kepler-228 b,Kepler-228,3,Transit,2014,2.56654600000,0.0380000000,1.53000000,2.96000000,1644.61000000,296.2860853,48.2246328,,6043.00,1.006000,1.014000
Kepler-228 c,Kepler-228,3,Transit,2014,4.13444400000,0.0520000000,2.70000000,7.75000000,1644.61000000,296.2860853,48.2246328,,6043.00,1.006000,1.014000
Kepler-228 d,Kepler-228,3,Transit,2014,11.09428600000,0.1010000000,4.04000000,15.40000000,1644.61000000,296.2860853,48.2246328,,6043.00,1.006000,1.014000
Kepler-229 b,Kepler-229,3,Transit,2014,6.25297200000,0.0620000000,2.20000000,5.48000000,826.26500000,286.9994758,48.3757867,,5120.00,0.808000,0.728000
Kepler-229 c,Kepler-229,3,Transit,2014,16.06863800000,0.1170000000,4.92000000,21.50000000,826.26500000,286.9994758,48.3757867,,5120.00,0.808000,0.728000
Kepler-229 d,Kepler-229,3,Transit,2014,41.19491200000,0.2200000000,3.85000000,14.20000000,826.26500000,286.9994758,48.3757867,,5120.00,0.808000,0.728000
Kepler-23 b,Kepler-23,3,Transit,2011,7.10000000000,0.0721200000,1.63800000,2.56000000,835.75600000,294.2189131,49.4792536,,5828.00,1.078000,1.548000
Kepler-23 c,Kepler-23,3,Transit,2011,10.74000000000,0.0950100000,3.00500000,7.81000000,835.75600000,294.2189131,49.4792536,,5828.00,1.078000,1.548000
Kepler-23 d,Kepler-23,3,Transit,2014,15.27000000000,0.1201200000,2.20600000,4.44000000,835.75600000,294.2189131,49.4792536,,5828.00,1.078000,1.548000
Kepler-230 b,Kepler-230,2,Transit,2014,32.62555500000,0.1910000000,4.26000000,16.80000000,740.75400000,285.7185682,48.5058038,,5588.00,0.784000,0.817000
Kepler-230 c,Kepler-230,2,Transit,2014,91.77324200000,0.3800000000,2.04000000,4.82000000,740.75400000,285.7185682,48.5058038,,5588.00,0.784000,0.817000
Kepler-231 b,Kepler-231,2,Transit,2014,10.06527500000,0.0740000000,1.73000000,35.40000000,316.61800000,293.9733913,50.5318460,M1 V,3767.00,0.580000,0.490000
Kepler-231 c,Kepler-231,2,Transit,2014,19.27156600000,0.1140000000,1.93000000,24.10000000,316.61800000,293.9733913,50.5318460,M1 V,3767.00,0.580000,0.490000
Kepler-232 b,Kepler-232,2,Transit,2014,4.43122200000,0.0540000000,3.08000000,9.69000000,1349.13000000,295.8161668,51.1217249,,5847.00,0.970000,0.968000
Kepler-232 c,Kepler-232,2,Transit,2014,11.37934900000,0.1010000000,3.83000000,14.00000000,1349.13000000,295.8161668,51.1217249,,5847.00,0.970000,0.968000
Kepler-233 b,Kepler-233,2,Transit,2014,8.47238200000,0.0770000000,2.43000000,6.48000000,856.41700000,296.3665054,51.3194548,,5360.00,0.855000,0.758000
Kepler-233 c,Kepler-233,2,Transit,2014,60.41895500000,0.2870000000,2.71000000,7.80000000,856.41700000,296.3665054,51.3194548,,5360.00,0.855000,0.758000
Kepler-234 b,Kepler-234,2,Transit,2014,2.71150600000,0.0400000000,3.70000000,13.20000000,1733.10000000,291.6535379,38.4946597,,6224.00,1.129000,1.113000
Kepler-234 c,Kepler-234,2,Transit,2014,7.21205000000,0.0770000000,3.51000000,12.10000000,1733.10000000,291.6535379,38.4946597,,6224.00,1.129000,1.113000
Kepler-235 b,Kepler-235,4,Transit,2014,3.34022200000,0.0370000000,2.23000000,5.60000000,428.01800000,286.0790779,39.2782370,M0 V,4255.00,0.581000,0.554000
Kepler-235 c,Kepler-235,4,Transit,2014,7.82490400000,0.0650000000,1.28000000,2.18000000,428.01800000,286.0790779,39.2782370,M0 V,4255.00,0.581000,0.554000
Kepler-235 d,Kepler-235,4,Transit,2014,20.06054800000,0.1220000000,2.05000000,4.86000000,428.01800000,286.0790779,39.2782370,M0 V,4255.00,0.581000,0.554000
Kepler-235 e,Kepler-235,4,Transit,2014,46.18366900000,0.2130000000,2.22000000,5.56000000,428.01800000,286.0790779,39.2782370,M0 V,4255.00,0.581000,0.554000
Kepler-236 b,Kepler-236,2,Transit,2014,8.29561100000,0.0650000000,1.57000000,3.09000000,288.76300000,283.8664285,39.8981928,M1 V,3750.00,0.596005,0.510000
Kepler-236 c,Kepler-236,2,Transit,2014,23.96812700000,0.1320000000,2.00000000,4.66000000,288.76300000,283.8664285,39.8981928,M1 V,3750.00,0.596005,0.510000
Kepler-237 b,Kepler-237,2,Transit,2014,4.71510600000,0.0500000000,1.41000000,2.57000000,657.82200000,283.2213438,40.4217620,,4861.00,0.696000,0.725000
Kepler-237 c,Kepler-237,2,Transit,2014,8.10363600000,0.0710000000,2.08000000,4.98000000,657.82200000,283.2213438,40.4217620,,4861.00,0.696000,0.725000
Kepler-238 b,Kepler-238,5,Transit,2014,2.09087600000,0.0340000000,1.73000000,3305.02000000,1798.75000000,287.8971066,40.6378141,,5751.00,1.229000,1.430000
Kepler-238 c,Kepler-238,5,Transit,2014,6.15555700000,0.0690000000,2.39000000,152.52200000,1798.75000000,287.8971066,40.6378141,,5751.00,1.229000,1.430000
Kepler-238 d,Kepler-238,5,Transit,2014,13.23354900000,0.1150000000,3.07000000,23.10000000,1798.75000000,287.8971066,40.6378141,,5751.00,1.229000,1.430000
Kepler-238 e,Kepler-238,5,Transit,2013,23.65400000000,0.1728600000,5.60000000,169.70000000,1798.75000000,287.8971066,40.6378141,,5800.00,1.060000,0.960000
Kepler-238 f,Kepler-238,5,Transit,2013,50.44700000000,0.2863500000,2.00000000,13.50000000,1798.75000000,287.8971066,40.6378141,,5800.00,1.060000,0.960000
Kepler-239 b,Kepler-239,2,Transit,2014,11.76305100000,0.0950000000,2.33000000,6.04000000,648.10900000,294.2020505,40.6633313,,4914.00,0.757000,0.763000
Kepler-239 c,Kepler-239,2,Transit,2014,56.22809800000,0.2680000000,2.51000000,6.85000000,648.10900000,294.2020505,40.6633313,,4914.00,0.757000,0.763000
Kepler-24 b,Kepler-24,4,Transit,2011,8.14000000000,0.0804500000,2.34800000,11.14000000,1156.81000000,290.4132621,38.3437283,,6028.00,1.060000,1.099000
Kepler-24 c,Kepler-24,4,Transit,2011,12.33000000000,0.1061200000,2.51400000,9.99000000,1156.81000000,290.4132621,38.3437283,,6028.00,1.060000,1.099000
Kepler-24 d,Kepler-24,4,Transit,2014,4.24438400000,0.0510000000,1.67000000,293.95900000,1156.81000000,290.4132621,38.3437283,,5897.00,1.046000,1.289000
Kepler-24 e,Kepler-24,4,Transit,2014,18.99835500000,0.1380000000,2.78000000,26.21180000,1156.81000000,290.4132621,38.3437283,,5897.00,1.046000,1.289000
Kepler-240 b,Kepler-240,2,Transit,2014,4.14449500000,0.0480000000,1.37000000,2.45000000,746.92700000,291.1587635,40.7502108,,4985.00,0.868000,0.739000
Kepler-240 c,Kepler-240,2,Transit,2014,7.95352800000,0.0740000000,2.20000000,102.30000000,746.92700000,291.1587635,40.7502108,,4985.00,0.868000,0.739000
Kepler-241 b,Kepler-241,2,Transit,2014,12.71809200000,0.0940000000,2.33000000,6.04000000,512.00000000,292.9131121,41.0609786,,4699.00,0.671000,0.668000
Kepler-241 c,Kepler-241,2,Transit,2014,36.06597800000,0.1890000000,2.57000000,7.13000000,512.00000000,292.9131121,41.0609786,,4699.00,0.671000,0.668000
Kepler-242 b,Kepler-242,2,Transit,2014,8.20395000000,0.0750000000,2.61000000,7.32000000,600.24100000,286.5656932,41.8084168,,5020.00,0.748000,0.850000
Kepler-242 c,Kepler-242,2,Transit,2014,14.49648100000,0.1090000000,2.00000000,4.66000000,600.24100000,286.5656932,41.8084168,,5020.00,0.748000,0.850000
Kepler-243 b,Kepler-243,2,Transit,2014,5.71544200000,0.0620000000,2.45000000,6.57000000,693.86000000,285.1104819,42.0339619,,5228.00,0.904000,0.842000
Kepler-243 c,Kepler-243,2,Transit,2014,20.02621800000,0.1420000000,1.99000000,4.62000000,693.86000000,285.1104819,42.0339619,,5228.00,0.904000,0.842000
Kepler-244 b,Kepler-244,3,Transit,2014,4.31179200000,0.0500000000,2.76000000,8.05000000,1036.49000000,287.2426410,42.3014185,,5554.00,0.933000,0.803000
Kepler-244 c,Kepler-244,3,Transit,2014,9.76729200000,0.0870000000,2.05000000,4.86000000,1036.49000000,287.2426410,42.3014185,,5554.00,0.933000,0.803000
Kepler-244 d,Kepler-244,3,Transit,2014,20.05040100000,0.1400000000,2.31000000,15.20000000,1036.49000000,287.2426410,42.3014185,,5554.00,0.933000,0.803000
Kepler-245 b,Kepler-245,4,Transit,2014,7.49019000000,0.0710000000,2.57000000,146.78000000,861.52700000,291.6389972,42.4363482,,5100.00,0.856000,0.795000
Kepler-245 c,Kepler-245,4,Transit,2014,17.46081200000,0.1240000000,2.18000000,26.70000000,861.52700000,291.6389972,42.4363482,,5100.00,0.856000,0.795000
Kepler-245 d,Kepler-245,4,Transit,2014,36.27710800000,0.2020000000,3.03000000,21.60000000,861.52700000,291.6389972,42.4363482,,5100.00,0.856000,0.795000
Kepler-245 e,Kepler-245,4,Transit,2016,3.21982105600,0.0405300000,1.75000000,1806.36000000,861.52700000,291.6389972,42.4363482,,5174.00,0.860000,0.800000
Kepler-246 b,Kepler-246,2,Transit,2014,4.60182000000,0.0520000000,2.34000000,6.08000000,626.07800000,296.4834007,42.6633806,,5206.00,0.853000,0.831000
Kepler-246 c,Kepler-246,2,Transit,2014,11.18716100000,0.0950000000,1.50000000,2.86000000,626.07800000,296.4834007,42.6633806,,5206.00,0.853000,0.831000
Kepler-247 b,Kepler-247,3,Transit,2014,3.33616000000,0.0420000000,1.64000000,3.33000000,663.71100000,288.6425609,43.0393769,,5100.00,0.887000,0.768000
Kepler-247 c,Kepler-247,3,Transit,2014,9.43945200000,0.0840000000,4.09000000,15.70000000,663.71100000,288.6425609,43.0393769,,5100.00,0.887000,0.768000
Kepler-247 d,Kepler-247,3,Transit,2014,20.47791200000,0.1400000000,3.94000000,14.70000000,663.71100000,288.6425609,43.0393769,,5100.00,0.887000,0.768000
Kepler-248 b,Kepler-248,2,Transit,2014,6.30820500000,0.0660000000,3.02000000,9.38000000,738.79200000,293.0613138,43.5813577,,5190.00,0.838000,0.831000
Kepler-248 c,Kepler-248,2,Transit,2014,16.23949400000,0.1230000000,4.07000000,15.60000000,738.79200000,293.0613138,43.5813577,,5190.00,0.838000,0.831000
Kepler-249 b,Kepler-249,3,Transit,2014,3.30653900000,0.0350000000,1.09000000,1.32000000,190.40100000,296.9853002,43.6586043,M2 V,3568.00,0.510238,0.482000
Kepler-249 c,Kepler-249,3,Transit,2014,7.11370200000,0.0580000000,1.51000000,2.89000000,190.40100000,296.9853002,43.6586043,M2 V,3568.00,0.510238,0.482000
Kepler-249 d,Kepler-249,3,Transit,2014,15.36845900000,0.0970000000,1.57000000,3.09000000,190.40100000,296.9853002,43.6586043,M2 V,3568.00,0.510238,0.482000
Kepler-25 b,Kepler-25,3,Transit,2011,6.23829700000,0.0695000000,2.74800000,8.70000000,243.24900000,286.6383905,39.4879038,F8,6354.00,1.165000,1.316000
Kepler-25 c,Kepler-25,3,Transit,2011,12.72070000000,0.1117000000,5.21700000,15.20000000,243.24900000,286.6383905,39.4879038,F8,6354.00,1.165000,1.316000
Kepler-25 d,Kepler-25,3,Radial Velocity,2014,122.40000000000,0.4164221832,10.00000000,71.90000000,243.24900000,286.6383905,39.4879038,F8,6354.00,1.165000,1.316000
Kepler-250 b,Kepler-250,3,Transit,2014,4.14814100000,0.0480000000,1.13000000,1.51000000,760.58500000,289.5947633,44.1418114,,5160.00,0.806000,0.805000
Kepler-250 c,Kepler-250,3,Transit,2014,7.15680400000,0.0690000000,2.28000000,5.82000000,760.58500000,289.5947633,44.1418114,,5160.00,0.806000,0.805000
Kepler-250 d,Kepler-250,3,Transit,2014,17.64831200000,0.1270000000,2.18000000,5.39000000,760.58500000,289.5947633,44.1418114,,5160.00,0.806000,0.805000
Kepler-251 b,Kepler-251,4,Transit,2014,4.79093600000,0.0530000000,1.33000000,2.33000000,924.62500000,296.5662171,44.1058077,,5526.00,0.891000,0.890000
Kepler-251 c,Kepler-251,4,Transit,2014,16.51404300000,0.1220000000,2.77000000,8.10000000,924.62500000,296.5662171,44.1058077,,5526.00,0.891000,0.890000
Kepler-251 d,Kepler-251,4,Transit,2014,30.13300100000,0.1820000000,2.77000000,8.10000000,924.62500000,296.5662171,44.1058077,,5526.00,0.891000,0.890000
Kepler-251 e,Kepler-251,4,Transit,2014,99.64016100000,0.4040000000,2.77000000,8.10000000,924.62500000,296.5662171,44.1058077,,5526.00,0.891000,0.890000
Kepler-252 b,Kepler-252,2,Transit,2014,6.66839100000,0.0580000000,1.23000000,2.04000000,379.42400000,295.5793290,44.5459052,M0 V,4208.00,0.610000,0.549000
Kepler-252 c,Kepler-252,2,Transit,2014,10.84846300000,0.0800000000,2.15000000,5.27000000,379.42400000,295.5793290,44.5459052,M0 V,4208.00,0.610000,0.549000
Kepler-253 b,Kepler-253,3,Transit,2014,3.78398600000,0.0460000000,1.63000000,3.29000000,838.59500000,291.8419337,44.8581240,,5208.00,0.860000,0.786000
Kepler-253 c,Kepler-253,3,Transit,2014,10.28195100000,0.0890000000,2.65000000,7.51000000,838.59500000,291.8419337,44.8581240,,5208.00,0.860000,0.786000
Kepler-253 d,Kepler-253,3,Transit,2014,18.11986900000,0.1300000000,3.17000000,10.20000000,838.59500000,291.8419337,44.8581240,,5208.00,0.860000,0.786000
Kepler-254 b,Kepler-254,3,Transit,2014,5.82666200000,0.0640000000,3.87000000,14.30000000,1389.48000000,288.1646541,45.8164257,,5957.00,0.849000,0.910000
Kepler-254 c,Kepler-254,3,Transit,2014,12.41218300000,0.1050000000,2.15000000,3.20000000,1389.48000000,288.1646541,45.8164257,,5957.00,0.849000,0.910000
Kepler-254 d,Kepler-254,3,Transit,2014,18.74647700000,0.1390000000,2.50000000,6.80000000,1389.48000000,288.1646541,45.8164257,,5957.00,0.849000,0.910000
Kepler-255 b,Kepler-255,3,Transit,2014,5.71460600000,0.0630000000,1.55000000,3.02000000,1052.53000000,296.0642702,45.9767647,,5573.00,0.867000,0.933000
Kepler-255 c,Kepler-255,3,Transit,2014,9.94604700000,0.0920000000,2.99000000,9.22000000,1052.53000000,296.0642702,45.9767647,,5573.00,0.867000,0.933000
Kepler-255 d,Kepler-255,3,Transit,2016,1.04562265800,0.0192000000,1.32000000,2.30000000,1052.53000000,296.0642702,45.9767647,,5431.00,0.900000,0.860000
Kepler-256 b,Kepler-256,4,Transit,2014,1.62049300000,0.0270000000,1.59000000,3.15000000,1026.43000000,292.5804200,46.0973588,,5551.00,1.037000,1.301000
Kepler-256 c,Kepler-256,4,Transit,2014,3.38802000000,0.0450000000,2.15000000,5.27000000,1026.43000000,292.5804200,46.0973588,,5551.00,1.037000,1.301000
Kepler-256 d,Kepler-256,4,Transit,2014,5.83917200000,0.0640000000,2.48000000,6.71000000,1026.43000000,292.5804200,46.0973588,,5551.00,1.037000,1.301000
Kepler-256 e,Kepler-256,4,Transit,2014,10.68157200000,0.0960000000,2.35000000,6.12000000,1026.43000000,292.5804200,46.0973588,,5551.00,1.037000,1.301000
Kepler-257 b,Kepler-257,3,Transit,2014,2.38266700000,0.0340000000,2.61000000,7.32000000,780.25600000,297.3159994,46.0232642,,5180.00,0.916000,1.037000
Kepler-257 c,Kepler-257,3,Transit,2014,6.58148400000,0.0660000000,5.41000000,25.20000000,780.25600000,297.3159994,46.0232642,,5180.00,0.916000,1.037000
Kepler-257 d,Kepler-257,3,Transit,2014,24.66455100000,0.1600000000,4.95000000,21.70000000,780.25600000,297.3159994,46.0232642,,5180.00,0.916000,1.037000
Kepler-258 b,Kepler-258,2,Transit,2014,13.19722000000,0.1030000000,4.06000000,15.50000000,575.98800000,294.0684116,46.5791357,,4942.00,0.820000,0.915000
Kepler-258 c,Kepler-258,2,Transit,2014,33.65307900000,0.1930000000,3.61000000,12.70000000,575.98800000,294.0684116,46.5791357,,4942.00,0.820000,0.915000
Kepler-259 b,Kepler-259,2,Transit,2014,8.11531700000,0.0790000000,2.80000000,8.25000000,1002.14000000,288.2119707,46.6150461,,5938.00,0.867000,0.898000
Kepler-259 c,Kepler-259,2,Transit,2014,36.92493100000,0.2170000000,2.70000000,7.75000000,1002.14000000,288.2119707,46.6150461,,5938.00,0.867000,0.898000
Kepler-26 b,Kepler-26,4,Transit,2011,12.28000000000,0.0855100000,2.78000000,5.12000000,335.30700000,284.9410627,46.5664505,M0 V,3914.00,0.544000,0.512000
Kepler-26 c,Kepler-26,4,Transit,2011,17.25590000000,0.1072500000,2.72000000,6.20000000,335.30700000,284.9410627,46.5664505,M0 V,3914.00,0.544000,0.512000
Kepler-26 d,Kepler-26,4,Transit,2014,3.54391900000,0.0390000000,1.07000000,1.24000000,335.30700000,284.9410627,46.5664505,M0 V,4486.00,0.593000,0.571000
Kepler-26 e,Kepler-26,4,Transit,2014,46.82791500000,0.2200000000,2.41000000,6.39000000,335.30700000,284.9410627,46.5664505,M0 V,4486.00,0.593000,0.571000
Kepler-260 b,Kepler-260,2,Transit,2014,8.18739900000,0.0750000000,2.01000000,4.70000000,627.36500000,291.9259658,38.0140525,,5250.00,1.013000,0.862000
Kepler-260 c,Kepler-260,2,Transit,2014,76.05017800000,0.3320000000,1.74000000,3.68000000,627.36500000,291.9259658,38.0140525,,5250.00,1.013000,0.862000
Kepler-261 b,Kepler-261,2,Transit,2014,10.38122700000,0.0880000000,2.18000000,5.39000000,317.49900000,291.3647333,37.6092390,,5098.00,0.834000,0.794000
Kepler-261 c,Kepler-261,2,Transit,2014,24.57085800000,0.1560000000,2.00000000,4.66000000,317.49900000,291.3647333,37.6092390,,5098.00,0.834000,0.794000
Kepler-262 b,Kepler-262,2,Transit,2014,13.06085500000,0.1080000000,1.36000000,2.42000000,613.12900000,290.7287168,37.2526575,,5841.00,0.816000,0.881000
Kepler-262 c,Kepler-262,2,Transit,2014,21.85372200000,0.1520000000,1.64000000,3.33000000,613.12900000,290.7287168,37.2526575,,5841.00,0.816000,0.881000
Kepler-263 b,Kepler-263,2,Transit,2014,16.56808700000,0.1200000000,2.67000000,7.61000000,754.74700000,292.4698022,37.5677941,,5265.00,0.793000,0.785000
Kepler-263 c,Kepler-263,2,Transit,2014,47.33277300000,0.2420000000,2.47000000,6.66000000,754.74700000,292.4698022,37.5677941,,5265.00,0.793000,0.785000
Kepler-264 b,Kepler-264,2,Transit,2014,40.80623100000,0.2490000000,3.33000000,11.10000000,942.17300000,292.0446280,37.3761861,,6158.00,1.426000,1.550000
Kepler-264 c,Kepler-264,2,Transit,2014,140.10126100000,0.5660000000,2.83000000,8.40000000,942.17300000,292.0446280,37.3761861,,6158.00,1.426000,1.550000
Kepler-265 b,Kepler-265,4,Transit,2014,6.84626200000,0.0690000000,1.86000000,4.12000000,1280.25000000,290.5104788,41.2447430,,5835.00,0.970000,1.103000
Kepler-265 c,Kepler-265,4,Transit,2014,17.02893700000,0.1270000000,2.63000000,7.41000000,1280.25000000,290.5104788,41.2447430,,5835.00,0.970000,1.103000
Kepler-265 d,Kepler-265,4,Transit,2014,43.13061700000,0.2360000000,2.49000000,6.76000000,1280.25000000,290.5104788,41.2447430,,5835.00,0.970000,1.103000
Kepler-265 e,Kepler-265,4,Transit,2014,67.83102400000,0.3190000000,2.59000000,7.22000000,1280.25000000,290.5104788,41.2447430,,5835.00,0.970000,1.103000
Kepler-266 b,Kepler-266,2,Transit,2014,6.61833000000,0.0710000000,2.48000000,6.71000000,1370.79000000,294.4843821,44.1669355,,5885.00,0.947000,1.028000
Kepler-266 c,Kepler-266,2,Transit,2014,107.72360100000,0.4570000000,3.89000000,14.40000000,1370.79000000,294.4843821,44.1669355,,5885.00,0.947000,1.028000
Kepler-267 b,Kepler-267,3,Transit,2014,3.35372800000,0.0370000000,1.98000000,37.90000000,264.99300000,299.8305655,47.1575741,M1 V,4258.00,0.541571,0.555000
Kepler-267 c,Kepler-267,3,Transit,2014,6.87745000000,0.0600000000,2.13000000,5.18000000,264.99300000,299.8305655,47.1575741,M1 V,4258.00,0.541571,0.555000
Kepler-267 d,Kepler-267,3,Transit,2014,28.46451500000,0.1540000000,2.27000000,5.77000000,264.99300000,299.8305655,47.1575741,M1 V,4258.00,0.541571,0.555000
Kepler-268 b,Kepler-268,2,Transit,2014,25.93413800000,0.1800000000,2.55000000,7.04000000,851.87000000,291.9761559,38.0550327,,6081.00,1.109000,1.274000
Kepler-268 c,Kepler-268,2,Transit,2014,83.44639300000,0.3910000000,3.38000000,11.40000000,851.87000000,291.9761559,38.0550327,,6081.00,1.109000,1.274000
Kepler-269 b,Kepler-269,2,Transit,2014,5.32671800000,0.0610000000,2.47000000,6.66000000,2257.32000000,290.2151459,41.7759810,,5847.00,0.920000,0.959000
Kepler-269 c,Kepler-269,2,Transit,2014,8.12789900000,0.0810000000,1.69000000,3.50000000,2257.32000000,290.2151459,41.7759810,,5847.00,0.920000,0.959000
Kepler-27 b,Kepler-27,3,Transit,2011,15.33480000000,0.1180000000,4.00000000,2895.31000000,1044.36000000,292.2367608,41.0858710,,5400.00,0.650000,0.590000
Kepler-27 c,Kepler-27,3,Transit,2011,31.33090000000,0.1910000000,4.90000000,4385.87000000,1044.36000000,292.2367608,41.0858710,,5400.00,0.650000,0.590000
Kepler-27 d,Kepler-27,3,Transit,2021,6.54628992100,0.0657800000,2.70619460,7.78000000,1044.36000000,292.2367608,41.0858710,,5251.00,0.926000,0.817000
Kepler-270 b,Kepler-270,2,Transit,2014,11.47609400000,0.1070000000,2.01000000,4.70000000,948.78100000,282.2001207,44.4222795,,6067.00,1.170000,1.461000
Kepler-270 c,Kepler-270,2,Transit,2014,25.26288700000,0.1800000000,1.77000000,3.78000000,948.78100000,282.2001207,44.4222795,,6067.00,1.170000,1.461000
Kepler-271 b,Kepler-271,3,Transit,2014,10.43547805000,0.0878400000,1.23000000,2.04000000,404.54200000,283.0029316,44.2841080,,5555.00,0.900000,0.870000
Kepler-271 c,Kepler-271,3,Transit,2014,7.41086267000,0.0699300000,0.95000000,0.80900000,404.54200000,283.0029316,44.2841080,,5555.00,0.900000,0.870000
Kepler-271 d,Kepler-271,3,Transit,2016,5.24972541000,0.0555400000,0.66000000,0.21900000,404.54200000,283.0029316,44.2841080,,5555.00,0.900000,0.870000
Kepler-272 b,Kepler-272,3,Transit,2014,2.97135300000,0.0380000000,1.43000000,78.00000000,889.60800000,299.1275257,47.5938319,,5297.00,0.910000,0.929000
Kepler-272 c,Kepler-272,3,Transit,2014,6.05734200000,0.0610000000,1.79000000,97.80000000,889.60800000,299.1275257,47.5938319,,5297.00,0.910000,0.929000
Kepler-272 d,Kepler-272,3,Transit,2014,10.93730400000,0.0910000000,2.25000000,5.69000000,889.60800000,299.1275257,47.5938319,,5297.00,0.910000,0.929000
Kepler-273 b,Kepler-273,2,Transit,2014,2.93653200000,0.0370000000,1.50000000,2.86000000,713.96400000,291.3021458,47.6976573,,5626.00,0.756000,0.815000
Kepler-273 c,Kepler-273,2,Transit,2014,8.01492700000,0.0730000000,1.98000000,4.58000000,713.96400000,291.3021458,47.6976573,,5626.00,0.756000,0.815000
Kepler-274 b,Kepler-274,2,Transit,2014,11.63478800000,0.1010000000,1.54000000,2.99000000,1333.62000000,292.9227926,38.4772173,,6023.00,0.883000,1.007000
Kepler-274 c,Kepler-274,2,Transit,2014,33.19786100000,0.2040000000,1.84000000,4.04000000,1333.62000000,292.9227926,38.4772173,,6023.00,0.883000,1.007000
Kepler-275 b,Kepler-275,3,Transit,2014,10.30068200000,0.0980000000,2.34000000,6.08000000,2034.25000000,292.4797004,38.5149018,,6165.00,1.189000,1.383000
Kepler-275 c,Kepler-275,3,Transit,2014,16.08813400000,0.1320000000,3.38000000,11.40000000,2034.25000000,292.4797004,38.5149018,,6165.00,1.189000,1.383000
Kepler-275 d,Kepler-275,3,Transit,2014,35.67606200000,0.2240000000,3.33000000,11.10000000,2034.25000000,292.4797004,38.5149018,,6165.00,1.189000,1.383000
Kepler-276 b,Kepler-276,3,Transit,2014,14.12841000000,0.1190000000,2.87000000,731.20900000,1144.86000000,293.5681970,39.0363123,,6105.00,0.845000,1.046000
Kepler-276 c,Kepler-276,3,Transit,2013,31.88400000000,0.1861900000,2.90000000,16.60000000,1144.86000000,293.5681970,39.0363123,,5693.00,1.100000,1.030000
Kepler-276 d,Kepler-276,3,Transit,2013,48.64800000000,0.2466600000,2.80000000,16.30000000,1144.86000000,293.5681970,39.0363123,,5693.00,1.100000,1.030000
Kepler-277 b,Kepler-277,2,Transit,2013,17.32400000000,0.1416800000,2.92000000,87.30000000,976.64300000,286.5831894,39.0772582,,5946.00,1.120000,1.690000
Kepler-277 c,Kepler-277,2,Transit,2013,33.00600000000,0.2178100000,3.36000000,64.20000000,976.64300000,286.5831894,39.0772582,,5946.00,1.120000,1.690000
Kepler-278 b,Kepler-278,2,Transit,2014,30.15560000000,0.2020000000,3.95500000,56.00000000,443.03000000,290.1072124,38.7022694,K2 III-IV,4965.00,1.227000,2.861000
Kepler-278 c,Kepler-278,2,Transit,2014,51.11100000000,0.2870000000,3.26800000,34.90000000,443.03000000,290.1072124,38.7022694,K2 III-IV,4965.00,1.227000,2.861000
Kepler-279 b,Kepler-279,4,Transit,2014,12.30968100000,0.1120000000,3.62000000,4180.93000000,1037.40000000,287.3912950,42.1948220,,6363.00,1.200000,1.746000
Kepler-279 c,Kepler-279,4,Transit,2013,35.73600000000,0.2236000000,4.30000000,49.40000000,1037.40000000,287.3912950,42.1948220,,6689.45,1.100000,1.070000
Kepler-279 d,Kepler-279,4,Transit,2013,54.41400000000,0.2901000000,3.10000000,37.50000000,1037.40000000,287.3912950,42.1948220,,6689.45,1.100000,1.070000
Kepler-279 e,Kepler-279,4,Transit,2025,98.35310000000,0.4390000000,4.13000000,56.00000000,1037.40000000,287.3912950,42.1948220,,6689.45,1.164000,1.430000
Kepler-28 b,Kepler-28,2,Transit,2011,5.91000000000,0.0568700000,1.95900000,1.63000000,438.35900000,292.1370409,42.4294835,M0 V,4499.30,0.684000,0.664000
Kepler-28 c,Kepler-28,2,Transit,2011,8.99000000000,0.0751900000,1.85700000,2.06000000,438.35900000,292.1370409,42.4294835,M0 V,4499.30,0.684000,0.664000
Kepler-280 b,Kepler-280,2,Transit,2014,2.13954200000,0.0320000000,1.45000000,2.70000000,780.36100000,291.3905325,42.1804735,,5744.00,0.962000,0.886000
Kepler-280 c,Kepler-280,2,Transit,2014,4.80709100000,0.0560000000,2.01000000,4.70000000,780.36100000,291.3905325,42.1804735,,5744.00,0.962000,0.886000
Kepler-281 b,Kepler-281,3,Transit,2014,14.64600800000,0.1170000000,2.82000000,324.00000000,1745.45000000,294.1081465,44.7706524,,5723.00,0.950000,0.899000
Kepler-281 c,Kepler-281,3,Transit,2014,36.33737300000,0.2150000000,5.31000000,161.12400000,1745.45000000,294.1081465,44.7706524,,5723.00,0.950000,0.899000
Kepler-281 d,Kepler-281,3,Transit,2021,148.27200320000,0.5456000000,5.93747806,654.00000000,1745.45000000,294.1081465,44.7706524,,5717.00,0.984000,0.884000
Kepler-282 b,Kepler-282,4,Transit,2014,9.22052400000,0.0820000000,1.01000000,1.01000000,1337.61000000,284.6772402,44.7976401,,5602.00,0.860000,0.904000
Kepler-282 c,Kepler-282,4,Transit,2014,13.63872300000,0.1060000000,1.20000000,1.87000000,1337.61000000,284.6772402,44.7976401,,5602.00,0.860000,0.904000
Kepler-282 d,Kepler-282,4,Transit,2013,24.80600000000,0.1583700000,2.46000000,61.00000000,1337.61000000,284.6772402,44.7976401,,5656.00,0.970000,0.890000
Kepler-282 e,Kepler-282,4,Transit,2013,44.34700000000,0.2333200000,3.10000000,56.20000000,1337.61000000,284.6772402,44.7976401,,5656.00,0.970000,0.890000
Kepler-283 b,Kepler-283,2,Transit,2014,11.00815100000,0.0820000000,2.13000000,5.18000000,468.09400000,293.6137413,47.8389380,,4351.00,0.596000,0.566000
Kepler-283 c,Kepler-283,2,Transit,2014,92.74371100000,0.3410000000,1.82000000,3.97000000,468.09400000,293.6137413,47.8389380,,4351.00,0.596000,0.566000
Kepler-284 b,Kepler-284,2,Transit,2014,12.69914900000,0.1040000000,2.24000000,5.65000000,1031.95000000,293.1465698,47.7297053,,5615.00,0.766000,0.814000
Kepler-284 c,Kepler-284,2,Transit,2014,37.51445600000,0.2130000000,2.61000000,7.32000000,1031.95000000,293.1465698,47.7297053,,5615.00,0.766000,0.814000
Kepler-285 b,Kepler-285,2,Transit,2014,2.63386700000,0.0360000000,1.34000000,2.36000000,824.31000000,291.3908469,48.0655392,,5411.00,0.915000,0.808000
Kepler-285 c,Kepler-285,2,Transit,2014,6.18667600000,0.0640000000,1.12000000,1.46000000,824.31000000,291.3908469,48.0655392,,5411.00,0.915000,0.808000
Kepler-286 b,Kepler-286,4,Transit,2014,1.79630200000,0.0270000000,1.24000000,2.07000000,1226.85000000,290.6761874,48.2942362,,5580.00,0.830000,0.863000
Kepler-286 c,Kepler-286,4,Transit,2014,3.46809500000,0.0420000000,1.37000000,2.45000000,1226.85000000,290.6761874,48.2942362,,5580.00,0.830000,0.863000
Kepler-286 d,Kepler-286,4,Transit,2014,5.91432300000,0.0610000000,1.33000000,2.33000000,1226.85000000,290.6761874,48.2942362,,5580.00,0.830000,0.863000
Kepler-286 e,Kepler-286,4,Transit,2014,29.22128900000,0.1760000000,1.77000000,3.78000000,1226.85000000,290.6761874,48.2942362,,5580.00,0.830000,0.863000
Kepler-287 b,Kepler-287,2,Transit,2014,20.34219900000,0.1450000000,2.33000000,83.00000000,835.86000000,290.9274282,48.4434588,K7 V,5806.00,0.963000,1.032000
Kepler-287 c,Kepler-287,2,Transit,2014,44.85189600000,0.2460000000,3.26000000,66.00000000,835.86000000,290.9274282,48.4434588,K7 V,5806.00,0.963000,1.032000
Kepler-288 b,Kepler-288,3,Transit,2014,6.09732600000,0.0650000000,1.67000000,3.43000000,1194.15000000,288.9163997,39.5947523,,5918.00,0.842000,1.091000
Kepler-288 c,Kepler-288,3,Transit,2014,19.30577200000,0.1400000000,2.85000000,8.50000000,1194.15000000,288.9163997,39.5947523,,5918.00,0.842000,1.091000
Kepler-288 d,Kepler-288,3,Transit,2014,56.63374200000,0.2870000000,2.67000000,7.61000000,1194.15000000,288.9163997,39.5947523,,5918.00,0.842000,1.091000
Kepler-289 b,Kepler-289,4,Transit,2014,34.53830000000,0.2118300000,2.49000000,3.70000000,704.43800000,297.4653351,42.8828517,,5990.00,1.080000,1.000000
Kepler-289 c,Kepler-289,4,Transit,2014,125.87230000000,0.5015500000,11.23000000,157.18000000,704.43800000,297.4653351,42.8828517,,5990.00,1.080000,1.000000
Kepler-289 d,Kepler-289,4,Transit,2014,66.02820000000,0.3300000000,3.03000000,5.33000000,704.43800000,297.4653351,42.8828517,,5990.00,1.080000,1.000000
Kepler-289 e,Kepler-289,4,Transit,2025,330.07160000000,0.9342000000,2.94000000,17.40000000,704.43800000,297.4653351,42.8828517,,5990.00,1.061000,0.985000
Kepler-29 b,Kepler-29,2,Transit,2011,10.33974000000,0.0848200000,2.55000000,5.00000000,832.53200000,298.3483820,47.4913021,,5378.00,0.761000,0.732000
Kepler-29 c,Kepler-29,2,Transit,2011,13.28613000000,0.1002700000,2.34000000,4.50000000,832.53200000,298.3483820,47.4913021,,5378.00,0.761000,0.732000
Kepler-290 b,Kepler-290,3,Transit,2014,14.58934700000,0.1100000000,2.25000000,5.69000000,694.62700000,286.4100307,42.6815137,,5147.00,0.756000,0.743000
Kepler-290 c,Kepler-290,3,Transit,2014,36.77031000000,0.2050000000,2.70000000,7.75000000,694.62700000,286.4100307,42.6815137,,5147.00,0.756000,0.743000
Kepler-290 d,Kepler-290,3,Transit,2023,0.76401755300,0.0154000000,0.86000000,0.56600000,694.62700000,286.4100307,42.6815137,,5142.00,0.840000,0.755000
Kepler-291 b,Kepler-291,2,Transit,2014,3.54651100000,0.0470000000,2.16000000,5.31000000,1786.48000000,287.9163029,42.4372666,,6002.00,1.023000,1.016000
Kepler-291 c,Kepler-291,2,Transit,2014,5.70078600000,0.0650000000,1.88000000,4.19000000,1786.48000000,287.9163029,42.4372666,,6002.00,1.023000,1.016000
Kepler-292 b,Kepler-292,5,Transit,2014,2.58082700000,0.0350000000,1.32000000,2.30000000,1056.48000000,295.7661979,42.4242822,,5299.00,0.865000,0.826000
Kepler-292 c,Kepler-292,5,Transit,2014,3.71533500000,0.0450000000,1.47000000,2.76000000,1056.48000000,295.7661979,42.4242822,,5299.00,0.865000,0.826000
Kepler-292 d,Kepler-292,5,Transit,2014,7.05567900000,0.0680000000,2.23000000,5.60000000,1056.48000000,295.7661979,42.4242822,,5299.00,0.865000,0.826000
Kepler-292 e,Kepler-292,5,Transit,2014,11.97901000000,0.0970000000,2.67000000,7.61000000,1056.48000000,295.7661979,42.4242822,,5299.00,0.865000,0.826000
Kepler-292 f,Kepler-292,5,Transit,2014,20.83423700000,0.1410000000,2.35000000,6.12000000,1056.48000000,295.7661979,42.4242822,,5299.00,0.865000,0.826000
Kepler-293 b,Kepler-293,2,Transit,2014,19.25419600000,0.1440000000,3.07000000,9.64000000,974.63300000,286.3580611,42.4064917,,5804.00,0.934000,0.957000
Kepler-293 c,Kepler-293,2,Transit,2014,54.15574300000,0.2860000000,3.83000000,14.00000000,974.63300000,286.3580611,42.4064917,,5804.00,0.934000,0.957000
Kepler-294 b,Kepler-294,2,Transit,2014,3.70121200000,0.0480000000,1.77000000,3.78000000,1357.01000000,287.3920392,46.0592578,,5913.00,0.947000,0.976000
Kepler-294 c,Kepler-294,2,Transit,2014,6.62640000000,0.0710000000,2.71000000,7.80000000,1357.01000000,287.3920392,46.0592578,,5913.00,0.947000,0.976000
Kepler-295 b,Kepler-295,3,Transit,2014,12.64516400000,0.0990000000,1.22000000,1.98000000,1699.19000000,285.3458383,45.3677754,,5603.00,0.890000,0.898000
Kepler-295 c,Kepler-295,3,Transit,2014,21.52625800000,0.1420000000,1.17000000,1.71000000,1699.19000000,285.3458383,45.3677754,,5603.00,0.890000,0.898000
Kepler-295 d,Kepler-295,3,Transit,2014,33.88405400000,0.1920000000,1.36000000,2.42000000,1699.19000000,285.3458383,45.3677754,,5603.00,0.890000,0.898000
Kepler-296 b,Kepler-296,5,Transit,2014,10.86438400000,0.0790000000,1.61000000,3.22000000,167.00000000,286.5400278,49.4372614,M2 V,3740.00,0.498000,0.480000
Kepler-296 c,Kepler-296,5,Transit,2014,5.84163660000,0.0521000000,2.00000000,4.66000000,167.00000000,286.5400278,49.4372614,M2 V,3740.00,0.498000,0.480000
Kepler-296 d,Kepler-296,5,Transit,2014,19.85029100000,0.1180000000,2.09000000,5.02000000,167.00000000,286.5400278,49.4372614,M2 V,3740.00,0.498000,0.480000
Kepler-296 e,Kepler-296,5,Transit,2014,34.14211000000,0.1690000000,1.53000000,2.96000000,167.00000000,286.5400278,49.4372614,M2 V,3740.00,0.498000,0.480000
Kepler-296 f,Kepler-296,5,Transit,2014,63.33627000000,0.2550000000,1.80000000,3.89000000,167.00000000,286.5400278,49.4372614,M2 V,3740.00,0.498000,0.480000
Kepler-297 b,Kepler-297,3,Transit,2014,38.87182600000,0.2170000000,2.87000000,48.50000000,692.14000000,283.2091605,48.7776156,,5619.00,0.927000,0.915000
Kepler-297 c,Kepler-297,3,Transit,2014,74.92013700000,0.3360000000,6.54000000,42.10000000,692.14000000,283.2091605,48.7776156,,5619.00,0.927000,0.915000
Kepler-297 d,Kepler-297,3,Transit,2023,150.01895110000,0.5230000000,32.60000000,,692.14000000,283.2091605,48.7776156,,5618.00,0.846000,0.897000
Kepler-298 b,Kepler-298,3,Transit,2014,10.47546400000,0.0800000000,1.96000000,4.50000000,518.20400000,283.0398448,48.8253303,,4465.00,0.660000,0.582000
Kepler-298 c,Kepler-298,3,Transit,2014,22.92881000000,0.1360000000,1.93000000,4.38000000,518.20400000,283.0398448,48.8253303,,4465.00,0.660000,0.582000
Kepler-298 d,Kepler-298,3,Transit,2014,77.47363300000,0.3050000000,2.50000000,6.80000000,518.20400000,283.0398448,48.8253303,,4465.00,0.660000,0.582000
Kepler-299 b,Kepler-299,4,Transit,2014,2.92712800000,0.0400000000,1.32000000,2.30000000,1052.24000000,283.2070156,48.5805222,,5617.00,1.004000,1.032000
Kepler-299 c,Kepler-299,4,Transit,2014,6.88587500000,0.0700000000,2.65000000,7.51000000,1052.24000000,283.2070156,48.5805222,,5617.00,1.004000,1.032000
Kepler-299 d,Kepler-299,4,Transit,2014,15.05478600000,0.1180000000,1.86000000,4.12000000,1052.24000000,283.2070156,48.5805222,,5617.00,1.004000,1.032000
Kepler-299 e,Kepler-299,4,Transit,2014,38.28548900000,0.2200000000,1.87000000,4.16000000,1052.24000000,283.2070156,48.5805222,,5617.00,1.004000,1.032000
Kepler-30 b,Kepler-30,3,Transit,2012,29.33434000000,0.1800000000,3.90000000,11.30000000,914.22100000,285.2836483,38.9472625,,5498.00,0.990000,0.950000
Kepler-30 c,Kepler-30,3,Transit,2012,60.32310500000,0.3000000000,12.30000000,640.00000000,914.22100000,285.2836483,38.9472625,,5498.00,0.990000,0.950000
Kepler-30 d,Kepler-30,3,Transit,2012,143.34394000000,0.5000000000,8.80000000,23.10000000,914.22100000,285.2836483,38.9472625,,5498.00,0.990000,0.950000
Kepler-300 b,Kepler-300,2,Transit,2014,10.44634700000,0.0940000000,1.67000000,3.43000000,1098.45000000,295.2886934,48.5997243,,5986.00,1.070000,0.900000
Kepler-300 c,Kepler-300,2,Transit,2014,40.71495500000,0.2320000000,2.25000000,5.69000000,1098.45000000,295.2886934,48.5997243,,5986.00,1.070000,0.900000
Kepler-301 b,Kepler-301,3,Transit,2014,2.50855300000,0.0360000000,1.35000000,2.39000000,719.16600000,283.9829040,49.2329512,,5815.00,1.022000,0.900000
Kepler-301 c,Kepler-301,3,Transit,2014,5.41902600000,0.0600000000,1.35000000,2.39000000,719.16600000,283.9829040,49.2329512,,5815.00,1.022000,0.900000
Kepler-301 d,Kepler-301,3,Transit,2014,13.75124300000,0.1120000000,1.75000000,3.71000000,719.16600000,283.9829040,49.2329512,,5815.00,1.022000,0.900000
Kepler-302 b,Kepler-302,2,Transit,2014,30.18410400000,0.1930000000,4.06000000,15.50000000,1402.58000000,294.3169307,43.6292436,,5740.00,1.021000,1.220000
Kepler-302 c,Kepler-302,2,Transit,2014,127.28218400000,0.5030000000,12.45000000,,1402.58000000,294.3169307,43.6292436,,5740.00,1.021000,1.220000
Kepler-303 b,Kepler-303,2,Transit,2014,1.93705500000,0.0240000000,0.89000000,0.64000000,209.73800000,283.1354742,43.6567036,M0 V,3944.00,0.575000,0.485000
Kepler-303 c,Kepler-303,2,Transit,2014,7.06114900000,0.0570000000,1.14000000,1.55000000,209.73800000,283.1354742,43.6567036,M0 V,3944.00,0.575000,0.485000
Kepler-304 b,Kepler-304,4,Transit,2014,3.29570900000,0.0390000000,2.86000000,8.55000000,434.68400000,294.4418031,40.5575408,,4731.00,0.737000,0.687000
Kepler-304 c,Kepler-304,4,Transit,2014,5.31594600000,0.0540000000,2.17000000,5.35000000,434.68400000,294.4418031,40.5575408,,4731.00,0.737000,0.687000
Kepler-304 d,Kepler-304,4,Transit,2014,9.65347100000,0.0800000000,2.75000000,8.00000000,434.68400000,294.4418031,40.5575408,,4731.00,0.737000,0.687000
Kepler-304 e,Kepler-304,4,Transit,2016,1.49914695300,0.0231700000,1.20000000,1.87000000,434.68400000,294.4418031,40.5575408,,4817.00,0.800000,0.730000
Kepler-305 b,Kepler-305,4,Transit,2013,5.48700000000,0.0574600000,3.60000000,10.50000000,868.47700000,299.2242557,40.3431670,,5080.00,0.760000,0.800000
Kepler-305 c,Kepler-305,4,Transit,2013,8.29100000000,0.0756800000,3.30000000,6.00000000,868.47700000,299.2242557,40.3431670,,5080.00,0.760000,0.800000
Kepler-305 d,Kepler-305,4,Transit,2014,16.74000000000,0.1209100000,2.76000000,6.20000000,868.47700000,299.2242557,40.3431670,,5090.00,0.827000,0.792000
Kepler-305 e,Kepler-305,4,Transit,2020,3.20538000000,0.0401700000,1.79381530,3.87000000,868.47700000,299.2242557,40.3431670,,4974.00,0.820000,0.827279
Kepler-306 b,Kepler-306,4,Transit,2014,4.64618600000,0.0500000000,1.52000000,2.92000000,775.67900000,288.5387145,40.6160545,,4954.00,0.750000,0.719000
Kepler-306 c,Kepler-306,4,Transit,2014,7.24019300000,0.0670000000,2.35000000,6.12000000,775.67900000,288.5387145,40.6160545,,4954.00,0.750000,0.719000
Kepler-306 d,Kepler-306,4,Transit,2014,17.32664400000,0.1200000000,2.47000000,6.66000000,775.67900000,288.5387145,40.6160545,,4954.00,0.750000,0.719000
Kepler-306 e,Kepler-306,4,Transit,2014,44.84097500000,0.2270000000,2.27000000,5.77000000,775.67900000,288.5387145,40.6160545,,4954.00,0.750000,0.719000
Kepler-307 b,Kepler-307,2,Transit,2013,10.42080000000,0.0935900000,2.43000000,7.44000000,575.58100000,297.7950939,40.4176403,,5367.00,0.907000,0.814000
Kepler-307 c,Kepler-307,2,Transit,2013,13.07290000000,0.1089600000,2.20000000,3.64000000,575.58100000,297.7950939,40.4176403,,5367.00,0.907000,0.814000
Kepler-308 b,Kepler-308,2,Transit,2014,9.69492800000,0.0900000000,2.12000000,5.14000000,1335.92000000,295.7852423,40.4395753,,5895.00,0.920000,0.941000
Kepler-308 c,Kepler-308,2,Transit,2014,15.38231000000,0.1230000000,2.16000000,5.31000000,1335.92000000,295.7852423,40.4395753,,5895.00,0.920000,0.941000
Kepler-309 b,Kepler-309,2,Transit,2014,5.92365300000,0.0590000000,1.56000000,3.05000000,544.56800000,297.5098911,46.9614121,M0 V,4713.00,0.816000,0.721000
Kepler-309 c,Kepler-309,2,Transit,2014,105.35638300000,0.4010000000,2.51000000,6.85000000,544.56800000,297.5098911,46.9614121,M0 V,4713.00,0.816000,0.721000
Kepler-31 b,Kepler-31,3,Transit,2011,20.86130000000,0.1600000000,5.50000000,36.74180000,1664.64000000,294.0230229,45.8530535,,6340.00,1.210000,1.220000
Kepler-31 c,Kepler-31,3,Transit,2011,42.63180000000,0.2600000000,5.30000000,1493.70000000,1664.64000000,294.0230229,45.8530535,,6340.00,1.210000,1.220000
Kepler-31 d,Kepler-31,3,Transit,2014,87.64510000000,0.4000000000,3.90000000,2161.24400000,1664.64000000,294.0230229,45.8530535,,6340.00,1.210000,1.220000
Kepler-310 b,Kepler-310,3,Transit,2014,13.93069800000,0.1110000000,1.19000000,1.81000000,602.26800000,288.8392780,46.9867472,,5797.00,0.854000,0.876000
Kepler-310 c,Kepler-310,3,Transit,2014,56.47542000000,0.2810000000,3.38000000,11.40000000,602.26800000,288.8392780,46.9867472,,5797.00,0.854000,0.876000
Kepler-310 d,Kepler-310,3,Transit,2014,92.87612500000,0.3920000000,2.47000000,7.00000000,602.26800000,288.8392780,46.9867472,,5797.00,0.854000,0.876000
Kepler-311 b,Kepler-311,3,Transit,2014,9.17609200000,0.0870000000,1.70000000,3.53000000,778.65400000,282.0612731,47.0854984,,5905.00,0.994000,1.188000
Kepler-311 c,Kepler-311,3,Transit,2014,19.73828600000,0.1450000000,1.43000000,2.63000000,778.65400000,282.0612731,47.0854984,,5905.00,0.994000,1.188000
Kepler-311 d,Kepler-311,3,Transit,2023,232.04032600000,0.7326000000,2.05000000,4.86000000,778.65400000,282.0612731,47.0854984,,5903.00,0.974000,1.156000
Kepler-312 b,Kepler-312,2,Transit,2014,1.77241900000,0.0310000000,1.29000000,2.21000000,797.72000000,298.3957687,42.4597712,,6115.00,1.314000,1.467000
Kepler-312 c,Kepler-312,2,Transit,2014,19.74741200000,0.1530000000,3.15000000,10.10000000,797.72000000,298.3957687,42.4597712,,6115.00,1.314000,1.467000
Kepler-313 b,Kepler-313,2,Transit,2014,14.97041800000,0.1250000000,2.53000000,6.94000000,1079.39524871,298.2948708,48.7754000,,5727.00,1.114000,1.536000
Kepler-313 c,Kepler-313,2,Transit,2014,32.27327300000,0.2080000000,2.57000000,7.13000000,1079.39524871,298.2948708,48.7754000,,5727.00,1.114000,1.536000
Kepler-314 b,Kepler-314,2,Transit,2014,2.46106900000,0.0350000000,0.83000000,0.49800000,268.88100000,294.6741507,42.0756037,,5378.00,0.990000,0.950000
Kepler-314 c,Kepler-314,2,Transit,2014,5.96039200000,0.0640000000,2.90000000,8.75000000,268.88100000,294.6741507,42.0756037,,5378.00,0.990000,0.950000
Kepler-315 b,Kepler-315,2,Transit,2014,96.10114100000,0.4020000000,3.77000000,13.70000000,1160.63000000,298.0230967,43.3634761,,5796.00,0.831000,1.037000
Kepler-315 c,Kepler-315,2,Transit,2014,265.46933500000,0.7910000000,4.15000000,16.10000000,1160.63000000,298.0230967,43.3634761,,5796.00,0.831000,1.037000
Kepler-316 b,Kepler-316,2,Transit,2014,2.24050800000,0.0270000000,1.06000000,1.20000000,384.93800000,290.8258350,44.1838993,,4204.00,0.587000,0.520000
Kepler-316 c,Kepler-316,2,Transit,2014,6.82776600000,0.0580000000,1.16000000,1.65000000,384.93800000,290.8258350,44.1838993,,4204.00,0.587000,0.520000
Kepler-317 b,Kepler-317,2,Transit,2014,5.52424200000,0.0610000000,2.09000000,109.80000000,940.58400000,294.9438822,39.0320499,,5497.00,0.865000,0.941000
Kepler-317 c,Kepler-317,2,Transit,2014,8.77501000000,0.0830000000,1.72000000,3.61000000,940.58400000,294.9438822,39.0320499,,5497.00,0.865000,0.941000
Kepler-318 b,Kepler-318,2,Transit,2014,4.66271500000,0.0560000000,4.71000000,19.90000000,489.14100000,298.4828337,46.7936357,,5746.00,1.073000,1.189000
Kepler-318 c,Kepler-318,2,Transit,2014,11.81500700000,0.1050000000,3.68000000,13.10000000,489.14100000,298.4828337,46.7936357,,5746.00,1.073000,1.189000
Kepler-319 b,Kepler-319,3,Transit,2014,4.36270500000,0.0510000000,1.63000000,3.29000000,503.43600000,288.8119782,39.7706431,,5526.00,0.933000,0.903000
Kepler-319 c,Kepler-319,3,Transit,2014,6.94135700000,0.0690000000,2.63000000,7.41000000,503.43600000,288.8119782,39.7706431,,5526.00,0.933000,0.903000
Kepler-319 d,Kepler-319,3,Transit,2014,31.78192500000,0.1910000000,2.29000000,5.86000000,503.43600000,288.8119782,39.7706431,,5526.00,0.933000,0.903000
Kepler-32 b,Kepler-32,5,Transit,2011,5.90124000000,0.0500000000,2.20000000,1303.00000000,323.84700000,297.8423073,46.5743595,M1 V,3900.00,0.580000,0.530000
Kepler-32 c,Kepler-32,5,Transit,2011,8.75220000000,0.0900000000,2.00000000,158.90000000,323.84700000,297.8423073,46.5743595,M1 V,3900.00,0.580000,0.530000
Kepler-32 d,Kepler-32,5,Transit,2012,22.78020000000,0.1300000000,2.70000000,67.48150000,323.84700000,297.8423073,46.5743595,M1 V,3900.00,0.580000,0.530000
Kepler-32 e,Kepler-32,5,Transit,2012,2.89600000000,0.0330000000,1.50000000,4.08181000,323.84700000,297.8423073,46.5743595,M1 V,3900.00,0.580000,0.530000
Kepler-32 f,Kepler-32,5,Transit,2012,0.74296000000,0.0130000000,0.82000000,969.22800000,323.84700000,297.8423073,46.5743595,M1 V,3900.00,0.580000,0.530000
Kepler-320 b,Kepler-320,2,Transit,2014,8.37155400000,0.0850000000,1.14000000,1.55000000,826.61300000,293.2135155,46.1751457,,6435.00,1.072000,1.108000
Kepler-320 c,Kepler-320,2,Transit,2014,17.93493700000,0.1420000000,1.37000000,2.45000000,826.61300000,293.2135155,46.1751457,,6435.00,1.072000,1.108000
Kepler-321 b,Kepler-321,2,Transit,2014,4.91537900000,0.0570000000,1.77000000,3.78000000,384.54200000,294.4536991,44.1457626,,5740.00,1.024000,1.194000
Kepler-321 c,Kepler-321,2,Transit,2014,13.09392100000,0.1100000000,2.32000000,5.99000000,384.54200000,294.4536991,44.1457626,,5740.00,1.024000,1.194000
Kepler-322 b,Kepler-322,2,Transit,2014,1.65388800000,0.0270000000,1.01000000,1.01000000,400.48000000,281.3487514,44.2952525,,5388.00,0.908000,0.890000
Kepler-322 c,Kepler-322,2,Transit,2014,4.33723400000,0.0510000000,1.67000000,3.43000000,400.48000000,281.3487514,44.2952525,,5388.00,0.908000,0.890000
Kepler-323 b,Kepler-323,2,Transit,2014,1.67832800000,0.0277800000,1.38100000,3.90000000,454.88300000,291.3822988,38.1274595,,6004.00,1.015000,1.120000
Kepler-323 c,Kepler-323,2,Transit,2014,3.55382290000,0.0458000000,1.57000000,6.80000000,454.88300000,291.3822988,38.1274595,,6004.00,1.015000,1.120000
Kepler-324 b,Kepler-324,4,Transit,2014,4.38531500000,0.0500000000,1.14000000,2414.40000000,501.57400000,286.4714473,49.6490933,,5194.00,0.901000,0.840000
Kepler-324 c,Kepler-324,4,Transit,2014,51.80561200000,0.2600000000,3.15000000,6.20000000,501.57400000,286.4714473,49.6490933,,5194.00,0.901000,0.840000
Kepler-324 e,Kepler-324,4,Transit,2021,13.97939968000,0.1097200000,2.03862444,235.01400000,501.57400000,286.4714473,49.6490933,,5191.00,0.844000,0.826000
Kepler-325 b,Kepler-325,3,Transit,2014,4.54443900000,0.0530000000,2.91000000,8.80000000,823.24200000,289.8354219,49.8256070,,5752.00,0.914000,1.003000
Kepler-325 c,Kepler-325,3,Transit,2014,12.76217200000,0.1050000000,2.54000000,6.99000000,823.24200000,289.8354219,49.8256070,,5752.00,0.914000,1.003000
Kepler-325 d,Kepler-325,3,Transit,2014,38.71518500000,0.2200000000,2.79000000,8.20000000,823.24200000,289.8354219,49.8256070,,5752.00,0.914000,1.003000
Kepler-326 b,Kepler-326,3,Transit,2014,2.24832900000,0.0320000000,1.52000000,44.60000000,487.67500000,294.3255898,46.0022646,,5105.00,0.910000,0.801000
Kepler-326 c,Kepler-326,3,Transit,2014,4.58035800000,0.0510000000,1.40000000,17.40000000,487.67500000,294.3255898,46.0022646,,5105.00,0.910000,0.801000
Kepler-326 d,Kepler-326,3,Transit,2014,6.76688800000,0.0660000000,1.21000000,6.90000000,487.67500000,294.3255898,46.0022646,,5105.00,0.910000,0.801000
Kepler-327 b,Kepler-327,3,Transit,2014,2.54957500000,0.0290000000,1.11000000,1.41000000,241.98700000,292.6422963,44.0876251,,3799.00,0.591913,0.492000
Kepler-327 c,Kepler-327,3,Transit,2014,5.21233300000,0.0470000000,1.03000000,20.30000000,241.98700000,292.6422963,44.0876251,,3799.00,0.591913,0.492000
Kepler-327 d,Kepler-327,3,Transit,2014,13.96945700000,0.0900000000,1.73000000,3.64000000,241.98700000,292.6422963,44.0876251,,3799.00,0.591913,0.492000
Kepler-328 b,Kepler-328,2,Transit,2013,34.92100000000,0.2199000000,2.30000000,28.50000000,2213.19000000,295.8092756,40.0084866,,6064.00,1.150000,1.060000
Kepler-328 c,Kepler-328,2,Transit,2013,71.31200000000,0.3540000000,5.40000000,39.40000000,2213.19000000,295.8092756,40.0084866,,6064.00,1.150000,1.060000
Kepler-329 b,Kepler-329,2,Transit,2014,7.41639700000,0.0610000000,1.40000000,2.54000000,439.71900000,299.2681646,45.2272852,,4257.00,0.602000,0.523000
Kepler-329 c,Kepler-329,2,Transit,2014,18.68473700000,0.1130000000,1.93000000,4.38000000,439.71900000,299.2681646,45.2272852,,4257.00,0.602000,0.523000
Kepler-33 b,Kepler-33,5,Transit,2011,5.66793000000,0.0677000000,1.74000000,3.68000000,1209.16000000,289.0775348,46.0051696,,5904.00,1.291000,1.820000
Kepler-33 c,Kepler-33,5,Transit,2011,13.17562000000,0.1189000000,3.20000000,0.39000000,1209.16000000,289.0775348,46.0051696,,5904.00,1.291000,1.820000
Kepler-33 d,Kepler-33,5,Transit,2011,21.77596000000,0.1662000000,5.35000000,3.91000000,1209.16000000,289.0775348,46.0051696,,5904.00,1.291000,1.820000
Kepler-33 e,Kepler-33,5,Transit,2011,31.78440000000,0.2138000000,4.02000000,5.57000000,1209.16000000,289.0775348,46.0051696,,5904.00,1.291000,1.820000
Kepler-33 f,Kepler-33,5,Transit,2011,41.02902000000,0.2535000000,4.46000000,9.60000000,1209.16000000,289.0775348,46.0051696,,5904.00,1.291000,1.820000
Kepler-330 b,Kepler-330,2,Transit,2014,8.25978000000,0.0750000000,1.35000000,2.39000000,717.52700000,288.4474035,44.8017616,,5117.00,0.848000,0.722000
Kepler-330 c,Kepler-330,2,Transit,2014,15.95538700000,0.1160000000,1.95000000,4.46000000,717.52700000,288.4474035,44.8017616,,5117.00,0.848000,0.722000
Kepler-331 b,Kepler-331,3,Transit,2014,8.45749600000,0.0650000000,1.82000000,3.97000000,580.11900000,291.8343455,39.3073462,,4347.00,0.653000,0.492000
Kepler-331 c,Kepler-331,3,Transit,2014,17.28111000000,0.1050000000,1.84000000,4.04000000,580.11900000,291.8343455,39.3073462,,4347.00,0.653000,0.492000
Kepler-331 d,Kepler-331,3,Transit,2014,32.13432800000,0.1590000000,1.64000000,3.33000000,580.11900000,291.8343455,39.3073462,,4347.00,0.653000,0.492000
Kepler-332 b,Kepler-332,3,Transit,2014,7.62632400000,0.0700000000,1.17000000,1.71000000,344.19000000,286.6627811,47.4136938,,4955.00,0.743000,0.720000
Kepler-332 c,Kepler-332,3,Transit,2014,15.99562200000,0.1140000000,1.09000000,1.32000000,344.19000000,286.6627811,47.4136938,,4955.00,0.743000,0.720000
Kepler-332 d,Kepler-332,3,Transit,2014,34.21154000000,0.1890000000,1.18000000,1.76000000,344.19000000,286.6627811,47.4136938,,4955.00,0.743000,0.720000
Kepler-333 b,Kepler-333,2,Transit,2014,12.55115800000,0.0870000000,1.32000000,28.20000000,324.41300000,292.2861201,40.9135429,,4259.00,0.601000,0.534000
Kepler-333 c,Kepler-333,2,Transit,2014,24.08821000000,0.1350000000,1.11000000,1.41000000,324.41300000,292.2861201,40.9135429,,4259.00,0.601000,0.534000
Kepler-334 b,Kepler-334,3,Transit,2014,5.47031900000,0.0610000000,1.12000000,1.46000000,426.59000000,287.1406177,47.1151153,,5828.00,1.022000,1.068000
Kepler-334 c,Kepler-334,3,Transit,2014,12.75800500000,0.1070000000,1.43000000,2.63000000,426.59000000,287.1406177,47.1151153,,5828.00,1.022000,1.068000
Kepler-334 d,Kepler-334,3,Transit,2014,25.09849000000,0.1680000000,1.41000000,2.57000000,426.59000000,287.1406177,47.1151153,,5828.00,1.022000,1.068000
Kepler-335 b,Kepler-335,2,Transit,2014,6.56233100000,0.0750000000,3.39000000,11.40000000,1278.97000000,296.0642944,45.4285986,,5877.00,1.367000,1.854000
Kepler-335 c,Kepler-335,2,Transit,2014,67.84446900000,0.3560000000,3.07000000,9.64000000,1278.97000000,296.0642944,45.4285986,,5877.00,1.367000,1.854000
Kepler-336 b,Kepler-336,3,Transit,2014,2.02482300000,0.0330000000,1.02000000,1.04000000,768.86000000,290.2376224,41.3313637,,5867.00,1.090000,1.304000
Kepler-336 c,Kepler-336,3,Transit,2014,9.60000100000,0.0920000000,2.10000000,5.06000000,768.86000000,290.2376224,41.3313637,,5867.00,1.090000,1.304000
Kepler-336 d,Kepler-336,3,Transit,2014,20.67877200000,0.1540000000,2.37000000,6.21000000,768.86000000,290.2376224,41.3313637,,5867.00,1.090000,1.304000
Kepler-337 b,Kepler-337,2,Transit,2014,3.29278100000,0.0450000000,1.54000000,2.99000000,677.97500000,290.0605123,47.1639533,,5684.00,1.081000,1.761000
Kepler-337 c,Kepler-337,2,Transit,2014,9.69320100000,0.0930000000,2.05000000,4.86000000,677.97500000,290.0605123,47.1639533,,5684.00,1.081000,1.761000
Kepler-338 b,Kepler-338,4,Transit,2014,13.72697600000,0.1170000000,2.44000000,30.60000000,552.79800000,282.9790593,40.7844188,,5923.00,1.105000,1.735000
Kepler-338 c,Kepler-338,4,Transit,2014,24.31085600000,0.1720000000,2.34000000,6.08000000,552.79800000,282.9790593,40.7844188,,5923.00,1.105000,1.735000
Kepler-338 d,Kepler-338,4,Transit,2014,44.43101400000,0.2570000000,3.00000000,9.27000000,552.79800000,282.9790593,40.7844188,,5923.00,1.105000,1.735000
Kepler-338 e,Kepler-338,4,Transit Timing Variations,2014,9.34100000000,0.0897900000,1.56000000,8.50000000,552.79800000,282.9790593,40.7844188,,5999.00,1.140000,1.735000
Kepler-339 b,Kepler-339,3,Transit,2014,4.97765600000,0.0550000000,1.42000000,2.60000000,616.63700000,293.3517010,48.4445922,,5631.00,0.870000,0.802000
Kepler-339 c,Kepler-339,3,Transit,2014,6.98805500000,0.0690000000,1.15000000,7.30000000,616.63700000,293.3517010,48.4445922,,5631.00,0.870000,0.802000
Kepler-339 d,Kepler-339,3,Transit,2014,10.55834500000,0.0910000000,1.17000000,14.70000000,616.63700000,293.3517010,48.4445922,,5631.00,0.870000,0.802000
Kepler-34 b,Kepler-34,1,Transit,2011,288.82200000000,1.0896000000,8.56400000,69.92000000,1800.82000000,296.4358022,44.6415369,,5913.00,1.047900,1.161800
Kepler-340 b,Kepler-340,2,Transit,2014,14.84438700000,0.1340000000,2.53000000,6.94000000,808.76200000,295.9334710,40.3005515,,6620.00,1.650000,1.850000
Kepler-340 c,Kepler-340,2,Transit,2014,22.82466900000,0.1780000000,3.37000000,11.30000000,808.76200000,295.9334710,40.3005515,,6620.00,1.650000,1.850000
Kepler-341 b,Kepler-341,4,Transit,2014,5.19552800000,0.0600000000,1.18000000,1.76000000,1047.03000000,289.8615609,43.4727412,,6012.00,0.976000,1.024000
Kepler-341 c,Kepler-341,4,Transit,2014,8.01041000000,0.0800000000,1.70000000,3.53000000,1047.03000000,289.8615609,43.4727412,,6012.00,0.976000,1.024000
Kepler-341 d,Kepler-341,4,Transit,2014,27.66631300000,0.1820000000,1.85000000,4.08000000,1047.03000000,289.8615609,43.4727412,,6012.00,0.976000,1.024000
Kepler-341 e,Kepler-341,4,Transit,2014,42.47326900000,0.2420000000,1.99000000,4.62000000,1047.03000000,289.8615609,43.4727412,,6012.00,0.976000,1.024000
Kepler-342 b,Kepler-342,4,Transit,2014,15.17031800000,0.1280000000,2.25000000,5.69000000,781.61100000,292.6780488,46.7266813,,6175.00,1.213000,1.472000
Kepler-342 c,Kepler-342,4,Transit,2014,26.23413800000,0.1850000000,1.96000000,4.50000000,781.61100000,292.6780488,46.7266813,,6175.00,1.213000,1.472000
Kepler-342 d,Kepler-342,4,Transit,2014,39.45935700000,0.2420000000,2.49000000,6.76000000,781.61100000,292.6780488,46.7266813,,6175.00,1.213000,1.472000
Kepler-342 e,Kepler-342,4,Transit,2016,1.64422461300,0.0290900000,0.88000000,0.61500000,781.61100000,292.6780488,46.7266813,,6366.00,1.260000,1.340000
Kepler-343 b,Kepler-343,2,Transit,2014,8.96855000000,0.0880000000,2.41000000,6.39000000,927.19300000,291.9606620,42.4329567,,5807.00,1.055000,1.433000
Kepler-343 c,Kepler-343,2,Transit,2014,23.22182000000,0.1670000000,2.02000000,4.74000000,927.19300000,291.9606620,42.4329567,,5807.00,1.055000,1.433000
Kepler-344 b,Kepler-344,2,Transit,2014,21.96394500000,0.1530000000,2.61000000,7.32000000,1002.94000000,292.4996101,46.3243406,,5774.00,0.931000,0.976000
Kepler-344 c,Kepler-344,2,Transit,2014,125.59680900000,0.4880000000,2.95000000,9.01000000,1002.94000000,292.4996101,46.3243406,,5774.00,0.931000,0.976000
Kepler-345 b,Kepler-345,2,Transit,2014,7.41556300000,0.0660000000,0.74000000,0.48000000,260.00000000,295.2288521,45.9710432,,4504.00,0.610000,0.623000
Kepler-345 c,Kepler-345,2,Transit,2014,9.38742700000,0.0770000000,1.20000000,2.20000000,260.00000000,295.2288521,45.9710432,,4504.00,0.610000,0.623000
Kepler-346 b,Kepler-346,2,Transit,2014,6.51112700000,0.0710000000,2.66000000,7.56000000,984.10500000,288.0119248,46.1176003,,6033.00,0.943000,1.021000
Kepler-346 c,Kepler-346,2,Transit,2014,23.85154900000,0.1680000000,3.07000000,9.64000000,984.10500000,288.0119248,46.1176003,,6033.00,0.943000,1.021000
Kepler-347 b,Kepler-347,3,Transit,2014,12.79836000000,0.1100000000,1.97000000,4.54000000,1298.88000000,289.1995995,49.3056404,,6088.00,0.922000,1.005000
Kepler-347 c,Kepler-347,3,Transit,2014,27.32087100000,0.1830000000,1.75000000,3.71000000,1298.88000000,289.1995995,49.3056404,,6088.00,0.922000,1.005000
Kepler-347 d,Kepler-347,3,Transit,2023,85.51734400000,0.3802000000,3.04000000,9.48000000,1298.88000000,289.1995995,49.3056404,,5592.00,1.000000,1.451000
Kepler-348 b,Kepler-348,2,Transit,2014,7.05677000000,0.0760000000,1.52000000,2.92000000,570.78300000,297.2550814,40.5483883,,6177.00,1.189000,1.359000
Kepler-348 c,Kepler-348,2,Transit,2014,17.26542700000,0.1380000000,1.33000000,2.33000000,570.78300000,297.2550814,40.5483883,,6177.00,1.189000,1.359000
Kepler-349 b,Kepler-349,2,Transit,2014,5.92977800000,0.0650000000,1.90000000,94.50000000,940.72400000,293.6764689,44.6155972,,5956.00,1.083000,0.927000
Kepler-349 c,Kepler-349,2,Transit,2014,12.24762900000,0.1050000000,1.96000000,4.50000000,940.72400000,293.6764689,44.6155972,,5956.00,1.083000,0.927000
Kepler-35 b,Kepler-35,1,Transit,2011,131.45800000000,0.6034700000,8.16000000,40.36300000,1819.17000000,294.4969550,46.6896733,,5606.00,0.887700,1.028400
Kepler-350 b,Kepler-350,3,Transit,2014,11.18956200000,0.1040000000,1.85000000,16.90000000,956.85900000,285.4195845,39.7061009,,6186.00,1.190000,1.534000
Kepler-350 c,Kepler-350,3,Transit,2013,17.84900000000,0.1385000000,3.10000000,6.10000000,956.85900000,285.4195845,39.7061009,,6492.30,1.000000,1.250000
Kepler-350 d,Kepler-350,3,Transit,2013,26.13600000000,0.1786000000,2.80000000,14.90000000,956.85900000,285.4195845,39.7061009,,6492.30,1.000000,1.250000
Kepler-351 b,Kepler-351,3,Transit,2014,37.05491900000,0.2140000000,3.06000000,4.80000000,1083.91000000,286.4527949,42.6577891,,5643.00,0.810000,0.854000
Kepler-351 c,Kepler-351,3,Transit,2014,57.24809000000,0.2870000000,3.19000000,11.10000000,1083.91000000,286.4527949,42.6577891,,5643.00,0.810000,0.854000
Kepler-351 d,Kepler-351,3,Transit,2016,142.54424700000,0.5177000000,2.72000000,7.85000000,1083.91000000,286.4527949,42.6577891,,5225.00,0.810000,0.780000
Kepler-352 b,Kepler-352,3,Transit,2014,10.05537000000,0.0850000000,0.86000000,0.56600000,252.73300000,299.8966237,46.0519022,,5212.00,0.798000,0.781000
Kepler-352 c,Kepler-352,3,Transit,2014,16.33299500000,0.1180000000,1.24000000,2.07000000,252.73300000,299.8966237,46.0519022,,5212.00,0.798000,0.781000
Kepler-352 d,Kepler-352,3,Transit,2021,6.88727998700,0.0657400000,0.80628032,0.44900000,252.73300000,299.8966237,46.0519022,,5208.00,0.796000,0.772000
Kepler-353 b,Kepler-353,2,Transit,2014,5.79527800000,0.0510000000,0.89000000,0.64000000,384.69400000,296.8565596,41.7580749,,3903.00,0.553000,0.504000
Kepler-353 c,Kepler-353,2,Transit,2014,8.41089400000,0.0650000000,1.38000000,2.48000000,384.69400000,296.8565596,41.7580749,,3903.00,0.553000,0.504000
Kepler-354 b,Kepler-354,3,Transit,2014,5.47666000000,0.0540000000,1.84000000,4.04000000,554.06400000,285.7515347,41.3356739,,4648.00,0.652000,0.674000
Kepler-354 c,Kepler-354,3,Transit,2014,16.93440200000,0.1150000000,1.31000000,2.27000000,554.06400000,285.7515347,41.3356739,,4648.00,0.652000,0.674000
Kepler-354 d,Kepler-354,3,Transit,2014,24.20984200000,0.1460000000,1.24000000,2.07000000,554.06400000,285.7515347,41.3356739,,4648.00,0.652000,0.674000
Kepler-355 b,Kepler-355,2,Transit,2014,11.03189000000,0.1020000000,1.46000000,2.73000000,1432.17000000,285.7994917,42.8117427,,6184.00,0.933000,1.066000
Kepler-355 c,Kepler-355,2,Transit,2014,25.76229400000,0.1790000000,2.71000000,7.80000000,1432.17000000,285.7994917,42.8117427,,6184.00,0.933000,1.066000
Kepler-356 b,Kepler-356,2,Transit,2014,4.61269600000,0.0570000000,1.57000000,3.09000000,707.55900000,292.4210998,37.6827919,,6133.00,1.163000,1.335000
Kepler-356 c,Kepler-356,2,Transit,2014,13.12163200000,0.1150000000,1.81000000,3.93000000,707.55900000,292.4210998,37.6827919,,6133.00,1.163000,1.335000
Kepler-357 b,Kepler-357,3,Transit,2014,6.47543400000,0.0630000000,1.84000000,4.04000000,688.57300000,291.2429746,44.0086337,,5036.00,0.794000,0.834000
Kepler-357 c,Kepler-357,3,Transit,2014,16.85837000000,0.1200000000,2.67000000,7.61000000,688.57300000,291.2429746,44.0086337,,5036.00,0.794000,0.834000
Kepler-357 d,Kepler-357,3,Transit,2014,49.49987500000,0.2460000000,3.43000000,11.60000000,688.57300000,291.2429746,44.0086337,,5036.00,0.794000,0.834000
Kepler-358 b,Kepler-358,2,Transit,2014,34.06046700000,0.2100000000,2.72000000,7.85000000,1101.10000000,293.2302333,48.2813901,,5908.00,0.940000,0.954000
Kepler-358 c,Kepler-358,2,Transit,2014,83.48836900000,0.3810000000,2.85000000,8.50000000,1101.10000000,293.2302333,48.2813901,,5908.00,0.940000,0.954000
Kepler-359 b,Kepler-359,3,Transit,2014,25.56322200000,0.1780000000,3.53000000,12.20000000,1443.21000000,293.2936129,42.1963497,,6248.00,0.827000,1.086000
Kepler-359 c,Kepler-359,3,Transit,2014,57.68802000000,0.3070000000,4.30000000,2.90000000,1443.21000000,293.2936129,42.1963497,,6248.00,0.827000,1.086000
Kepler-359 d,Kepler-359,3,Transit,2014,77.09569100000,0.3720000000,4.01000000,2.70000000,1443.21000000,293.2936129,42.1963497,,6248.00,0.827000,1.086000
Kepler-36 b,Kepler-36,2,Transit,2012,13.86825000000,0.1141900000,1.49800000,3.83000000,527.95600000,291.2501859,49.2318073,,5979.00,1.034000,1.634000
Kepler-36 c,Kepler-36,2,Transit,2012,16.21865000000,0.1269200000,3.67900000,7.13000000,527.95600000,291.2501859,49.2318073,,5979.00,1.034000,1.634000
Kepler-360 b,Kepler-360,2,Transit,2014,3.28967200000,0.0440000000,1.65000000,3.36000000,876.04400000,286.2847077,44.7815817,,6053.00,0.994000,1.058000
Kepler-360 c,Kepler-360,2,Transit,2014,7.18643400000,0.0750000000,2.10000000,5.06000000,876.04400000,286.2847077,44.7815817,,6053.00,0.994000,1.058000
Kepler-361 b,Kepler-361,2,Transit,2014,8.48661600000,0.0860000000,1.45000000,2.70000000,930.32000000,296.8034146,46.7411011,,6169.00,1.191000,1.343000
Kepler-361 c,Kepler-361,2,Transit,2014,55.18802300000,0.3000000000,2.52000000,6.90000000,930.32000000,296.8034146,46.7411011,,6169.00,1.191000,1.343000
Kepler-362 b,Kepler-362,2,Transit,2014,10.32718600000,0.0870000000,0.88000000,0.61500000,1090.51000000,291.7716030,47.5299192,,5788.00,0.904000,0.722000
Kepler-362 c,Kepler-362,2,Transit,2014,37.86628100000,0.2070000000,1.45000000,2.70000000,1090.51000000,291.7716030,47.5299192,,5788.00,0.904000,0.722000
Kepler-363 b,Kepler-363,3,Transit,2014,3.61456800000,0.0480000000,1.16000000,1.65000000,762.59600000,283.1920779,41.3054172,,5593.00,1.226000,1.485000
Kepler-363 c,Kepler-363,3,Transit,2014,7.54242700000,0.0790000000,1.69000000,66.40000000,762.59600000,283.1920779,41.3054172,,5593.00,1.226000,1.485000
Kepler-363 d,Kepler-363,3,Transit,2014,11.93212500000,0.1070000000,2.05000000,4.86000000,762.59600000,283.1920779,41.3054172,,5593.00,1.226000,1.485000
Kepler-364 b,Kepler-364,2,Transit,2014,25.74571800000,0.1780000000,1.55000000,3.02000000,891.46200000,281.5699998,47.3986233,,6108.00,1.076000,1.284000
Kepler-364 c,Kepler-364,2,Transit,2014,59.98062700000,0.3120000000,2.15000000,5.27000000,891.46200000,281.5699998,47.3986233,,6108.00,1.076000,1.284000
Kepler-365 b,Kepler-365,2,Transit,2014,10.66490300000,0.0980000000,2.04000000,4.82000000,1038.99000000,295.6265640,49.1304110,,6012.00,1.020000,1.048000
Kepler-365 c,Kepler-365,2,Transit,2014,17.78412900000,0.1370000000,1.64000000,3.33000000,1038.99000000,295.6265640,49.1304110,,6012.00,1.020000,1.048000
Kepler-366 b,Kepler-366,2,Transit,2014,3.28195900000,0.0450000000,1.46000000,2.73000000,1856.28000000,296.8520316,49.0844359,,6209.00,1.088000,1.048000
Kepler-366 c,Kepler-366,2,Transit,2014,12.51616000000,0.1100000000,1.79000000,3.86000000,1856.28000000,296.8520316,49.0844359,,6209.00,1.088000,1.048000
Kepler-367 b,Kepler-367,2,Transit,2014,37.81572400000,0.2010000000,1.30000000,2.24000000,188.02700000,297.2925580,49.9817499,,4710.00,0.768000,0.695000
Kepler-367 c,Kepler-367,2,Transit,2014,53.57863700000,0.2530000000,1.20000000,1.87000000,188.02700000,297.2925580,49.9817499,,4710.00,0.768000,0.695000
Kepler-368 b,Kepler-368,2,Transit,2014,26.84768000000,0.1860000000,3.26000000,10.70000000,770.97800000,291.8800180,45.3878419,,5502.00,1.165000,2.019000
Kepler-368 c,Kepler-368,2,Transit,2014,72.37933400000,0.3600000000,3.88000000,14.30000000,770.97800000,291.8800180,45.3878419,,5502.00,1.165000,2.019000
Kepler-369 b,Kepler-369,2,Transit,2014,2.73275600000,0.0300000000,1.13000000,1.51000000,214.00000000,293.6743322,47.9084727,,3591.00,0.500000,0.471000
Kepler-369 c,Kepler-369,2,Transit,2014,14.87157200000,0.0940000000,1.41000000,2.57000000,214.00000000,293.6743322,47.9084727,,3591.00,0.500000,0.471000
Kepler-37 b,Kepler-37,4,Transit,2013,13.36702000000,0.1019000000,0.30980000,0.79000000,63.92070000,284.0592503,44.5183733,,5357.00,0.790000,0.789000
Kepler-37 c,Kepler-37,4,Transit,2013,21.30184800000,0.1390000000,0.75500000,1.30000000,63.92070000,284.0592503,44.5183733,,5357.00,0.790000,0.789000
Kepler-37 d,Kepler-37,4,Transit,2013,39.79226220000,0.2109000000,2.03000000,2.00000000,63.92070000,284.0592503,44.5183733,,5357.00,0.790000,0.789000
Kepler-37 e,Kepler-37,4,Transit Timing Variations,2014,51.19600000000,0.2500000000,0.37000000,8.10000000,63.92070000,284.0592503,44.5183733,,5288.00,0.800000,0.772000
Kepler-370 b,Kepler-370,2,Transit,2014,4.57953000000,0.0540000000,1.59000000,3.15000000,1167.94000000,292.1710683,40.9162381,,5852.00,0.982000,0.900000
Kepler-370 c,Kepler-370,2,Transit,2014,19.02293000000,0.1400000000,1.91000000,4.31000000,1167.94000000,292.1710683,40.9162381,,5852.00,0.982000,0.900000
Kepler-371 b,Kepler-371,2,Transit,2014,34.76327800000,0.2000000000,1.89000000,4.23000000,813.19200000,292.3264835,38.6575441,,5666.00,0.876000,0.992000
Kepler-371 c,Kepler-371,2,Transit,2014,67.96801500000,0.3130000000,1.78000000,3.82000000,813.19200000,292.3264835,38.6575441,,5666.00,0.876000,0.992000
Kepler-372 b,Kepler-372,3,Transit,2014,6.84969200000,0.0750000000,1.36000000,2.42000000,1493.95000000,291.2562253,49.2589288,,6509.00,1.202000,1.137000
Kepler-372 c,Kepler-372,3,Transit,2014,20.05376300000,0.1540000000,2.09000000,5.02000000,1493.95000000,291.2562253,49.2589288,,6509.00,1.202000,1.137000
Kepler-372 d,Kepler-372,3,Transit,2014,30.09256800000,0.2010000000,1.69000000,3.50000000,1493.95000000,291.2562253,49.2589288,,6509.00,1.202000,1.137000
Kepler-373 b,Kepler-373,2,Transit,2014,5.53530900000,0.0600000000,1.36000000,2.42000000,1090.45000000,289.3879904,50.5970115,,5787.00,0.981000,0.845000
Kepler-373 c,Kepler-373,2,Transit,2014,16.72594800000,0.1260000000,1.24000000,2.07000000,1090.45000000,289.3879904,50.5970115,,5787.00,0.981000,0.845000
Kepler-374 b,Kepler-374,3,Transit,2014,1.89780600000,0.0290000000,1.03000000,1.08000000,1265.61000000,294.1378921,42.3704075,,5977.00,1.033000,0.911000
Kepler-374 c,Kepler-374,3,Transit,2014,3.28280700000,0.0420000000,1.10000000,1.37000000,1265.61000000,294.1378921,42.3704075,,5977.00,1.033000,0.911000
Kepler-374 d,Kepler-374,3,Transit,2014,5.02821900000,0.0560000000,1.31000000,2.27000000,1265.61000000,294.1378921,42.3704075,,5977.00,1.033000,0.911000
Kepler-375 b,Kepler-375,2,Transit,2014,12.12593400000,0.1010000000,1.45000000,2.70000000,1238.81000000,288.6178715,48.0983639,,5826.00,0.891000,0.837000
Kepler-375 c,Kepler-375,2,Transit,2014,19.98632600000,0.1410000000,2.65000000,7.51000000,1238.81000000,288.6178715,48.0983639,,5826.00,0.891000,0.837000
Kepler-376 b,Kepler-376,2,Transit,2014,4.92019900000,0.0570000000,1.07000000,1.24000000,923.06700000,291.6071451,38.4103192,,5900.00,0.968000,1.175000
Kepler-376 c,Kepler-376,2,Transit,2014,14.17232700000,0.1150000000,1.79000000,3.86000000,923.06700000,291.6071451,38.4103192,,5900.00,0.968000,1.175000
Kepler-377 b,Kepler-377,2,Transit,2014,12.50952900000,0.1090000000,1.39000000,2.51000000,823.80400000,295.4220717,38.7356737,,5949.00,1.043000,1.224000
Kepler-377 c,Kepler-377,2,Transit,2014,27.01497600000,0.1820000000,2.06000000,4.90000000,823.80400000,295.4220717,38.7356737,,5949.00,1.043000,1.224000
Kepler-378 b,Kepler-378,2,Transit,2014,16.09236100000,0.1120000000,0.75000000,0.34700000,152.09400000,294.9489697,46.4388673,,4661.00,0.780000,0.671000
Kepler-378 c,Kepler-378,2,Transit,2014,28.90600900000,0.1660000000,0.70000000,0.27100000,152.09400000,294.9489697,46.4388673,,4661.00,0.780000,0.671000
Kepler-379 b,Kepler-379,2,Transit,2014,20.09838000000,0.1520000000,1.66000000,3.39000000,731.27400000,295.7010981,38.9458209,,6054.00,1.125000,1.306000
Kepler-379 c,Kepler-379,2,Transit,2014,62.78469700000,0.3260000000,2.29000000,5.86000000,731.27400000,295.7010981,38.9458209,,6054.00,1.125000,1.306000
Kepler-38 b,Kepler-38,1,Transit,2012,105.59900000000,0.4632000000,4.30000000,122.00000000,1174.59000000,286.8303120,42.2791434,G4 V,5623.00,0.941000,1.752000
Kepler-380 b,Kepler-380,2,Transit,2014,3.93082100000,0.0500000000,1.19000000,1.81000000,813.71300000,282.3947017,48.7591334,,6045.00,0.990000,1.224000
Kepler-380 c,Kepler-380,2,Transit,2014,7.63000400000,0.0780000000,1.27000000,2.15000000,813.71300000,282.3947017,48.7591334,,6045.00,0.990000,1.224000
Kepler-381 b,Kepler-381,3,Transit,2014,5.62902100000,0.0660000000,0.99000000,0.93700000,267.32300000,285.1828685,43.8310283,,6152.00,1.144000,1.568000
Kepler-381 c,Kepler-381,3,Transit,2014,13.39163500000,0.1170000000,1.12000000,1.46000000,267.32300000,285.1828685,43.8310283,,6152.00,1.144000,1.568000
Kepler-381 d,Kepler-381,3,Transit,2021,8.25629997300,0.0836400000,1.06678650,1.23000000,267.32300000,285.1828685,43.8310283,,6197.00,1.198000,2.188000
Kepler-382 b,Kepler-382,2,Transit,2014,5.26215500000,0.0550000000,1.32000000,2.30000000,935.44600000,299.1362435,45.8699582,,5600.00,1.002000,0.945000
Kepler-382 c,Kepler-382,2,Transit,2014,12.16270100000,0.0970000000,1.59000000,3.15000000,935.44600000,299.1362435,45.8699582,,5600.00,1.002000,0.945000
Kepler-383 b,Kepler-383,2,Transit,2014,12.90453200000,0.0950000000,1.32000000,2.30000000,470.00000000,291.3426078,38.3631616,,4710.00,0.669000,0.672000
Kepler-383 c,Kepler-383,2,Transit,2014,31.20075100000,0.1720000000,1.24000000,2.07000000,470.00000000,291.3426078,38.3631616,,4710.00,0.669000,0.672000
Kepler-384 b,Kepler-384,2,Transit,2014,22.59705300000,0.1480000000,1.12000000,1.46000000,895.67800000,286.0261113,44.7828571,,5577.00,0.882000,0.882000
Kepler-384 c,Kepler-384,2,Transit,2014,45.34826900000,0.2360000000,1.13000000,1.51000000,895.67800000,286.0261113,44.7828571,,5577.00,0.882000,0.882000
Kepler-385 b,Kepler-385,3,Transit,2014,10.04368600000,0.0970000000,2.73000000,12.80000000,1432.61000000,294.3385109,50.3365178,,6326.00,0.992000,1.126000
Kepler-385 c,Kepler-385,3,Transit,2014,15.16316100000,0.1270000000,3.04000000,13.20000000,1432.61000000,294.3385109,50.3365178,,6326.00,0.992000,1.126000
Kepler-385 d,Kepler-385,3,Transit,2020,56.41590000000,0.2872000000,2.61864480,7.36000000,1432.61000000,294.3385109,50.3365178,,5829.00,1.050000,1.157000
Kepler-386 b,Kepler-386,2,Transit,2014,12.31043000000,0.0960000000,1.39000000,2.51000000,882.46200000,289.8589165,48.6938077,,5178.00,0.825000,0.767000
Kepler-386 c,Kepler-386,2,Transit,2014,25.19345800000,0.1550000000,1.58000000,3.12000000,882.46200000,289.8589165,48.6938077,,5178.00,0.825000,0.767000
Kepler-387 b,Kepler-387,2,Transit,2014,6.79163600000,0.0680000000,1.03000000,1.08000000,801.05200000,287.7982699,45.6567655,,5774.00,0.850000,1.046000
Kepler-387 c,Kepler-387,2,Transit,2014,11.83754900000,0.0980000000,0.89000000,0.64000000,801.05200000,287.7982699,45.6567655,,5774.00,0.850000,1.046000
Kepler-388 b,Kepler-388,2,Transit,2014,3.17331500000,0.0360000000,0.81000000,0.45700000,425.00000000,284.8280577,44.6086451,,4498.00,0.635000,0.586000
Kepler-388 c,Kepler-388,2,Transit,2014,13.29700400000,0.0930000000,0.86000000,0.56600000,425.00000000,284.8280577,44.6086451,,4498.00,0.635000,0.586000
Kepler-389 b,Kepler-389,2,Transit,2014,3.24410700000,0.0410000000,1.51000000,2.89000000,816.55900000,291.9600082,44.9000587,,5376.00,0.765000,0.792000
Kepler-389 c,Kepler-389,2,Transit,2014,14.51143000000,0.1100000000,1.46000000,2.73000000,816.55900000,291.9600082,44.9000587,,5376.00,0.765000,0.792000
Kepler-39 b,Kepler-39,1,Transit,2011,21.08721000000,0.1640000000,13.90000000,6388.10000000,1057.41000000,296.9603348,46.0342954,F7 V,6350.00,1.290000,1.400000
Kepler-390 b,Kepler-390,2,Transit,2014,6.73808800000,0.0650000000,0.82000000,0.47700000,435.27700000,291.6288086,41.2088351,,5166.00,0.787000,0.776000
Kepler-390 c,Kepler-390,2,Transit,2014,13.06002200000,0.1010000000,0.79000000,0.41800000,435.27700000,291.6288086,41.2088351,,5166.00,0.787000,0.776000
Kepler-391 b,Kepler-391,2,Transit,2014,7.41750000000,0.0830000000,2.50000000,1100.00000000,869.23600000,290.6218844,51.0573453,K2 III-IV,5038.00,1.270000,2.879000
Kepler-391 c,Kepler-391,2,Transit,2014,20.50100000000,0.1640000000,2.88000000,450.00000000,869.23600000,290.6218844,51.0573453,K2 III-IV,5038.00,1.270000,2.879000
Kepler-392 b,Kepler-392,2,Transit,2014,5.34185300000,0.0590000000,1.00000000,0.97200000,681.42800000,288.6608260,43.3681938,,5938.00,0.874000,1.129000
Kepler-392 c,Kepler-392,2,Transit,2014,10.42311800000,0.0930000000,1.10000000,1.37000000,681.42800000,288.6608260,43.3681938,,5938.00,0.874000,1.129000
Kepler-393 b,Kepler-393,2,Transit,2014,9.18241700000,0.0910000000,1.29000000,2.21000000,881.40400000,290.9952050,45.1921880,,6189.00,1.256000,1.382000
Kepler-393 c,Kepler-393,2,Transit,2014,14.61361200000,0.1240000000,1.33000000,2.33000000,881.40400000,290.9952050,45.1921880,,6189.00,1.256000,1.382000
Kepler-394 b,Kepler-394,3,Transit,2014,8.00501300000,0.0830000000,1.60000000,3.19000000,1058.72000000,296.3019792,50.6723115,,6402.00,0.870000,1.132000
Kepler-394 c,Kepler-394,3,Transit,2014,12.13068600000,0.1100000000,1.66000000,3.39000000,1058.72000000,296.3019792,50.6723115,,6402.00,0.870000,1.132000
Kepler-394 d,Kepler-394,3,Transit,2021,5.61358022700,0.0590400000,1.50066814,2.86000000,1058.72000000,296.3019792,50.6723115,,6398.00,1.141000,1.101000
Kepler-395 b,Kepler-395,2,Transit,2014,7.05434600000,0.0610000000,1.03000000,1.08000000,421.38200000,293.5111889,45.1366252,,4262.00,0.622827,0.556000
Kepler-395 c,Kepler-395,2,Transit,2014,34.98926200000,0.1770000000,1.32000000,2.30000000,421.38200000,293.5111889,45.1366252,,4262.00,0.622827,0.556000
Kepler-396 b,Kepler-396,2,Transit,2013,42.99400000000,0.2406700000,3.50000000,75.50000000,223.75700000,296.1328135,48.9773095,,5656.00,0.850000,1.060000
Kepler-396 c,Kepler-396,2,Transit,2013,88.50500000000,0.3894600000,5.30000000,17.90000000,223.75700000,296.1328135,48.9773095,,5656.00,0.850000,1.060000
Kepler-397 b,Kepler-397,2,Transit,2014,22.25094900000,0.1440000000,2.46000000,6.62000000,969.00000000,295.8940373,42.3805156,,5307.00,0.844000,0.767000
Kepler-397 c,Kepler-397,2,Transit,2014,135.49852700000,0.4800000000,6.18000000,31.60000000,969.00000000,295.8940373,42.3805156,,5307.00,0.844000,0.767000
Kepler-398 b,Kepler-398,3,Transit,2014,4.08142300000,0.0440000000,0.93000000,0.74900000,177.35500000,291.4688524,40.3437001,,4493.00,0.649000,0.613000
Kepler-398 c,Kepler-398,3,Transit,2014,11.41941200000,0.0870000000,1.01000000,1.01000000,177.35500000,291.4688524,40.3437001,,4493.00,0.649000,0.613000
Kepler-398 d,Kepler-398,3,Transit,2016,6.83437001000,0.0618000000,0.88000000,0.61500000,177.35500000,291.4688524,40.3437001,,4557.00,0.720000,0.670000
Kepler-399 b,Kepler-399,3,Transit,2014,14.42528100000,0.1030000000,0.96000000,0.84000000,740.53700000,299.5017242,40.6707669,,5502.00,0.902000,0.680000
Kepler-399 c,Kepler-399,3,Transit,2014,26.67569000000,0.1550000000,1.43000000,2.63000000,740.53700000,299.5017242,40.6707669,,5502.00,0.902000,0.680000
Kepler-399 d,Kepler-399,3,Transit,2014,58.03461600000,0.2610000000,1.89000000,4.23000000,740.53700000,299.5017242,40.6707669,,5502.00,0.902000,0.680000
Kepler-4 b,Kepler-4,1,Transit,2009,3.21346000000,0.0456000000,4.00200000,24.47200000,487.91600000,285.6154492,50.1357712,,5857.00,1.223000,1.487000
Kepler-40 b,Kepler-40,1,Transit,2010,6.87349000000,0.0800000000,13.11000000,699.20000000,2305.01000000,296.8136883,47.5265446,F5 IV,6510.00,1.480000,2.130000
Kepler-400 b,Kepler-400,2,Transit,2014,9.02438900000,0.0870000000,1.65000000,3.36000000,845.97000000,290.9444679,40.4800528,,5886.00,1.080000,1.145000
Kepler-400 c,Kepler-400,2,Transit,2014,17.34082400000,0.1340000000,1.49000000,2.83000000,845.97000000,290.9444679,40.4800528,,5886.00,1.080000,1.145000
Kepler-401 b,Kepler-401,3,Transit,2014,14.38303500000,0.1220000000,1.71000000,3.57000000,965.56000000,290.0827494,50.8634361,,6117.00,1.173000,1.333000
Kepler-401 c,Kepler-401,3,Transit,2014,47.31821800000,0.2690000000,2.15000000,5.27000000,965.56000000,290.0827494,50.8634361,,6117.00,1.173000,1.333000
Kepler-401 d,Kepler-401,3,Transit,2016,184.25640500000,0.6688600000,2.27000000,5.77000000,965.56000000,290.0827494,50.8634361,,6184.00,1.170000,1.290000
Kepler-402 b,Kepler-402,4,Transit,2014,4.02875100000,0.0510000000,1.22000000,1.98000000,625.33900000,288.3701976,43.3546109,,6090.00,1.072000,1.264000
Kepler-402 c,Kepler-402,4,Transit,2014,6.12482100000,0.0680000000,1.56000000,3.05000000,625.33900000,288.3701976,43.3546109,,6090.00,1.072000,1.264000
Kepler-402 d,Kepler-402,4,Transit,2014,8.92109900000,0.0870000000,1.38000000,2.48000000,625.33900000,288.3701976,43.3546109,,6090.00,1.072000,1.264000
Kepler-402 e,Kepler-402,4,Transit,2014,11.24286100000,0.1020000000,1.46000000,2.73000000,625.33900000,288.3701976,43.3546109,,6090.00,1.072000,1.264000
Kepler-403 b,Kepler-403,3,Transit,2014,7.03146200000,0.0760000000,1.25000000,2.10000000,840.26900000,289.9214256,46.7445267,,6090.00,1.299000,1.329000
Kepler-403 c,Kepler-403,3,Transit,2014,54.28074900000,0.2970000000,1.75000000,3.71000000,840.26900000,289.9214256,46.7445267,,6090.00,1.299000,1.329000
Kepler-403 d,Kepler-403,3,Transit,2016,13.61159129000,0.1217800000,1.42000000,2.60000000,840.26900000,289.9214256,46.7445267,,6209.00,1.250000,1.450000
Kepler-404 b,Kepler-404,2,Transit,2014,11.82985100000,0.1020000000,1.27000000,2.15000000,812.52400000,286.3985796,45.3435241,,5654.00,0.860000,0.884000
Kepler-404 c,Kepler-404,2,Transit,2014,14.75116600000,0.1180000000,1.72000000,3.61000000,812.52400000,286.3985796,45.3435241,,5654.00,0.860000,0.884000
Kepler-405 b,Kepler-405,2,Transit,2014,10.61383900000,0.0950000000,2.08000000,4.98000000,1065.08000000,291.4094615,38.3400107,,5818.00,0.873000,0.893000
Kepler-405 c,Kepler-405,2,Transit,2014,29.72668200000,0.1880000000,4.66000000,19.60000000,1065.08000000,291.4094615,38.3400107,,5818.00,0.873000,0.893000
Kepler-406 b,Kepler-406,2,Transit,2014,2.42629000000,0.0359900000,1.43000000,6.35000000,364.03000000,291.8481764,44.9682807,,5538.00,1.070000,1.070000
Kepler-406 c,Kepler-406,2,Transit,2014,4.62332000000,0.0553100000,0.85000000,2.71000000,364.03000000,291.8481764,44.9682807,,5538.00,1.070000,1.070000
Kepler-407 b,Kepler-407,2,Transit,2014,0.66931240000,0.0153100000,1.19000000,1.93000000,338.36800000,286.0363025,49.6145027,G,5487.00,0.990000,1.040000
Kepler-407 c,Kepler-407,2,Radial Velocity,2014,3000.00000000000,3.2709036900,12.30000000,4000.00000000,338.36800000,286.0363025,49.6145027,G,5476.00,1.000000,1.010000
Kepler-408 b,Kepler-408,1,Transit,2014,2.46502000000,0.0359200000,0.82000000,5.00000000,88.78320000,284.7862158,48.4232622,,6104.00,1.080000,1.230000
Kepler-409 b,Kepler-409,1,Transit,2014,68.95832160000,0.3192000000,1.19900000,6.00000000,68.17300000,293.6792058,46.8527337,,5421.00,0.913000,0.897000
Kepler-41 b,Kepler-41,1,Transit,2011,1.85555820000,0.0310100000,14.46000000,177.98000000,1093.08000000,294.5132465,45.9816453,G2 V,5750.00,1.150000,1.290000
Kepler-410 A b,Kepler-410 A,1,Transit,2013,17.83364800000,0.1226000000,2.83800000,8.44000000,147.52700000,283.1510448,45.1400838,,6273.00,1.214000,1.352000
Kepler-411 b,Kepler-411,4,Transit,2013,3.00515600000,0.0375000000,2.40100000,25.60000000,153.67600000,287.6057027,49.5233937,K2 V,4974.00,0.870000,0.820000
Kepler-411 c,Kepler-411,4,Transit,2016,7.83443500000,0.0739000000,4.42100000,26.40000000,153.67600000,287.6057027,49.5233937,K2 V,4974.00,0.870000,0.820000
Kepler-411 d,Kepler-411,4,Transit,2018,58.02035000000,0.2790000000,3.31900000,15.20000000,153.67600000,287.6057027,49.5233937,K2 V,4974.00,0.870000,0.820000
Kepler-411 e,Kepler-411,4,Transit Timing Variations,2018,31.50972800000,0.1860000000,3.28000000,10.80000000,153.67600000,287.6057027,49.5233937,K2 V,4974.00,0.870000,0.820000
Kepler-412 b,Kepler-412,1,Transit,2014,1.72086040000,0.0289700000,15.03126900,299.07803000,1086.24000000,286.1103053,43.6809612,G3 V,5750.00,1.167000,1.287000
Kepler-413 b,Kepler-413,1,Transit,2014,66.26200000000,0.3553000000,4.34700000,67.00000000,847.53600000,288.5106679,51.1624235,,4700.00,0.820000,0.776100
Kepler-414 b,Kepler-414,2,Transit Timing Variations,2014,4.70000000000,0.0543000000,1.71000000,3.50000000,413.46000000,297.9615616,48.2443363,,5536.00,0.890000,0.946000
Kepler-414 c,Kepler-414,2,Transit Timing Variations,2014,7.17100000000,0.0719500000,3.01000000,29.90000000,413.46000000,297.9615616,48.2443363,,5536.00,0.890000,0.946000
Kepler-415 b,Kepler-415,2,Transit Timing Variations,2014,4.17600000000,0.0426000000,1.21000000,119.90000000,530.48700000,293.8045041,38.6390517,,4362.00,0.670000,0.643000
Kepler-415 c,Kepler-415,2,Transit Timing Variations,2014,8.70800000000,0.0695000000,2.01000000,4.70000000,530.48700000,293.8045041,38.6390517,,4362.00,0.670000,0.643000
Kepler-416 b,Kepler-416,3,Transit Timing Variations,2014,6.31900000000,0.0674000000,2.48000000,58.20000000,690.81900000,291.5569554,39.2272923,,5718.00,1.000000,1.075000
Kepler-416 c,Kepler-416,3,Transit Timing Variations,2014,12.20900000000,0.1045400000,2.35200000,6.13000000,690.81900000,291.5569554,39.2272923,,5718.00,1.000000,1.075000
Kepler-416 d,Kepler-416,3,Transit,2023,3.07644709000,0.0407000000,1.61000000,3.22000000,690.81900000,291.5569554,39.2272923,,5670.00,0.949000,1.022000
Kepler-417 b,Kepler-417,2,Transit Timing Variations,2014,12.33100000000,0.1006000000,2.31000000,11.00000000,973.98900000,293.8241813,42.7796480,,5177.00,0.900000,0.806000
Kepler-417 c,Kepler-417,2,Transit Timing Variations,2014,15.94300000000,0.1194000000,2.69000000,7.70000000,973.98900000,293.8241813,42.7796480,,5177.00,0.900000,0.806000
Kepler-418 b,Kepler-418,2,Transit,2014,86.67856000000,0.3924900000,13.45000000,349.61124770,1002.53000000,294.4335228,38.3554729,,5820.00,0.980000,1.090000
Kepler-418 c,Kepler-418,2,Transit,2021,12.21829987000,0.1063200000,5.22108654,23.70000000,1002.53000000,294.4335228,38.3554729,,5822.00,0.957000,1.081000
Kepler-419 b,Kepler-419,2,Transit,2014,69.75460000000,0.3700000000,10.80000000,794.50000000,1011.36000000,295.4179125,51.1847629,,6430.00,1.390000,1.740000
Kepler-419 c,Kepler-419,2,Transit Timing Variations,2014,675.47000000000,1.6800000000,12.60000000,2320.10000000,1011.36000000,295.4179125,51.1847629,,6430.00,1.390000,1.740000
Kepler-42 b,Kepler-42,3,Transit,2011,1.21376720000,0.0116000000,0.78000000,0.70594400,40.05950000,292.2196000,44.6173667,M,3068.00,0.130000,0.170000
Kepler-42 c,Kepler-42,3,Transit,2011,0.45328509000,0.0060000000,0.73000000,60.33700000,40.05950000,292.2196000,44.6173667,M,3068.00,0.130000,0.170000
Kepler-42 d,Kepler-42,3,Transit,2011,1.86516900000,0.0154000000,0.57000000,0.35778500,40.05950000,292.2196000,44.6173667,M,3068.00,0.130000,0.170000
Kepler-421 b,Kepler-421,1,Transit,2014,704.19840000000,1.2190000000,4.16000000,16.10000000,348.55800000,283.2568116,45.0876823,G9/K0,5308.00,0.794000,0.757000
Kepler-422 b,Kepler-422,1,Transit,2014,7.89144830000,0.0820000000,12.89000000,136.66000000,722.79500000,282.6296334,46.3232807,,5972.00,1.150000,1.240000
Kepler-423 b,Kepler-423,1,Transit,2014,2.68432850000,0.0358500000,13.36100000,189.10100000,758.75300000,292.8557189,46.3911883,G4 V,5560.00,0.850000,0.950000
Kepler-424 b,Kepler-424,2,Transit,2014,3.31186440000,0.0440000000,9.98000000,327.35000000,698.64600000,298.6249797,48.5774500,,5460.00,1.010000,0.940000
Kepler-424 c,Kepler-424,2,Radial Velocity,2014,223.30000000000,0.7300000000,12.70000000,2215.18000000,698.64600000,298.6249797,48.5774500,,5460.00,1.010000,0.940000
Kepler-425 b,Kepler-425,1,Transit,2014,3.79701816000,0.0464000000,10.96200000,79.45000000,646.64700000,290.3579781,40.5676965,K1 V,5170.00,0.930000,0.860000
Kepler-426 b,Kepler-426,1,Transit,2014,3.21751883000,0.0414000000,12.22000000,108.06000000,843.69500000,289.4346668,49.4734550,G1 V,5725.00,0.910000,0.920000
Kepler-427 b,Kepler-427,1,Transit,2014,10.29099400000,0.0910000000,13.79000000,92.17000000,1017.80000000,288.2545808,43.7048379,G2 V,5800.00,0.960000,1.350000
Kepler-428 b,Kepler-428,1,Transit,2014,3.52563254000,0.0433000000,12.11000000,403.63000000,686.28400000,290.5817432,40.5773106,K1 V,5150.00,0.870000,0.800000
Kepler-43 b,Kepler-43,1,Transit,2011,3.02409490000,0.0460000000,13.66377100,1026.59090000,1005.84000000,285.2408288,46.6682411,F8 V,6041.00,1.320000,1.420000
Kepler-430 b,Kepler-430,2,Transit,2015,35.96800000000,0.2244000000,3.25000000,10.60000000,917.47700000,292.8085984,49.5794242,,5884.00,1.166000,1.485000
Kepler-430 c,Kepler-430,2,Transit,2015,110.97900000000,0.4757000000,1.75000000,3.71000000,917.47700000,292.8085984,49.5794242,,5884.00,1.166000,1.485000
Kepler-431 b,Kepler-431,3,Transit,2015,6.80300000000,0.0719000000,0.76400000,0.37000000,486.54600000,281.1123072,43.2277663,,6004.00,1.071000,1.092000
Kepler-431 c,Kepler-431,3,Transit,2015,8.70300000000,0.0847000000,0.66800000,0.22900000,486.54600000,281.1123072,43.2277663,,6004.00,1.071000,1.092000
Kepler-431 d,Kepler-431,3,Transit,2015,11.92200000000,0.1045000000,1.11000000,1.41000000,486.54600000,281.1123072,43.2277663,,6004.00,1.071000,1.092000
Kepler-432 b,Kepler-432,2,Transit,2015,52.50112900000,0.3010000000,12.83430500,1719.46030000,848.02300000,293.2822344,48.2859173,,4995.00,1.320000,4.060000
Kepler-432 c,Kepler-432,2,Radial Velocity,2015,406.20000000000,,13.30000000,772.32690000,848.02300000,293.2822344,48.2859173,,4995.00,1.320000,4.060000
Kepler-433 b,Kepler-433,1,Transit,2015,5.33408384000,0.0679000000,16.25000000,896.24000000,1878.31000000,297.5936232,40.9772546,,6360.00,1.460000,2.260000
Kepler-434 b,Kepler-434,1,Transit,2015,12.87470990000,0.1143000000,12.67000000,908.96000000,1222.54000000,293.5863887,42.9288624,,5977.00,1.198000,1.380000
Kepler-435 b,Kepler-435,1,Transit,2015,8.60015360000,0.0948000000,22.31000000,266.97000000,1418.77000000,292.2873012,43.1972542,,6161.00,1.538000,3.210000
Kepler-436 b,Kepler-436,2,Transit,2015,64.00205000000,0.3390000000,2.73000000,7.90000000,588.86700000,301.7207775,44.4120856,,4651.00,0.729000,0.697000
Kepler-436 c,Kepler-436,2,Transit,2016,16.79713874000,0.1145200000,2.33000000,6.04000000,588.86700000,301.7207775,44.4120856,,4685.00,0.750000,0.710000
Kepler-437 b,Kepler-437,1,Transit,2015,66.65062000000,0.2880000000,2.14000000,5.22000000,304.00000000,297.3473326,44.0269249,,4551.00,0.707000,0.680000
Kepler-438 b,Kepler-438,1,Transit,2015,35.23319000000,0.1660000000,1.12000000,1.46000000,195.94287175,281.6457236,41.9510686,,3748.00,0.544000,0.520000
Kepler-439 b,Kepler-439,1,Transit,2015,178.13960000000,0.5630000000,2.24000000,5.65000000,757.04800000,280.8015188,44.0339733,,5431.00,0.884000,0.866000
Kepler-44 b,Kepler-44,1,Transit,2011,3.24672930000,0.0446000000,12.22000000,317.82000000,1188.00000000,300.1023512,45.7621918,G2 IV,5800.00,1.120000,1.350000
Kepler-440 b,Kepler-440,1,Transit,2015,101.11141000000,0.2420000000,1.86000000,4.12000000,301.03000000,285.3500664,41.4523695,,4134.00,0.575000,0.559000
Kepler-441 b,Kepler-441,1,Transit,2015,207.24820000000,0.6400000000,1.64000000,3.33000000,268.00300000,284.5669540,49.0127077,,4340.00,0.572000,0.550000
Kepler-442 b,Kepler-442,1,Transit,2015,112.30530000000,0.4090000000,1.34000000,2.36000000,365.96500000,285.3666029,39.2800704,,4402.00,0.609000,0.598000
Kepler-443 b,Kepler-443,1,Transit,2015,177.66930000000,0.4950000000,2.33000000,6.04000000,802.27100000,288.6104839,49.9685458,,4723.00,0.738000,0.706000
Kepler-444 b,Kepler-444,5,Transit,2015,3.60010530000,0.0417800000,0.40300000,0.03740000,36.43960000,289.7528323,41.6318840,K,5046.00,0.758000,0.752000
Kepler-444 c,Kepler-444,5,Transit,2015,4.54588410000,0.0488100000,0.49700000,0.07930000,36.43960000,289.7528323,41.6318840,K,5046.00,0.758000,0.752000
Kepler-444 d,Kepler-444,5,Transit,2015,6.18939200000,0.0600000000,0.53000000,0.20000000,36.43960000,289.7528323,41.6318840,K,5046.00,0.758000,0.752000
Kepler-444 e,Kepler-444,5,Transit,2015,7.74349300000,0.0696000000,0.54600000,0.10000000,36.43960000,289.7528323,41.6318840,K,5046.00,0.758000,0.752000
Kepler-444 f,Kepler-444,5,Transit,2015,9.74048600000,0.0811000000,0.74100000,0.33200000,36.43960000,289.7528323,41.6318840,K,5046.00,0.758000,0.752000
Kepler-445 b,Kepler-445,3,Transit,2015,2.98415100000,0.0217000000,1.58000000,3.12000000,127.20100000,298.7363395,46.4991236,M4,3157.00,0.180000,0.210000
Kepler-445 c,Kepler-445,3,Transit,2015,4.87122900000,0.0301000000,2.51000000,6.85000000,127.20100000,298.7363395,46.4991236,M4,3157.00,0.180000,0.210000
Kepler-445 d,Kepler-445,3,Transit,2015,8.15275000000,0.0439000000,1.25000000,2.10000000,127.20100000,298.7363395,46.4991236,M4,3157.00,0.180000,0.210000
Kepler-446 b,Kepler-446,3,Transit,2015,1.56540900000,0.0182000000,1.50000000,2.86000000,96.33900000,282.2501047,44.9210020,M4,3359.00,0.220000,0.240000
Kepler-446 c,Kepler-446,3,Transit,2015,3.03617900000,0.0283000000,1.11000000,1.41000000,96.33900000,282.2501047,44.9210020,M4,3359.00,0.220000,0.240000
Kepler-446 d,Kepler-446,3,Transit,2015,5.14892100000,0.0403000000,1.35000000,2.39000000,96.33900000,282.2501047,44.9210020,M4,3359.00,0.220000,0.240000
Kepler-447 b,Kepler-447,1,Transit,2015,7.79430132000,0.0769000000,18.49000000,435.41000000,268.04100000,285.2685283,48.5598835,G8 V,5493.00,1.000000,1.050000
Kepler-448 c,KOI-12,2,Transit Timing Variations,2017,2500.00000000000,4.2000000000,12.00000000,6992.26000000,399.39800000,297.4537402,41.0110188,,6635.00,1.500000,1.400000
Kepler-449 b,Kepler-449,2,Transit,2015,12.58242000000,0.1027000000,2.05600000,4.88000000,241.94900000,293.7327870,41.9006366,,5649.18,1.020000,1.467000
Kepler-449 c,Kepler-449,2,Transit,2015,33.67270000000,0.1979000000,2.76400000,8.07000000,241.94900000,293.7327870,41.9006366,,5649.18,1.020000,1.467000
Kepler-45 b,Kepler-45,1,Transit,2011,2.45523900000,0.0300000000,10.76000000,160.49700000,381.94900000,292.8729292,41.0641727,M,3820.00,0.590000,0.550000
Kepler-450 b,Kepler-450,3,Transit,2015,28.45485100000,0.2009200000,6.14000000,19.40000000,455.98200000,295.4865821,51.0135237,,6197.21,1.190000,1.641620
Kepler-450 c,Kepler-450,3,Transit,2015,15.41313500000,0.1335100000,2.62000000,12.50000000,455.98200000,295.4865821,51.0135237,,6197.21,1.190000,1.641620
Kepler-450 d,Kepler-450,3,Transit,2015,7.51464000000,0.0827000000,0.83700000,17.60000000,455.98200000,295.4865821,51.0135237,,6197.21,1.190000,1.641620
Kepler-451 c,2MASS J19383260+4603591,3,Eclipse Timing Variations,2022,1460.00000000000,,13.50000000,511.70373527,396.33200000,294.6359173,46.0664076,,29564.00,0.480000,0.203000
Kepler-451 d,2MASS J19383260+4603591,3,Eclipse Timing Variations,2022,43.00000000000,,13.50000000,559.37799632,396.33200000,294.6359173,46.0664076,,29564.00,0.480000,0.203000
Kepler-452 b,Kepler-452,1,Transit,2015,384.84300000000,1.0460000000,1.63000000,3.29000000,551.72700000,296.0037520,44.2775861,G2,5757.00,1.037000,1.110000
Kepler-453 b,Kepler-453,1,Transit,2015,240.50300000000,0.7903000000,6.20400000,16.00000000,442.84600000,283.2413322,46.3784691,,5527.00,0.944000,0.833000
Kepler-454 b,Kepler-454,3,Transit,2015,10.57375340000,0.0952800000,2.37000000,5.40000000,230.86900000,287.4786474,38.2290751,,5687.00,1.030000,1.066000
Kepler-454 c,Kepler-454,3,Radial Velocity,2015,524.19000000000,1.2870000000,12.90000000,1433.40611557,230.86900000,287.4786474,38.2290751,,5687.00,1.030000,1.066000
Kepler-454 d,Kepler-454,3,Radial Velocity,2023,4073.00000000000,5.1000000000,13.30000000,734.18362017,230.86900000,287.4786474,38.2290751,,5687.00,1.030000,1.066000
Kepler-457 d,KOI-7892,3,Transit,2021,10.69060040000,0.0996000000,2.98467257,9.19000000,1072.30000000,282.3775397,44.6945690,,6474.00,1.148000,1.242000
Kepler-458 c,KIC 9663113,2,Transit,2016,20.74028413000,0.1701200000,4.20000000,16.40000000,1594.74000000,297.0454037,46.3286653,,6117.21,1.150000,2.215620
Kepler-46 b,Kepler-46,3,Transit,2012,33.60134000000,0.1968000000,9.05700000,1907.00000000,777.06000000,289.2687388,42.6041819,,5155.00,0.902000,0.938000
Kepler-46 c,Kepler-46,3,Transit Timing Variations,2012,57.01100000000,0.2799000000,13.50000000,119.49900000,777.06000000,289.2687388,42.6041819,,5155.00,0.902000,0.938000
Kepler-46 d,Kepler-46,3,Transit,2014,6.76658900000,0.0670000000,1.64000000,3.33000000,777.06000000,289.2687388,42.6041819,,5309.00,0.883000,0.790000
Kepler-460 c,KIC 5437945,2,Transit,2016,220.13033570000,0.7531800000,5.52000000,26.10000000,1274.01000000,288.4749028,40.6512848,,6146.00,1.170000,1.260000
Kepler-461 b,Kepler-461,1,Transit,2016,8.31378305900,0.0789500000,2.58000000,7.18000000,692.15800000,292.2490563,46.1647909,,5634.00,0.980000,0.910000
Kepler-462 b,Kepler-462,2,Transit,2016,84.68660000000,0.4172000000,3.00000000,53.90000000,596.62500000,299.8211502,43.8142793,,7500.00,1.590000,1.570000
Kepler-462 c,Kepler-462,2,Transit,2018,207.62000000000,0.7584000000,4.00000000,6.00000000,596.62500000,299.8211502,43.8142793,,7500.00,1.590000,1.570000
Kepler-463 b,Kepler-463,1,Transit,2016,8.98101683300,0.0792500000,3.05000000,9.53000000,394.80400000,298.9368228,44.8578644,,5661.00,0.870000,0.900000
Kepler-464 b,Kepler-464,1,Transit,2016,7.25696522400,0.0793100000,3.30000000,10.90000000,667.60400000,294.8351052,48.9823204,,5933.00,1.210000,1.590000
Kepler-465 b,Kepler-465,1,Transit,2016,9.94067246600,0.0919500000,2.95000000,9.01000000,553.07700000,284.5557853,46.0638865,,6310.00,1.230000,1.290000
Kepler-466 b,Kepler-466,2,Transit,2016,51.07926307000,0.2676900000,2.85000000,8.50000000,530.12200000,295.6486585,48.4955191,,5927.00,1.040000,1.050000
Kepler-466 c,Kepler-466,2,Transit,2016,3.70921384600,0.0465800000,1.25000000,2.10000000,530.12200000,295.6486585,48.4955191,,5927.00,1.040000,1.050000
Kepler-467 b,Kepler-467,1,Transit,2016,24.99324193000,0.1684800000,2.25000000,5.69000000,466.26500000,287.3629145,38.6497341,,5809.00,1.050000,1.370000
Kepler-468 b,Kepler-468,1,Transit,2016,38.47875706700,0.2213000000,13.34000000,,442.87100000,288.9022829,49.3704079,,5498.00,0.960000,0.870000
Kepler-47 b,Kepler-47,3,Transit,2012,49.46430000000,0.2877000000,3.05000000,2.07000000,1025.02000000,295.2978883,46.9204303,,5636.00,0.957000,0.936000
Kepler-47 c,Kepler-47,3,Transit,2012,303.22700000000,0.9638000000,4.65000000,3.17000000,1025.02000000,295.2978883,46.9204303,,5636.00,0.957000,0.936000
Kepler-47 d,Kepler-47,3,Transit,2019,187.36600000000,0.6992000000,7.04000000,19.02000000,1025.02000000,295.2978883,46.9204303,,5636.00,0.957000,0.936000
Kepler-471 b,Kepler-471,1,Transit,2016,5.01423457500,0.0626000000,14.96000000,,1249.41000000,299.0975167,43.4975851,,6733.00,1.490000,1.800000
Kepler-472 b,Kepler-472,1,Transit,2016,4.17625551400,0.0482300000,3.22000000,10.50000000,306.60200000,296.5245187,39.2498503,,4996.00,0.850000,0.780000
Kepler-473 b,Kepler-473,1,Transit,2016,14.55731705000,0.1204800000,4.08000000,15.60000000,905.93700000,286.6300796,38.9455907,,5816.00,1.060000,1.340000
Kepler-474 b,Kepler-474,1,Transit,2016,5.66067293500,0.0609200000,3.06000000,9.59000000,841.49600000,292.3215174,43.8811723,,5785.00,0.990000,1.080000
Kepler-475 b,Kepler-475,1,Transit,2016,3.10550818900,0.0398900000,2.49000000,6.76000000,280.06900000,287.0516940,40.2114232,,5009.00,0.860000,0.790000
Kepler-476 b,Kepler-476,1,Transit,2016,14.00640607000,0.1126000000,3.08000000,9.69000000,813.53500000,295.1637592,43.9630716,,5837.00,1.030000,1.090000
Kepler-477 b,Kepler-477,1,Transit,2016,11.11990653000,0.0911000000,2.07000000,4.94000000,367.00000000,288.0674450,42.3553050,,5240.00,0.870000,0.790000
Kepler-478 b,Kepler-478,1,Transit,2016,13.22175760000,0.1032000000,2.71000000,7.80000000,420.00000000,292.4870063,46.1961870,,5210.00,0.850000,0.800000
Kepler-479 b,Kepler-479,1,Transit,2016,12.49341307000,0.0963600000,2.12000000,5.14000000,344.90100000,291.0218899,37.7698734,,5247.00,0.860000,0.810000
Kepler-48 b,Kepler-48,5,Transit,2012,4.77800000000,0.0539400000,1.88000000,3.94000000,306.73800000,299.1393094,40.9489390,,5194.00,0.880000,0.890000
Kepler-48 c,Kepler-48,5,Transit,2012,9.67395000000,0.0863300000,2.71000000,14.61000000,306.73800000,299.1393094,40.9489390,,5194.00,0.880000,0.890000
Kepler-48 d,Kepler-48,5,Transit,2014,42.89610000000,0.2330200000,2.04000000,7.93000000,306.73800000,299.1393094,40.9489390,,5194.00,0.880000,0.890000
Kepler-48 e,Kepler-48,5,Radial Velocity,2014,982.00000000000,1.8982747480,13.40000000,657.00000000,306.73800000,299.1393094,40.9489390,,5194.00,0.880000,0.890000
Kepler-48 f,Kepler-48,5,Radial Velocity,2023,5219.68185400000,5.7191878770,13.80000000,298.58099680,306.73800000,299.1393094,40.9489390,,5190.00,0.916000,0.836000
Kepler-480 b,Kepler-480,1,Transit,2016,4.91958379500,0.0602400000,2.78000000,8.15000000,847.50800000,294.4639165,49.7650473,,6322.00,1.250000,1.340000
Kepler-481 b,Kepler-481,1,Transit,2016,10.06082567000,0.0892600000,2.50000000,6.80000000,813.72400000,291.9069862,49.2620760,,5802.00,1.010000,1.090000
Kepler-482 b,Kepler-482,1,Transit,2016,56.35418576000,0.2578700000,2.36000000,6.17000000,313.06800000,296.8229326,48.1077628,,4871.00,0.750000,0.720000
Kepler-483 b,Kepler-483,1,Transit,2016,30.22910400000,0.1947100000,3.21000000,10.40000000,860.35500000,291.6467764,41.8846843,,6346.00,1.280000,1.470000
Kepler-484 b,Kepler-484,1,Transit,2016,10.04556931300,0.0903600000,2.28000000,5.82000000,382.13600000,284.3942844,46.2491109,,5668.00,0.960000,0.870000
Kepler-485 b,Kepler-485,1,Transit,2016,3.24325979600,0.0440100000,14.41000000,,1140.95000000,294.9963415,50.4700458,,5958.00,1.070000,1.090000
Kepler-487 b,Kepler-487,3,Transit,2016,15.35876840300,0.1181900000,11.42000000,,872.34300000,295.2872318,41.2220033,,5444.00,0.910000,0.880000
Kepler-487 c,Kepler-487,3,Transit,2016,38.65199760000,0.2186400000,2.68000000,7.65000000,872.34300000,295.2872318,41.2220033,,5444.00,0.910000,0.880000
Kepler-487 d,Kepler-487,3,Transit,2021,2.41839003600,0.0344500000,2.77513568,8.12000000,872.34300000,295.2872318,41.2220033,,5422.00,0.874000,0.887000
Kepler-489 b,Kepler-489,1,Transit,2016,17.27629611900,0.1210900000,7.72000000,46.10000000,369.64500000,290.8332412,38.1841851,,5014.00,0.820000,0.760000
Kepler-49 b,Kepler-49,4,Transit,2012,7.20000000000,0.0592900000,2.57900000,9.77000000,311.22200000,292.2945208,40.5918123,M1 V,4095.60,0.607000,0.618000
Kepler-49 c,Kepler-49,4,Transit,2012,10.91000000000,0.0782100000,2.44400000,8.38000000,311.22200000,292.2945208,40.5918123,M1 V,4095.60,0.607000,0.618000
Kepler-49 d,Kepler-49,4,Transit,2014,2.57654900000,0.0310000000,1.60000000,235.98200000,311.22200000,292.2945208,40.5918123,M1 V,4252.00,0.549000,0.559000
Kepler-49 e,Kepler-49,4,Transit,2014,18.59610800000,0.1160000000,1.56000000,1.03815000,311.22200000,292.2945208,40.5918123,M1 V,4252.00,0.549000,0.559000
Kepler-490 b,Kepler-490,1,Transit,2016,3.26869515400,0.0453000000,11.65000000,,1523.00000000,295.0256620,46.9559536,,6045.00,1.080000,1.120000
Kepler-491 b,Kepler-491,1,Transit,2016,4.22538451200,0.0519100000,8.92000000,59.00000000,630.78500000,287.1305782,42.3501533,,5582.00,1.040000,1.030000
Kepler-493 b,Kepler-493,1,Transit,2016,3.00387658100,0.0439000000,15.13000000,,1745.77000000,295.3075252,38.8815716,,6457.00,1.360000,1.540000
Kepler-495 b,Kepler-495,2,Transit,2016,3.41303622100,0.0427000000,5.23000000,23.80000000,658.92400000,285.9307362,39.0981201,,5346.00,0.860000,0.830000
Kepler-495 c,Kepler-495,2,Transit,2021,5.89660978300,0.0614000000,1.21936414,1.98000000,658.92400000,285.9307362,39.0981201,,5392.00,0.888000,1.087000
Kepler-496 b,Kepler-496,1,Transit,2016,8.30864937000,0.0747000000,2.32000000,5.99000000,605.27400000,291.6408978,41.2411044,,5293.00,0.860000,0.820000
Kepler-497 b,Kepler-497,1,Transit,2016,3.57320367100,0.0457000000,6.04000000,30.40000000,1291.98000000,290.7659557,38.9279468,,5834.00,1.090000,1.110000
Kepler-498 b,Kepler-498,1,Transit,2016,9.61375356000,0.0897000000,3.03000000,9.43000000,938.84400000,290.3581592,44.5187225,,5744.00,0.980000,0.960000
Kepler-499 b,Kepler-499,1,Transit,2016,5.63252845300,0.0598000000,2.17000000,5.35000000,556.72600000,295.1099549,43.9151012,,5312.00,0.870000,0.830000
Kepler-5 b,Kepler-5,1,Transit,2009,3.54846570000,0.0538000000,15.98403400,670.93913000,899.77700000,299.4070341,44.0350387,,6297.00,1.374000,1.793000
Kepler-50 b,Kepler-50,2,Transit,2012,7.81254000000,0.0770000000,1.71000000,8.90000000,250.11000000,288.1009312,50.0336844,,6225.00,1.240000,1.580000
Kepler-50 c,Kepler-50,2,Transit,2012,9.37647000000,0.0870000000,2.17000000,8.20000000,250.11000000,288.1009312,50.0336844,,6225.00,1.240000,1.580000
Kepler-500 b,Kepler-500,1,Transit,2016,8.50832439800,0.0836100000,2.58000000,7.18000000,807.48000000,295.9513472,43.8519884,,5813.00,1.020000,1.030000
Kepler-501 b,Kepler-501,2,Transit,2016,5.64067757200,0.0627000000,4.30000000,17.10000000,1125.24000000,297.2014919,41.7301534,,5904.00,1.030000,1.040000
Kepler-501 c,Kepler-501,2,Transit,2021,3.62276005700,0.0467000000,1.68119739,3.47000000,1125.24000000,297.2014919,41.7301534,,5794.00,1.032000,1.216000
Kepler-502 b,Kepler-502,1,Transit,2016,4.28686431000,0.0535000000,4.77000000,20.40000000,1591.04000000,291.0801330,43.8601911,,6125.00,1.150000,1.220000
Kepler-504 b,Kepler-504,1,Transit,2016,9.54927542200,0.0646000000,1.59000000,3.15000000,99.06880000,284.9219608,45.9723265,,3519.00,0.330000,0.330000
Kepler-505 b,Kepler-505,1,Transit,2016,27.52197994000,0.1445000000,2.60000000,7.27000000,283.41000000,287.8579530,42.5426758,,3931.00,0.550000,0.530000
Kepler-506 b,Kepler-506,1,Transit,2016,6.88340550000,0.0743700000,2.73000000,7.90000000,228.43900000,284.6351885,40.7198296,,6236.00,1.190000,1.190000
Kepler-507 b,Kepler-507,1,Transit,2016,3.56809692600,0.0478100000,1.30000000,5.69692195,391.64400000,297.0188074,50.4090460,,6113.00,1.160000,1.320000
Kepler-508 b,Kepler-508,1,Transit,2016,25.30889748000,0.1727400000,1.64000000,3.33000000,324.61800000,295.4042546,42.9812789,,6025.00,1.160000,1.250000
Kepler-509 b,Kepler-509,1,Transit,2016,41.74600392000,0.2370200000,2.49000000,6.76000000,332.44300000,289.6643940,48.7061650,,6060.00,1.100000,1.200000
Kepler-51 b,Kepler-51,4,Transit,2012,45.15400000000,0.2514000000,7.10000000,2.10000000,783.83100000,296.4797624,49.9376486,,6018.00,1.040000,0.940000
Kepler-51 c,Kepler-51,4,Transit,2012,85.31200000000,0.3840000000,9.00000000,4.00000000,783.83100000,296.4797624,49.9376486,,6018.00,1.040000,0.940000
Kepler-51 d,Kepler-51,4,Transit,2014,130.19400000000,0.5090000000,9.70000000,7.60000000,783.83100000,296.4797624,49.9376486,,6018.00,1.040000,0.940000
Kepler-51 e,Kepler-51,4,Transit Timing Variations,2024,264.28400000000,,2.18000000,5.40000000,783.83100000,296.4797624,49.9376486,,5674.00,0.960000,0.870000
Kepler-510 b,Kepler-510,1,Transit,2016,19.55659418000,0.1352000000,2.47000000,6.66000000,386.17700000,287.6550196,39.2441716,,5746.00,0.910000,1.410000
Kepler-511 b,Kepler-511,2,Transit,2016,296.63786500000,0.8567200000,6.35000000,33.10000000,651.99900000,282.9455384,47.5749181,,5770.00,1.000000,1.200000
Kepler-511 c,Kepler-511,2,Transit,2021,26.62949944000,0.1717700000,4.20964327,16.50000000,651.99900000,282.9455384,47.5749181,,5866.00,0.958000,1.417000
Kepler-512 b,Kepler-512,1,Transit,2016,34.43587975000,0.2139500000,2.69000000,7.70000000,467.37500000,298.2689217,48.9167391,,5997.00,1.170000,1.300000
Kepler-513 b,Kepler-513,1,Transit,2016,28.86235584000,0.1779000000,2.20000000,5.48000000,468.25800000,285.0416235,50.0753913,,5849.00,1.020000,1.060000
Kepler-514 b,Kepler-514,1,Transit,2016,5.65179605000,0.0655900000,1.72000000,3.61000000,455.33600000,286.2471739,50.2423694,,6106.00,1.280000,1.440000
Kepler-515 b,Kepler-515,1,Transit,2016,19.96371318000,0.1333000000,1.46000000,2.73000000,255.00000000,290.4939130,52.0556110,,5293.00,0.900000,0.830000
Kepler-516 b,Kepler-516,1,Transit,2016,24.85462415000,0.1992000000,5.74000000,27.90000000,687.09400000,295.6087625,38.7357368,,7099.00,1.620000,2.020000
Kepler-517 b,Kepler-517,1,Transit,2016,60.92832271000,0.2868200000,2.67000000,7.61000000,289.90700000,293.6755138,41.2952061,,5690.00,0.950000,0.980000
Kepler-518 b,Kepler-518,1,Transit,2016,8.51203587700,0.0799600000,2.11000000,5.10000000,337.90100000,287.0900190,41.3737576,,5842.00,0.960000,0.880000
Kepler-519 b,Kepler-519,1,Transit,2016,24.30789460000,0.1593200000,2.10000000,5.06000000,246.61000000,299.3196708,41.3847447,,5260.00,0.890000,0.800000
Kepler-52 b,Kepler-52,3,Transit,2012,7.87735650000,0.0637000000,2.10000000,135.00000000,321.54200000,286.7380152,49.9757383,M0 V,4075.00,0.540000,0.520000
Kepler-52 c,Kepler-52,3,Transit,2012,16.38500210000,0.1037900000,1.84000000,45.40000000,321.54200000,286.7380152,49.9757383,M0 V,4075.00,0.540000,0.520000
Kepler-52 d,Kepler-52,3,Transit,2014,36.44517100000,0.1820000000,1.95000000,88.87750000,321.54200000,286.7380152,49.9757383,M0 V,4263.00,0.577000,0.556000
Kepler-520 b,Kepler-520,2,Transit,2016,19.67416124000,0.1462800000,1.66000000,3.39000000,623.90100000,293.1802903,41.6177408,,6112.00,1.100000,1.090000
Kepler-520 c,Kepler-520,2,Transit,2016,5.21104261000,0.0603500000,1.07000000,1.24000000,623.90100000,293.1802903,41.6177408,,6112.00,1.100000,1.090000
Kepler-521 b,Kepler-521,1,Transit,2016,22.20813214000,0.1711600000,3.18000000,10.20000000,830.63800000,298.8163801,43.9980203,,6406.00,1.340000,1.460000
Kepler-522 b,Kepler-522,1,Transit,2016,38.58422849000,0.2502900000,6.91000000,38.20000000,639.23900000,288.1539730,44.0688154,,6392.00,1.540000,1.980000
Kepler-523 b,Kepler-523,1,Transit,2016,5.83598311100,0.0615900000,1.96000000,4.50000000,253.29500000,284.0611224,45.5068127,,5515.00,0.930000,0.860000
Kepler-524 b,Kepler-524,2,Transit,2016,7.97419807000,0.0795500000,1.91000000,4.31000000,1058.24000000,296.8591787,49.1620125,,6014.00,1.090000,1.100000
Kepler-524 c,Kepler-524,2,Transit,2016,1.88897906000,0.0304600000,0.96000000,0.84000000,1058.24000000,296.8591787,49.1620125,,6014.00,1.090000,1.100000
Kepler-525 b,Kepler-525,1,Transit,2016,18.68404933000,0.1438600000,2.63000000,7.41000000,992.85200000,296.1834239,47.3587776,,5573.00,0.950000,1.150000
Kepler-526 b,Kepler-526,1,Transit,2016,5.45849831600,0.0651800000,1.99000000,4.62000000,666.14600000,297.6509281,47.3962246,,5894.00,1.150000,1.140000
Kepler-527 b,Kepler-527,1,Transit,2016,13.28535633000,0.1164600000,2.84000000,8.45000000,750.04000000,290.9579130,47.4062673,,6388.00,1.280000,1.450000
Kepler-528 b,Kepler-528,1,Transit,2016,19.78297415000,0.1421900000,2.08000000,4.98000000,784.23000000,295.6848595,47.7480914,,5807.00,1.010000,1.060000
Kepler-529 b,Kepler-529,3,Transit,2016,1.98035766300,0.0309000000,1.86000000,4.12000000,799.00800000,285.8884067,47.8803640,,6087.00,1.070000,1.140000
Kepler-529 c,Kepler-529,3,Transit,2016,12.83450220000,0.1075000000,2.00000000,4.66000000,799.00800000,285.8884067,47.8803640,,6087.00,1.070000,1.140000
Kepler-529 d,Kepler-529,3,Transit,2021,35.86619949000,0.2134000000,2.79502603,8.22000000,799.00800000,285.8884067,47.8803640,,6078.00,1.005000,1.189000
Kepler-53 b,Kepler-53,3,Transit,2012,18.64895250000,0.1361000000,2.89000000,111.00000000,1366.07000000,290.4617926,40.5624966,,5858.00,0.980000,0.890000
Kepler-53 c,Kepler-53,3,Transit,2012,38.55830380000,0.2209100000,3.17000000,36.00000000,1366.07000000,290.4617926,40.5624966,,5858.00,0.980000,0.890000
Kepler-53 d,Kepler-53,3,Transit,2014,9.75196200000,0.0910000000,2.12000000,37.19070000,1366.07000000,290.4617926,40.5624966,,6085.00,0.966000,0.958000
Kepler-530 b,Kepler-530,1,Transit,2016,39.30941904000,0.2149100000,3.01000000,9.32000000,457.70900000,283.3402948,48.5490620,,5697.00,0.970000,0.890000
Kepler-531 b,Kepler-531,1,Transit,2016,29.88485741000,0.1744600000,2.78000000,8.15000000,252.76200000,286.5246582,48.6835481,,4893.00,0.780000,0.750000
Kepler-532 b,Kepler-532,1,Transit,2016,12.92491623000,0.1015100000,2.57000000,7.13000000,312.79800000,298.6609094,48.6063022,,5192.00,0.870000,0.790000
Kepler-533 b,Kepler-533,1,Transit,2016,28.51120525000,0.1670400000,3.38000000,11.40000000,302.95500000,293.6856893,48.8249915,,4758.00,0.780000,0.720000
Kepler-534 b,Kepler-534,2,Transit,2016,15.95994513000,0.1272000000,2.24000000,5.65000000,570.65900000,296.4185696,49.5401480,,5884.00,1.050000,0.980000
Kepler-534 c,Kepler-534,2,Transit,2021,7.37868976600,0.0761000000,1.22700000,2.02000000,570.65900000,296.4185696,49.5401480,,5936.00,1.075000,0.965000
Kepler-535 b,Kepler-535,1,Transit,2016,4.90332155100,0.0601100000,2.36000000,6.17000000,685.59900000,296.5666587,49.6961742,,6123.00,1.180000,1.270000
Kepler-536 b,Kepler-536,1,Transit,2016,1.82708229900,0.0283500000,3.10000000,9.80000000,462.32200000,297.7363605,49.6371010,,5524.00,0.920000,0.890000
Kepler-537 b,Kepler-537,1,Transit,2016,3.24755521900,0.0431700000,1.41000000,2.57000000,439.40000000,289.8805804,51.2769907,,5763.00,1.070000,0.990000
Kepler-538 b,Kepler-538,1,Transit,2016,81.73778000000,0.3554000000,2.21500000,12.90000000,155.95600000,297.4865503,49.6233975,,5534.00,0.892000,0.871700
Kepler-539 b,Kepler-539,2,Transit,2016,125.63243000000,0.4988000000,8.37312300,308.29510000,307.31800000,299.1224639,41.8667953,G2 V,5820.00,1.048000,0.952000
Kepler-539 c,Kepler-539,2,Transit Timing Variations,2016,1000.00000000000,2.4200000000,13.30000000,762.79200000,307.31800000,299.1224639,41.8667953,G2 V,5820.00,1.048000,0.952000
Kepler-54 b,Kepler-54,3,Transit,2012,8.01094340000,0.0619000000,2.10000000,0.98000000,271.70100000,294.7739245,43.0561976,M1 V,3705.00,0.510000,0.500000
Kepler-54 c,Kepler-54,3,Transit,2012,12.07172490000,0.0809000000,1.23000000,0.70000000,271.70100000,294.7739245,43.0561976,M1 V,3705.00,0.510000,0.500000
Kepler-54 d,Kepler-54,3,Transit,2014,20.99569400000,0.1260000000,1.53000000,12.09460000,271.70100000,294.7739245,43.0561976,M1 V,4252.00,0.518000,0.554000
Kepler-540 b,Kepler-540,1,Transit,2016,172.70497840000,0.5882200000,2.71000000,7.80000000,390.37400000,290.6249953,44.8737757,,5946.00,1.020000,1.080000
Kepler-541 b,Kepler-541,1,Transit,2016,5.08005848000,0.0644700000,3.36000000,11.20000000,1060.68000000,294.1496529,38.4582070,,6166.00,1.410000,2.060000
Kepler-542 b,Kepler-542,1,Transit,2016,13.14497566000,0.1070300000,1.57000000,3.09000000,436.01600000,292.2149697,38.5485469,,5526.00,0.930000,0.900000
Kepler-543 b,Kepler-543,1,Transit,2016,13.89961966000,0.1023000000,2.50000000,6.80000000,221.80200000,287.2187273,38.8625366,,4671.00,0.700000,0.670000
Kepler-544 b,Kepler-544,1,Transit,2016,21.41616926000,0.1548200000,2.12000000,5.14000000,963.18000000,294.0290734,39.0517893,,6206.00,1.160000,1.220000
Kepler-545 b,Kepler-545,1,Transit,2016,13.24934059000,0.1124800000,2.69000000,7.70000000,818.00100000,290.5663221,40.6920756,,5882.00,1.040000,1.070000
Kepler-546 b,Kepler-546,1,Transit,2016,4.14702025800,0.0502000000,7.00000000,39.10000000,1019.65000000,283.2575730,40.9904095,,5967.00,1.110000,1.150000
Kepler-547 b,Kepler-547,1,Transit,2016,6.01038428900,0.0580000000,4.00000000,15.10000000,378.97200000,286.1185888,44.3452063,,4828.00,0.780000,0.730000
Kepler-548 b,Kepler-548,1,Transit,2016,4.45419433800,0.0495000000,11.99000000,,751.77600000,299.9059167,45.4396103,,5535.00,0.930000,0.900000
Kepler-549 b,Kepler-549,3,Transit,2016,42.94956490000,0.2323600000,2.57000000,11.00000000,635.14500000,283.0228527,47.2611431,,5360.00,0.880000,0.840000
Kepler-549 c,Kepler-549,3,Transit,2016,117.04049800000,0.4533200000,2.93000000,8.91000000,635.14500000,283.0228527,47.2611431,,5360.00,0.880000,0.840000
Kepler-549 d,Kepler-549,3,Transit,2023,24.61480613000,0.1575000000,4.20000000,16.40000000,635.14500000,283.0228527,47.2611431,,5312.00,0.859000,0.986000
Kepler-55 b,Kepler-55,5,Transit,2012,27.94814490000,0.1593000000,2.43000000,43.00000000,578.79600000,285.1683291,44.0264898,,4362.00,0.620000,0.580000
Kepler-55 c,Kepler-55,5,Transit,2012,42.15164180000,0.2095000000,2.21000000,69.80000000,578.79600000,285.1683291,44.0264898,,4362.00,0.620000,0.580000
Kepler-55 d,Kepler-55,5,Transit,2014,2.21109900000,0.0290000000,1.59000000,3.15000000,578.79600000,285.1683291,44.0264898,,4503.00,0.631000,0.619000
Kepler-55 e,Kepler-55,5,Transit,2014,4.61753400000,0.0480000000,1.55000000,3.02000000,578.79600000,285.1683291,44.0264898,,4503.00,0.631000,0.619000
Kepler-55 f,Kepler-55,5,Transit,2014,10.19854500000,0.0810000000,1.59000000,3.15000000,578.79600000,285.1683291,44.0264898,,4503.00,0.631000,0.619000
Kepler-550 b,Kepler-550,1,Transit,2016,8.60010410900,0.0747000000,4.42000000,17.90000000,531.94400000,297.7001786,47.8637046,,5322.00,0.870000,0.830000
Kepler-551 b,Kepler-551,1,Transit,2016,12.37646610000,0.0893000000,2.73000000,7.90000000,311.17500000,285.4850450,48.0543774,,4286.00,0.650000,0.630000
Kepler-552 b,Kepler-552,1,Transit,2016,5.26341576500,0.0612000000,3.95000000,14.80000000,843.68900000,290.7476903,48.2419838,,5863.00,1.030000,1.040000
Kepler-553 b,Kepler-553,2,Transit,2016,4.03046700000,0.0476600000,4.74139884,116.00736855,728.52500000,298.5508922,48.3325405,,5191.00,0.889000,0.902000
Kepler-553 c,Kepler-553,2,Transit,2016,328.24017000000,0.8980000000,11.57887706,2129.45032690,728.52500000,298.5508922,48.3325405,,5191.00,0.889000,0.902000
Kepler-554 b,Kepler-554,1,Transit,2016,1.90220855600,0.0302200000,4.29000000,17.00000000,690.52500000,296.4068982,51.3581938,,5447.00,0.930000,0.920000
Kepler-555 b,Kepler-555,1,Transit,2016,16.21775407000,0.1201000000,2.83000000,8.40000000,973.12100000,285.5168720,38.9324587,,5894.00,1.030000,1.040000
Kepler-556 b,Kepler-556,1,Transit,2016,11.72292176000,0.0983300000,2.24000000,5.65000000,674.59800000,290.5294799,38.9427306,,5740.00,1.000000,0.980000
Kepler-557 b,Kepler-557,1,Transit,2016,3.70598955100,0.0469000000,2.67000000,7.61000000,2097.12000000,293.7084179,41.6151084,,6068.00,1.110000,1.160000
Kepler-558 b,Kepler-558,1,Transit,2016,29.00790538000,0.1759000000,2.37000000,6.21000000,661.87600000,284.6579709,42.6526751,,5242.00,0.850000,0.810000
Kepler-559 b,Kepler-559,1,Transit,2016,17.58752333000,0.1277000000,3.61000000,12.70000000,776.70800000,296.6368878,43.8027948,,5630.00,0.960000,0.950000
Kepler-56 b,Kepler-56,3,Transit,2012,10.50160000000,0.1028000000,6.51000000,22.10000000,912.99400000,293.7583002,41.8718070,,4840.00,1.320000,4.230000
Kepler-56 c,Kepler-56,3,Transit,2012,21.40239000000,0.1652000000,9.80000000,181.00000000,912.99400000,293.7583002,41.8718070,,4840.00,1.320000,4.230000
Kepler-56 d,Kepler-56,3,Radial Velocity,2016,1002.00000000000,2.1600000000,12.80000000,1784.00000000,912.99400000,293.7583002,41.8718070,,4819.44,1.290000,4.217990
Kepler-560 b,Kepler-560,1,Transit,2016,18.47764449000,0.0899000000,1.72000000,3.61000000,109.30800000,300.2066441,45.0182402,,3556.00,0.340000,0.330000
Kepler-561 b,Kepler-561,2,Transit,2016,58.36204950000,0.2925600000,6.96000000,38.70000000,621.37800000,293.7471107,45.1071981,,5646.00,0.960000,0.940000
Kepler-561 c,Kepler-561,2,Transit,2016,5.35016198300,0.0594700000,2.68000000,7.65000000,621.37800000,293.7471107,45.1071981,,5646.00,0.960000,0.940000
Kepler-562 b,Kepler-562,1,Transit,2016,18.00931443600,0.1333000000,5.21000000,23.70000000,992.76900000,290.1196007,46.2737393,,5575.00,0.930000,0.900000
Kepler-563 b,Kepler-563,1,Transit,2016,22.18432708000,0.1418000000,3.09000000,9.75000000,565.20700000,292.4461832,46.2897548,,5066.00,0.800000,0.770000
Kepler-564 b,Kepler-564,1,Transit,2016,3.75083228500,0.0484000000,4.63000000,19.40000000,863.03700000,296.8383661,46.6263912,,5626.00,0.950000,0.920000
Kepler-565 b,Kepler-565,1,Transit,2016,4.24374722600,0.0501000000,3.64000000,12.90000000,1041.00000000,283.6180825,47.1967793,,5735.00,0.980000,0.950000
Kepler-566 b,Kepler-566,1,Transit,2016,18.42794624000,0.1247000000,2.15000000,5.27000000,564.27700000,291.5544735,47.8144362,,5132.00,0.830000,0.790000
Kepler-567 b,Kepler-567,1,Transit,2016,16.54297375000,0.1229000000,2.25000000,5.69000000,558.81000000,297.6726072,48.3023458,,5148.00,0.840000,0.790000
Kepler-568 b,Kepler-568,1,Transit,2016,11.02347475000,0.0794000000,2.26000000,5.73000000,130.64500000,298.1061315,48.4016448,,3768.00,0.550000,0.530000
Kepler-569 b,Kepler-569,1,Transit,2016,34.18890521000,0.1978400000,3.16000000,10.10000000,638.30100000,283.5072190,48.5526330,,5616.00,0.950000,0.930000
Kepler-57 b,Kepler-57,2,Transit,2012,5.72000000000,0.0598800000,3.13500000,25.06000000,644.14000000,293.6413146,44.6570692,,5187.90,0.859000,0.826000
Kepler-57 c,Kepler-57,2,Transit,2012,11.60000000000,0.0958800000,2.19600000,6.86000000,644.14000000,293.6413146,44.6570692,,5187.90,0.859000,0.826000
Kepler-570 b,Kepler-570,1,Transit,2016,4.30166200300,0.0497000000,2.45000000,6.57000000,568.14800000,290.4376111,48.7918597,,5496.00,0.930000,0.900000
Kepler-571 b,Kepler-571,1,Transit,2016,4.79859938800,0.0546000000,2.64000000,7.46000000,723.87500000,286.5510448,49.4187310,,5527.00,0.930000,0.900000
Kepler-572 b,Kepler-572,1,Transit,2016,17.20523483000,0.1192000000,2.58000000,7.18000000,504.66700000,291.2211720,50.5813487,,5212.00,0.830000,0.790000
Kepler-573 b,Kepler-573,1,Transit,2016,22.18329658000,0.1452700000,2.79000000,8.20000000,771.47100000,289.5211955,51.2374057,,5746.00,0.990000,1.020000
Kepler-574 b,Kepler-574,1,Transit,2016,7.65880414000,0.0723000000,2.39000000,6.30000000,682.89600000,290.2470519,52.1491051,,5612.00,0.950000,0.910000
Kepler-575 b,Kepler-575,1,Transit,2016,9.37891944000,0.0788000000,2.39000000,6.30000000,853.97700000,286.9638856,37.8296147,,5710.00,0.970000,0.950000
Kepler-576 b,Kepler-576,1,Transit,2016,29.91136794000,0.1790000000,3.27000000,10.70000000,617.55000000,295.1828896,38.6542028,,5672.00,0.990000,0.970000
Kepler-577 b,Kepler-577,1,Transit,2016,25.69578251000,0.1348000000,2.55000000,7.04000000,524.24700000,294.7119855,39.0737317,,4984.00,0.780000,0.730000
Kepler-578 b,Kepler-578,1,Transit,2016,1.61688369600,0.0266000000,2.00000000,4.66000000,541.43200000,288.7549882,39.5636960,,5334.00,0.870000,0.830000
Kepler-579 b,Kepler-579,1,Transit,2016,9.66857723000,0.0854000000,2.00000000,4.66000000,530.76500000,295.0020771,39.9528613,,5636.00,0.990000,0.960000
Kepler-58 b,Kepler-58,4,Transit,2012,10.21849540000,0.0929100000,2.78000000,35.50000000,969.25200000,296.3586251,39.1152033,,5843.00,0.950000,1.030000
Kepler-58 c,Kepler-58,4,Transit,2012,15.57415680000,0.1230700000,2.86000000,53.00000000,969.25200000,296.3586251,39.1152033,,5843.00,0.950000,1.030000
Kepler-58 d,Kepler-58,4,Transit,2014,40.10137100000,0.2360000000,2.94000000,245.34300000,969.25200000,296.3586251,39.1152033,,6099.00,1.024000,1.127000
Kepler-58 e,Kepler-58,4,Transit,2023,4.45814897000,0.0533000000,1.61000000,597.79600000,969.25200000,296.3586251,39.1152033,,6100.00,1.017000,1.083000
Kepler-580 b,Kepler-580,1,Transit,2016,8.22241965600,0.0683000000,2.57000000,7.13000000,323.89900000,283.4997537,40.5528053,,4298.00,0.670000,0.640000
Kepler-581 b,Kepler-581,1,Transit,2016,40.60698210000,0.2259000000,2.63000000,7.41000000,703.75800000,295.4326552,40.6481874,,5772.00,1.000000,1.000000
Kepler-582 b,Kepler-582,1,Transit,2016,18.49235668000,0.1254000000,3.68000000,13.10000000,613.17900000,297.5037180,41.0570326,,5564.00,0.930000,0.910000
Kepler-583 b,Kepler-583,1,Transit,2016,6.51002530000,0.0689000000,2.28000000,5.82000000,867.27100000,282.1113206,42.3545514,,5523.00,0.940000,0.910000
Kepler-584 b,Kepler-584,1,Transit,2016,35.18103040000,0.2281000000,4.21000000,16.50000000,1848.84000000,288.2306150,42.4136181,,6195.00,1.170000,1.240000
Kepler-585 b,Kepler-585,1,Transit,2016,2.75235975300,0.0384100000,2.83000000,8.40000000,585.18700000,286.5284924,43.8733751,,5593.00,0.960000,0.930000
Kepler-586 b,Kepler-586,1,Transit,2016,2.10472218400,0.0331000000,2.79000000,8.20000000,693.76600000,293.0571982,45.5511266,,5575.00,0.940000,0.920000
Kepler-587 b,Kepler-587,1,Transit,2016,10.94027841000,0.0952000000,2.23000000,5.60000000,787.89400000,288.6706571,47.3991249,,5549.00,0.920000,0.890000
Kepler-588 b,Kepler-588,1,Transit,2016,4.22162535700,0.0520000000,2.63000000,7.41000000,1209.40000000,284.2572531,47.6889081,,5835.00,1.010000,1.000000
Kepler-589 b,Kepler-589,2,Transit,2016,16.54964934000,0.1196000000,2.27000000,5.77000000,612.80300000,280.6414331,47.7520581,,5296.00,0.880000,0.830000
Kepler-589 c,Kepler-589,2,Transit,2021,3.52466011000,0.0426000000,1.11727238,1.45000000,612.80300000,280.6414331,47.7520581,,5372.00,0.832000,0.916000
Kepler-59 b,Kepler-59,2,Transit,2012,11.86817070000,0.0994300000,1.10000000,4.10000000,1163.22000000,287.0394932,46.6401677,,6074.00,1.040000,0.940000
Kepler-59 c,Kepler-59,2,Transit,2012,17.98012350000,0.1311400000,1.98000000,3.81000000,1163.22000000,287.0394932,46.6401677,,6074.00,1.040000,0.940000
Kepler-590 b,Kepler-590,1,Transit,2016,5.85296257000,0.0647000000,4.02000000,15.20000000,1421.81000000,296.3855467,48.2334177,,6000.00,1.100000,1.150000
Kepler-591 b,Kepler-591,1,Transit,2016,81.16942990000,0.3554000000,3.39000000,11.40000000,785.13700000,286.0240520,48.4317290,,5677.00,0.970000,0.940000
Kepler-592 b,Kepler-592,1,Transit,2016,2.82019240800,0.0397000000,2.39000000,6.30000000,1153.13000000,285.7907395,48.6832431,,5913.00,1.040000,1.040000
Kepler-593 b,Kepler-593,1,Transit,2016,21.21708973000,0.1508000000,2.87000000,8.60000000,973.76000000,294.9513923,48.6511709,,5967.00,1.080000,1.100000
Kepler-594 b,Kepler-594,1,Transit,2016,13.64618192000,0.1089000000,2.18000000,5.39000000,769.20000000,288.9217259,49.7620237,,5485.00,0.910000,0.870000
Kepler-595 b,Kepler-595,2,Transit,2016,25.30290920000,0.1582000000,3.70800000,17.40000000,643.00900000,294.5703593,50.6730147,,5138.50,0.930000,0.821000
Kepler-595 c,Kepler-595,2,Transit,2020,12.38602000000,0.0983000000,1.00900000,3.30000000,643.00900000,294.5703593,50.6730147,,5138.50,0.930000,0.821000
Kepler-596 b,Kepler-596,1,Transit,2016,21.30022655000,0.1516100000,3.46000000,11.80000000,1023.85000000,289.5006797,51.6857106,,6267.00,1.210000,1.320000
Kepler-597 b,Kepler-597,1,Transit,2016,13.02365861000,0.1091600000,2.37000000,6.21000000,663.41800000,293.4700919,39.2528182,,5683.00,0.970000,0.950000
Kepler-598 b,Kepler-598,2,Transit,2016,3.70175428000,0.0448700000,1.50000000,2.86000000,681.08600000,293.1234493,40.9348005,,5307.00,0.870000,0.860000
Kepler-598 c,Kepler-598,2,Transit,2020,86.49450000000,0.3667200000,3.02420941,9.40000000,681.08600000,293.1234493,40.9348005,,5245.00,0.900000,0.900316
Kepler-599 b,Kepler-599,1,Transit,2016,15.65562652000,0.1128000000,2.84000000,8.45000000,558.51700000,285.9115968,41.0695091,,5127.00,0.830000,0.790000
Kepler-6 b,Kepler-6,1,Transit,2009,3.23469960000,0.0485200000,14.61653600,212.31044000,587.03900000,296.8372475,48.2399695,,5647.00,1.209000,1.391000
Kepler-60 b,Kepler-60,3,Transit,2012,7.13340000000,0.0725500000,1.71000000,4.19000000,1025.10000000,288.9612535,42.2650472,,5905.00,1.041000,1.257000
Kepler-60 c,Kepler-60,3,Transit,2012,8.91870000000,0.0842200000,1.90000000,3.85000000,1025.10000000,288.9612535,42.2650472,,5905.00,1.041000,1.257000
Kepler-60 d,Kepler-60,3,Transit,2012,11.89810000000,0.1020300000,1.99000000,4.16000000,1025.10000000,288.9612535,42.2650472,,5905.00,1.041000,1.257000
Kepler-600 b,Kepler-600,1,Transit,2016,23.67517607000,0.1536000000,2.90000000,8.75000000,619.72300000,283.8330588,41.9786358,,5279.00,0.840000,0.810000
Kepler-601 b,Kepler-601,1,Transit,2016,5.37886844100,0.0549400000,1.90000000,4.27000000,414.82500000,282.0046852,42.1764657,,5160.00,0.850000,0.790000
Kepler-602 b,Kepler-602,1,Transit,2016,15.28469497000,0.1224000000,2.09000000,5.02000000,1159.31000000,296.0318985,42.1418634,,6062.00,1.080000,1.130000
Kepler-603 b,Kepler-603,3,Transit,2016,21.05358596000,0.1605200000,2.65000000,7.51000000,1539.63000000,294.2809679,42.2909295,,5808.00,1.010000,1.010000
Kepler-603 c,Kepler-603,3,Transit,2016,127.90757740000,0.5343900000,6.50000000,34.50000000,1539.63000000,294.2809679,42.2909295,,5808.00,1.010000,1.010000
Kepler-603 d,Kepler-603,3,Transit,2016,6.21712920000,0.0711700000,1.32000000,2.30000000,1539.63000000,294.2809679,42.2909295,,5808.00,1.010000,1.010000
Kepler-604 b,Kepler-604,1,Transit,2016,25.85501786000,0.1735000000,2.59000000,7.22000000,1026.49000000,292.3159795,42.6262429,,5890.00,1.020000,1.030000
Kepler-605 b,Kepler-605,2,Transit,2016,3.38353806600,0.0424400000,1.44000000,2.67000000,556.58000000,287.2954015,43.2798677,,5462.00,0.910000,0.880000
Kepler-605 c,Kepler-605,2,Transit,2016,2.35895151500,0.0333600000,0.86000000,0.56600000,556.58000000,287.2954015,43.2798677,,5462.00,0.910000,0.880000
Kepler-606 b,Kepler-606,1,Transit,2016,24.31575992000,0.1700000000,3.31000000,11.00000000,1215.11000000,292.4273700,44.3812406,,6161.00,1.130000,1.220000
Kepler-607 b,Kepler-607,2,Transit,2016,0.63816320400,0.0137000000,0.87000000,0.59000000,519.12200000,291.0571451,44.6323060,,5196.00,0.840000,0.800000
Kepler-607 c,Kepler-607,2,Transit,2021,39.67679977000,0.2150700000,2.76001201,8.05000000,519.12200000,291.0571451,44.6323060,,5244.00,0.808000,0.888000
Kepler-608 b,Kepler-608,1,Transit,2016,6.41251503700,0.0685000000,3.64000000,12.90000000,946.68300000,293.8829010,44.6380717,,5820.00,1.000000,1.010000
Kepler-609 b,Kepler-609,1,Transit,2016,6.52121066600,0.0682000000,3.35000000,11.20000000,1065.82000000,292.2203009,44.6999902,,5971.00,1.090000,1.140000
Kepler-61 b,Kepler-61,1,Transit,2013,59.87756000000,0.2486100000,2.15000000,5.27000000,335.07900000,295.3044942,42.4753193,K7 V,4017.00,0.635000,0.620000
Kepler-610 b,Kepler-610,2,Transit,2016,6.99692655400,0.0719000000,4.19000000,16.30000000,845.82400000,293.1713241,45.0655934,,5943.00,1.100000,1.130000
Kepler-610 c,Kepler-610,2,Transit,2016,151.86392000000,0.5594000000,3.30000000,10.90000000,845.82400000,293.1713241,45.0655934,,5943.00,1.100000,1.130000
Kepler-611 b,Kepler-611,1,Transit,2016,2.43703330200,0.0351000000,1.65000000,3.36000000,1395.56000000,286.0049121,45.4803043,,5761.00,1.010000,1.010000
Kepler-612 b,Kepler-612,1,Transit,2016,3.72215641300,0.0452000000,2.84000000,8.45000000,1445.53000000,291.3546278,45.7478551,,5693.00,0.980000,0.960000
Kepler-613 b,Kepler-613,1,Transit,2016,15.77979614000,0.1232000000,2.29000000,5.86000000,861.49400000,282.7868415,46.2449846,,5723.00,0.980000,0.960000
Kepler-614 b,Kepler-614,1,Transit,2016,14.03491514000,0.1027000000,2.39000000,6.30000000,527.99500000,298.3848866,46.2759867,,5268.00,0.850000,0.810000
Kepler-615 b,Kepler-615,1,Transit,2016,10.35584657000,0.0850000000,1.74000000,3.68000000,330.00000000,282.4506927,46.3213671,,4655.00,0.730000,0.690000
Kepler-616 b,Kepler-616,3,Transit,2016,9.99761851000,0.0927000000,2.43000000,6.48000000,945.77500000,294.9891370,46.8383058,,5753.00,0.980000,0.970000
Kepler-616 c,Kepler-616,3,Transit,2016,90.41135560000,0.4024000000,3.41000000,11.50000000,945.77500000,294.9891370,46.8383058,,5753.00,0.980000,0.970000
Kepler-616 d,Kepler-616,3,Transit,2021,51.06740189000,0.2749000000,2.65300000,7.52000000,945.77500000,294.9891370,46.8383058,,6004.00,1.061000,0.977000
Kepler-617 b,Kepler-617,1,Transit,2016,1.68269614800,0.0219000000,1.32000000,2.30000000,173.35400000,283.7407247,47.5161237,M1 V,3712.00,0.510000,0.480000
Kepler-618 b,Kepler-618,1,Transit,2016,3.59576964500,0.0449000000,2.60000000,7.27000000,1221.96000000,286.2498525,48.0609256,,5860.00,1.050000,1.080000
Kepler-619 b,Kepler-619,3,Transit,2016,5.40427219700,0.0601400000,3.16000000,10.10000000,900.67800000,290.8490899,48.4159782,,5980.00,1.090000,1.110000
Kepler-619 c,Kepler-619,3,Transit,2016,1.20846502600,0.0221600000,1.69000000,3.50000000,900.67800000,290.8490899,48.4159782,,5980.00,1.090000,1.110000
Kepler-619 d,Kepler-619,3,Transit,2023,11.67894236000,0.1021000000,4.17000000,16.20000000,900.67800000,290.8490899,48.4159782,,6122.00,1.041000,0.964000
Kepler-62 b,Kepler-62,5,Transit,2013,5.71493200000,0.0553000000,1.31000000,9.00000000,300.87400000,283.2125621,45.3496992,K2 V,4925.00,0.690000,0.640000
Kepler-62 c,Kepler-62,5,Transit,2013,12.44170000000,0.0929000000,0.54000000,4.00000000,300.87400000,283.2125621,45.3496992,K2 V,4925.00,0.690000,0.640000
Kepler-62 d,Kepler-62,5,Transit,2013,18.16406000000,0.1200000000,1.95000000,14.00000000,300.87400000,283.2125621,45.3496992,K2 V,4925.00,0.690000,0.640000
Kepler-62 e,Kepler-62,5,Transit,2013,122.38740000000,0.4270000000,1.61000000,36.00000000,300.87400000,283.2125621,45.3496992,K2 V,4925.00,0.690000,0.640000
Kepler-62 f,Kepler-62,5,Transit,2013,267.29100000000,0.7180000000,1.41000000,35.00000000,300.87400000,283.2125621,45.3496992,K2 V,4925.00,0.690000,0.640000
Kepler-620 b,Kepler-620,1,Transit,2016,12.91375431000,0.1053000000,3.32000000,11.00000000,1355.28000000,291.1593939,51.3348228,,6155.00,1.150000,1.220000
Kepler-621 b,Kepler-621,1,Transit,2016,2.62811374600,0.0310000000,2.30000000,5.90000000,389.00000000,290.9272450,39.9141166,,4521.00,0.720000,0.680000
Kepler-622 b,Kepler-622,1,Transit,2016,14.28226676000,0.0978000000,2.13000000,5.18000000,284.76100000,284.4784454,40.9331723,,4201.00,0.640000,0.610000
Kepler-623 b,Kepler-623,1,Transit,2016,9.07097734000,0.0854000000,3.01000000,9.32000000,737.70200000,296.9867284,47.4773531,,5443.00,0.900000,0.860000
Kepler-624 b,Kepler-624,1,Transit,2016,14.58649607000,0.1163800000,2.31000000,5.95000000,748.18800000,295.1933631,39.5396946,,6117.00,1.100000,1.180000
Kepler-625 b,Kepler-625,2,Transit,2016,7.75192492000,0.0813700000,1.99000000,4.62000000,760.70800000,292.1504723,39.6375254,,5789.00,1.040000,0.960000
Kepler-625 c,Kepler-625,2,Transit,2016,4.16536510000,0.0537900000,1.05000000,1.16000000,760.70800000,292.1504723,39.6375254,,5789.00,1.040000,0.960000
Kepler-626 b,Kepler-626,1,Transit,2016,14.48585199000,0.1091300000,2.29000000,5.86000000,635.64300000,288.6986828,39.7082044,,5813.00,1.010000,1.050000
Kepler-627 b,Kepler-627,1,Transit,2016,40.69944430000,0.2266100000,3.73000000,13.40000000,984.30700000,292.1042198,39.7678585,,6424.00,1.300000,1.490000
Kepler-629 b,Kepler-629,1,Transit,2016,7.23858540000,0.0710700000,1.38000000,2.48000000,372.05000000,289.4179128,39.9450757,,5444.00,0.930000,0.840000
Kepler-63 b,Kepler-63,1,Transit,2013,9.43415050000,0.0800000000,6.11000000,120.00000000,194.03300000,289.2262876,49.5482814,G5,5576.00,0.984000,0.901000
Kepler-630 b,Kepler-630,1,Transit,2016,161.47439370000,0.5620100000,3.18000000,10.20000000,839.78400000,293.4270647,39.9423967,,5829.00,1.020000,1.040000
Kepler-631 b,Kepler-631,1,Transit,2016,17.97979059000,0.1401700000,2.90000000,8.75000000,761.96600000,296.8857240,40.2281717,,6185.00,1.240000,1.330000
Kepler-632 b,Kepler-632,1,Transit,2016,30.99660733000,0.1885000000,2.21000000,5.52000000,349.00000000,297.2526130,40.2886050,,5322.00,0.910000,0.840000
Kepler-633 b,Kepler-633,2,Transit,2016,8.50340718000,0.0818500000,1.63000000,3.29000000,680.54000000,295.2173259,40.5921599,,5899.00,1.020000,1.150000
Kepler-633 c,Kepler-633,2,Transit,2021,23.78319931000,0.1624600000,2.29600000,5.89000000,680.54000000,295.2173259,40.5921599,,5877.00,0.997000,1.265000
Kepler-634 b,Kepler-634,1,Transit,2016,5.16950177000,0.0576500000,1.89000000,4.23000000,888.02700000,291.1950900,40.7027352,,6075.00,1.030000,1.240000
Kepler-635 b,Kepler-635,1,Transit,2016,23.44971004000,0.1833200000,2.64000000,7.46000000,1141.08000000,289.7732613,40.8007019,,6174.00,1.330000,1.510000
Kepler-636 b,Kepler-636,1,Transit,2016,16.08066114700,0.1185000000,4.45000000,18.10000000,310.30100000,293.5920614,41.0950891,,5203.00,0.850000,0.800000
Kepler-637 b,Kepler-637,1,Transit,2016,23.20584623000,0.1661900000,4.75000000,20.20000000,786.09100000,292.4172566,41.4168384,,6096.00,1.640000,2.560000
Kepler-638 b,Kepler-638,1,Transit,2016,6.07972888000,0.0669500000,1.83000000,4.01000000,991.21400000,284.9194213,41.6172093,,5382.00,0.880000,0.930000
Kepler-639 b,Kepler-639,1,Transit,2016,10.21420496000,0.0935800000,2.38000000,6.26000000,850.24200000,292.1868271,41.7269440,,5896.00,1.140000,1.290000
Kepler-640 b,Kepler-640,1,Transit,2016,22.24813967000,0.1541800000,2.56000000,7.08000000,557.78700000,296.0322000,42.1317392,,5653.00,1.010000,0.940000
Kepler-641 b,Kepler-641,1,Transit,2016,9.48961571000,0.0895000000,1.85000000,4.08000000,969.91800000,291.8235292,42.5161945,,5713.00,1.020000,1.130000
Kepler-642 b,Kepler-642,1,Transit,2016,4.41745855000,0.0563100000,2.90000000,8.75000000,781.58200000,293.8345542,42.6249480,,6570.00,1.400000,1.660000
Kepler-643 b,Kepler-643,1,Transit,2016,16.33889626000,0.1348500000,10.16000000,321.00830000,1063.58000000,290.3272423,42.8982283,,4908.00,1.000000,2.520000
Kepler-644 b,Kepler-644,1,Transit,2016,3.17391710300,0.0464100000,3.15000000,10.10000000,1318.05000000,295.4757022,43.4931119,,6747.00,1.490000,1.810000
Kepler-645 b,Kepler-645,1,Transit,2016,3.27582262100,0.0454100000,2.10000000,5.06000000,1173.57000000,290.3227098,44.0358625,,6170.00,1.130000,1.210000
Kepler-646 b,Kepler-646,1,Transit,2016,15.87364565000,0.1125100000,1.99000000,4.62000000,451.79400000,290.4714596,44.3870422,,5634.00,0.930000,0.910000
Kepler-647 b,Kepler-647,2,Transit,2016,16.22546490000,0.1223700000,1.17000000,1.71000000,1087.87000000,284.7882977,44.5916225,,6020.00,1.030000,1.070000
Kepler-647 c,Kepler-647,2,Transit,2020,29.66630000000,0.1829100000,4.00135002,15.10000000,1087.87000000,284.7882977,44.5916225,,5906.74,1.070000,1.545710
Kepler-648 b,Kepler-648,1,Transit,2016,17.42117490000,0.1332400000,3.22000000,10.50000000,636.03000000,283.8996207,45.0169137,,5741.00,1.050000,0.980000
Kepler-649 b,Kepler-649,1,Transit,2016,29.90722674000,0.1752200000,2.26000000,5.73000000,513.74800000,285.6558336,45.0794516,,5871.00,0.970000,0.940000
Kepler-65 b,Kepler-65,4,Transit,2012,2.15491000000,0.0350000000,1.42000000,2.40000000,303.72800000,288.6887221,41.1511076,,6211.00,1.250000,1.410000
Kepler-65 c,Kepler-65,4,Transit,2012,5.85994400000,0.0680000000,2.58000000,5.40000000,303.72800000,288.6887221,41.1511076,,6211.00,1.250000,1.410000
Kepler-65 d,Kepler-65,4,Transit,2012,8.13123000000,0.0840000000,1.52000000,4.14000000,303.72800000,288.6887221,41.1511076,,6211.00,1.250000,1.410000
Kepler-65 e,Kepler-65,4,Radial Velocity,2019,258.80000000000,0.8539307544,13.90000000,260.00000000,303.72800000,288.6887221,41.1511076,,6220.00,1.248000,1.437000
Kepler-650 b,Kepler-650,1,Transit,2016,3.03214558800,0.0421000000,2.96000000,9.06000000,884.37800000,289.0009451,45.1542968,,5849.00,1.080000,1.350000
Kepler-651 b,Kepler-651,1,Transit,2016,21.38521506000,0.1407800000,2.37000000,6.21000000,509.40800000,287.3327284,46.2034366,,5522.00,0.920000,0.870000
Kepler-652 b,Kepler-652,1,Transit,2016,4.18200253100,0.0495800000,2.49000000,6.76000000,394.55000000,288.0080899,46.4736108,,5490.00,0.970000,0.880000
Kepler-653 b,Kepler-653,2,Transit,2016,14.70748976000,0.1194500000,1.95000000,4.46000000,595.63400000,282.2130447,46.7177898,,5665.00,1.020000,1.190000
Kepler-653 c,Kepler-653,2,Transit,2016,0.90037647600,0.0185500000,0.78000000,0.39900000,595.63400000,282.2130447,46.7177898,,5665.00,1.020000,1.190000
Kepler-654 b,Kepler-654,1,Transit,2016,13.72465129000,0.1166400000,2.07000000,4.94000000,974.12400000,297.0683931,46.8342497,,5865.00,1.040000,1.110000
Kepler-655 b,Kepler-655,1,Transit,2016,46.40633580000,0.2569700000,2.71000000,7.80000000,752.56200000,297.2590664,46.8431650,,6170.00,1.150000,1.240000
Kepler-656 b,Kepler-656,2,Transit,2016,1.26025909400,0.0223100000,3.12000000,9.91000000,890.35200000,288.3278778,47.3815380,,5281.00,0.860000,0.820000
Kepler-656 c,Kepler-656,2,Transit,2023,5.25449393000,0.0602000000,1.41000000,2.57000000,890.35200000,288.3278778,47.3815380,,5550.00,1.050000,0.954000
Kepler-657 b,Kepler-657,1,Transit,2016,24.54350418000,0.1733700000,3.52000000,12.20000000,1691.88000000,291.1973006,47.3077545,,5808.00,1.010000,1.010000
Kepler-658 b,Kepler-658,1,Transit,2016,1.28707676200,0.0188000000,1.63000000,3.29000000,388.38400000,282.9836210,47.5783897,,4103.00,0.630000,0.600000
Kepler-659 b,Kepler-659,1,Transit,2016,17.67179600000,0.1204000000,2.50000000,6.80000000,722.64000000,287.6081777,47.5096893,,4870.00,0.790000,0.740000
Kepler-66 b,Kepler-66,1,Transit,2013,17.81581500000,0.1352000000,2.80000000,8.25000000,1202.96000000,293.9815378,46.6877280,G0 V,5962.00,1.038000,0.966000
Kepler-660 b,Kepler-660,1,Transit,2016,9.27358194000,0.0759000000,2.57000000,7.13000000,568.43100000,288.1382985,47.7245642,,4779.00,0.750000,0.710000
Kepler-661 b,Kepler-661,1,Transit,2016,6.02930132100,0.0585000000,3.07000000,9.64000000,534.78800000,283.7107463,47.8631748,,4483.00,0.700000,0.670000
Kepler-662 b,Kepler-662,1,Transit,2016,21.67697486000,0.1408000000,2.18000000,5.39000000,815.63700000,290.4650801,47.9291252,,4897.00,0.790000,0.740000
Kepler-663 b,Kepler-663,1,Transit,2016,4.99678284000,0.0559000000,2.60000000,7.27000000,1063.09000000,297.8082232,47.9466342,,5264.00,0.860000,0.820000
Kepler-664 b,Kepler-664,1,Transit,2016,2.52559331500,0.0374000000,2.66000000,7.56000000,1210.12000000,288.7549029,48.2262030,,5754.00,1.010000,1.020000
Kepler-665 b,Kepler-665,1,Transit,2016,16.01310205000,0.1148000000,2.60000000,7.27000000,612.83800000,297.0255947,48.4785669,,4913.00,0.790000,0.740000
Kepler-666 b,Kepler-666,1,Transit,2016,4.49876092000,0.0542000000,2.40000000,6.35000000,1508.71000000,298.4568899,48.7915925,,5887.00,1.030000,1.050000
Kepler-667 b,Kepler-667,1,Transit,2016,41.43962808000,0.2288000000,4.73000000,20.10000000,2302.45000000,295.5549918,49.0172956,,5327.00,0.910000,0.870000
Kepler-668 b,Kepler-668,1,Transit,2016,8.35390639000,0.0768000000,2.70000000,7.75000000,784.61800000,285.4992845,49.2772713,,5352.00,0.870000,0.820000
Kepler-669 b,Kepler-669,1,Transit,2016,4.12554686900,0.0529000000,4.83000000,20.80000000,2063.41000000,291.9361615,49.2539473,,6038.00,1.150000,1.200000
Kepler-67 b,Kepler-67,1,Transit,2013,15.72590000000,0.1171000000,2.94000000,8.96000000,1131.19000000,294.1533505,46.1663976,G9 V,5331.00,0.865000,0.778000
Kepler-670 b,Kepler-670,1,Transit,2016,2.81650485200,0.0383000000,13.18000000,,939.74400000,297.0154644,49.2252988,,5709.00,0.990000,0.990000
Kepler-671 b,Kepler-671,1,Transit,2016,4.28095858800,0.0503000000,2.69000000,7.70000000,1168.26000000,294.2657519,49.3140933,,5624.00,0.970000,0.950000
Kepler-672 b,Kepler-672,1,Transit,2016,38.37746230000,0.2163000000,2.50000000,6.80000000,1033.93000000,291.7219993,49.4808492,,5627.00,0.950000,0.920000
Kepler-673 b,Kepler-673,1,Transit,2016,3.72873109300,0.0455000000,6.54000000,34.80000000,918.21000000,290.7857595,50.0540561,,5355.00,0.880000,0.840000
Kepler-674 b,Kepler-674,1,Transit,2016,2.24338184700,0.0280000000,1.69000000,3.50000000,342.25400000,285.1761864,50.1496897,,4192.00,0.600000,0.570000
Kepler-675 b,Kepler-675,1,Transit,2016,2.33743801000,0.0325000000,2.44000000,6.53000000,665.68000000,293.8334488,50.2303479,,4945.00,0.790000,0.750000
Kepler-676 b,Kepler-676,1,Transit,2016,11.59822172000,0.0798000000,3.04000000,9.48000000,295.19600000,296.2220259,50.2873626,,3701.00,0.510000,0.490000
Kepler-677 b,Kepler-677,1,Transit,2016,6.57531678000,0.0670000000,5.38000000,25.00000000,1954.08000000,290.0980478,50.3215731,,5723.00,1.000000,0.990000
Kepler-678 b,Kepler-678,1,Transit,2016,7.27503724000,0.0732000000,5.14000000,23.10000000,1826.15000000,295.4552577,50.4945093,,5520.00,0.940000,0.910000
Kepler-679 b,Kepler-679,1,Transit,2016,12.39358604000,0.0983000000,3.01000000,9.32000000,922.24400000,296.0213374,50.5678019,,5403.00,0.870000,0.840000
Kepler-68 b,Kepler-68,4,Transit,2013,5.39875259000,0.0613500000,2.35700000,8.03000000,144.16600000,291.0323102,49.0402129,,5847.00,1.057000,1.256400
Kepler-68 c,Kepler-68,4,Transit,2013,9.60502700000,0.0900800000,0.97900000,1.30000000,144.16600000,291.0323102,49.0402129,,5847.00,1.057000,1.256400
Kepler-68 d,Kepler-68,4,Radial Velocity,2013,632.62000000000,1.4690000000,13.90000000,267.00000000,144.16600000,291.0323102,49.0402129,,5847.00,1.057000,1.256400
Kepler-68 e,Kepler-68,4,Radial Velocity,2023,3455.00000000000,4.6000000000,11.20000000,86.44932670,144.16600000,291.0323102,49.0402129,,5847.00,1.057000,1.256400
Kepler-680 b,Kepler-680,1,Transit,2016,3.68992629100,0.0469000000,2.42000000,6.44000000,1492.48000000,291.6223810,50.6181793,,5890.00,1.080000,1.110000
Kepler-681 b,Kepler-681,1,Transit,2016,26.39435646000,0.1635000000,3.08000000,9.69000000,686.92300000,289.3997364,51.2502428,,5021.00,0.800000,0.760000
Kepler-682 b,Kepler-682,1,Transit,2016,12.61190667200,0.1058000000,7.37000000,42.60000000,1979.25000000,289.1122204,51.7373589,,5559.00,0.920000,0.890000
Kepler-683 b,Kepler-683,1,Transit,2016,2.53918317900,0.0355000000,1.97000000,4.54000000,1023.07000000,291.4399598,37.9056293,,5703.00,0.960000,0.950000
Kepler-684 b,Kepler-684,1,Transit,2016,6.77030200800,0.0640000000,3.36000000,11.20000000,1731.27000000,290.8704935,38.2735978,,5493.00,0.890000,0.860000
Kepler-685 b,Kepler-685,1,Transit,2016,1.62552220000,0.0265000000,10.58000000,78.80000000,938.71500000,293.8719143,38.4229184,,5963.00,1.110000,1.160000
Kepler-686 b,Kepler-686,1,Transit,2016,1.59474546300,0.0258000000,12.15000000,,1490.94000000,285.2138190,39.0274660,,5649.00,0.940000,0.920000
Kepler-687 b,Kepler-687,1,Transit,2016,20.50586978000,0.1326000000,3.52000000,12.20000000,633.66000000,289.3154576,39.1532911,,4841.00,0.770000,0.730000
Kepler-688 b,Kepler-688,1,Transit,2016,3.89593684400,0.0460000000,9.76000000,68.70000000,1357.75000000,294.6552312,39.3083446,,5715.00,0.980000,0.960000
Kepler-689 b,Kepler-689,1,Transit,2016,22.36656079000,0.1449000000,2.89000000,8.70000000,1131.73000000,294.7106347,39.5216975,,5518.00,0.910000,0.880000
Kepler-69 b,Kepler-69,2,Transit,2013,13.72234100000,0.0940000000,2.24000000,5.65000000,730.62500000,293.2609013,44.8688656,G4 V,5638.00,0.810000,0.930000
Kepler-69 c,Kepler-69,2,Transit,2013,242.46130000000,0.6400000000,1.71000000,3.57000000,730.62500000,293.2609013,44.8688656,G4 V,5638.00,0.810000,0.930000
Kepler-690 b,Kepler-690,1,Transit,2016,7.74809437400,0.0810000000,5.95000000,29.60000000,1665.31000000,294.4899225,39.7714758,,5913.00,1.110000,1.160000
Kepler-691 b,Kepler-691,1,Transit,2016,8.11437900000,0.0649000000,2.09000000,5.02000000,279.11500000,288.8117314,40.0332311,,3715.00,0.530000,0.500000
Kepler-692 b,Kepler-692,1,Transit,2016,21.81293494000,0.1495000000,3.11000000,9.85000000,991.33600000,294.7768068,40.1537027,,5440.00,0.900000,0.860000
Kepler-693 b,Kepler-693,1,Transit,2016,15.37563332000,0.1121000000,10.18000000,73.80000000,1151.51000000,283.2535270,40.3582155,,4881.00,0.760000,0.720000
Kepler-694 b,Kepler-694,1,Transit,2016,6.36584161200,0.0659000000,2.80000000,8.25000000,1023.06000000,291.1495269,40.4204569,,5700.00,0.970000,0.950000
Kepler-695 b,Kepler-695,1,Transit,2016,3.04033042400,0.0374000000,9.21000000,62.30000000,842.94700000,299.3160934,40.8223815,,5181.00,0.840000,0.800000
Kepler-696 b,Kepler-696,1,Transit,2016,4.19042557500,0.0535000000,6.14000000,31.30000000,1416.44000000,293.4965906,41.1375635,,5903.00,1.060000,1.080000
Kepler-697 b,Kepler-697,1,Transit,2016,3.70987064500,0.0471000000,4.13000000,16.00000000,1277.33000000,283.8643937,41.3463859,,5513.00,0.920000,0.880000
Kepler-698 b,Kepler-698,1,Transit,2016,16.32976218000,0.1255000000,3.68000000,13.10000000,1995.57000000,288.5099994,41.3017465,,5612.00,0.940000,0.910000
Kepler-7 b,Kepler-7,1,Transit,2009,4.88548920000,0.0606700000,18.18099800,140.16303000,922.56200000,288.5814928,41.0897335,,5933.00,1.359000,1.966000
Kepler-700 b,Kepler-700,1,Transit,2016,80.87206390000,0.3577000000,5.99000000,30.00000000,1491.76000000,287.1542240,41.5657775,,5692.00,0.980000,0.960000
Kepler-701 b,Kepler-701,1,Transit,2016,10.35533177000,0.0895000000,2.84000000,8.45000000,774.15200000,288.9941800,41.6333125,,5343.00,0.880000,0.840000
Kepler-702 b,Kepler-702,1,Transit,2016,10.52629406300,0.0880000000,9.17000000,61.80000000,992.07100000,293.8781041,41.6617245,,5419.00,0.900000,0.860000
Kepler-703 b,Kepler-703,1,Transit,2016,4.58352175600,0.0535000000,8.20000000,51.10000000,1156.83000000,299.1868586,41.7426990,,6185.00,1.180000,1.270000
Kepler-704 b,Kepler-704,1,Transit,2016,3.76182115000,0.0470000000,2.61000000,7.32000000,1228.83000000,283.3163671,41.8370942,,5616.00,0.970000,0.960000
Kepler-705 b,Kepler-705,1,Transit,2016,56.05605380000,0.2320000000,2.11000000,5.10000000,276.88100000,289.5085612,41.8120234,,3722.00,0.530000,0.510000
Kepler-707 b,Kepler-707,1,Transit,2016,2.23749275100,0.0325000000,1.33000000,2.33000000,591.77600000,290.0075640,42.1164698,,5099.00,0.800000,0.760000
Kepler-708 b,Kepler-708,1,Transit,2016,3.16789193800,0.0426000000,2.93000000,8.91000000,1394.22000000,293.8164588,42.2125159,,5692.00,0.970000,0.960000
Kepler-709 b,Kepler-709,1,Transit,2016,16.08524954000,0.1173000000,2.92000000,8.85000000,664.84300000,292.1052720,42.3803077,,5071.00,0.800000,0.770000
Kepler-710 b,Kepler-710,1,Transit,2016,4.34728552700,0.0524000000,1.88000000,4.19000000,1448.34000000,291.9641255,42.6961308,,5611.00,0.940000,0.910000
Kepler-711 b,Kepler-711,1,Transit,2016,23.58914398000,0.1429000000,3.41000000,11.50000000,624.57500000,297.4600468,42.8398172,,5222.00,0.840000,0.800000
Kepler-712 b,Kepler-712,2,Transit,2016,21.02247699000,0.1361500000,3.41000000,11.50000000,872.49300000,294.9096739,42.9351987,,5148.00,0.840000,0.780000
Kepler-712 c,Kepler-712,2,Transit,2016,226.89047000000,0.6647900000,4.85000000,21.00000000,872.49300000,294.9096739,42.9351987,,5148.00,0.840000,0.780000
Kepler-713 b,Kepler-713,1,Transit,2016,7.41114100000,0.0748000000,2.48000000,6.71000000,1089.87000000,295.6513819,43.0297781,,5785.00,0.980000,0.990000
Kepler-714 b,Kepler-714,1,Transit,2016,8.09888798600,0.0832000000,9.67000000,67.60000000,2083.37000000,282.6994685,43.2727437,,5995.00,1.090000,1.120000
Kepler-715 b,Kepler-715,1,Transit,2016,10.00652995000,0.0933000000,3.75000000,13.50000000,1327.44000000,283.6307971,43.3793638,,5871.00,1.040000,1.040000
Kepler-716 b,Kepler-716,2,Transit,2016,10.37168453000,0.0862800000,2.90000000,8.75000000,635.00900000,290.3931809,43.3638577,,5099.00,0.830000,0.780000
Kepler-716 c,Kepler-716,2,Transit,2020,3.96999000000,0.0454800000,1.39281536,2.52000000,635.00900000,290.3931809,43.3638577,,5012.00,0.830000,0.742183
Kepler-717 b,Kepler-717,1,Transit,2016,4.40840023000,0.0520000000,2.42000000,6.44000000,2805.48000000,292.9655071,43.3463450,,5485.00,0.880000,0.850000
Kepler-718 b,Kepler-718,1,Transit,2016,2.05234990500,0.0322000000,16.56000000,,1302.33000000,299.5618676,43.5035173,,6191.00,1.180000,1.300000
Kepler-719 b,Kepler-719,1,Transit,2016,5.00731777900,0.0556000000,8.52000000,54.50000000,2497.51000000,295.5360628,43.8844116,,5777.00,0.990000,0.980000
Kepler-720 b,Kepler-720,1,Transit,2016,4.70832654200,0.0539000000,8.41000000,53.40000000,1065.37000000,298.6356478,44.1709388,,5618.00,0.950000,0.920000
Kepler-721 b,Kepler-721,1,Transit,2016,5.39202538800,0.0583000000,2.64000000,7.46000000,926.59800000,284.4305132,44.4803776,,5075.00,0.820000,0.780000
Kepler-722 b,Kepler-722,2,Transit,2016,4.09357325200,0.0514000000,2.63000000,7.41000000,1239.50000000,290.2632874,44.5564051,,5863.00,1.030000,1.050000
Kepler-722 c,Kepler-722,2,Transit,2016,105.14474900000,0.4471000000,2.82000000,8.35000000,1239.50000000,290.2632874,44.5564051,,5863.00,1.030000,1.050000
Kepler-723 b,Kepler-723,1,Transit,2016,4.08227506800,0.0479000000,12.19000000,,1071.80000000,284.8304434,44.6580932,,5539.00,0.920000,0.890000
Kepler-724 b,Kepler-724,1,Transit,2016,3.31494633800,0.0433000000,3.29000000,10.80000000,853.11900000,293.4548441,44.7927823,,5437.00,0.900000,0.860000
Kepler-725 b,Kepler-725,2,Transit,2016,39.64372000000,0.2238000000,10.80000000,81.60000000,758.46900000,283.9774949,44.8115613,,5395.00,0.950000,0.880000
Kepler-725 c,Kepler-725,2,Transit Timing Variations,2025,207.54100000000,0.6744000000,3.08000000,9.70000000,758.46900000,283.9774949,44.8115613,,5395.00,0.950000,0.880000
Kepler-726 b,Kepler-726,1,Transit,2016,21.80451088000,0.1406000000,3.26000000,10.70000000,762.08100000,291.7172776,44.8873466,,5452.00,0.880000,0.850000
Kepler-727 b,Kepler-727,1,Transit,2016,5.15448441700,0.0546000000,2.53000000,6.94000000,831.84200000,294.8469333,45.0344155,,5441.00,0.890000,0.860000
Kepler-728 b,Kepler-728,1,Transit,2016,5.74347726500,0.0625000000,3.34000000,11.10000000,1765.23000000,291.0923621,45.1155087,,5660.00,0.950000,0.930000
Kepler-729 b,Kepler-729,1,Transit,2016,3.16635371400,0.0432000000,3.58000000,12.50000000,1921.15000000,286.3600604,45.4142664,,5633.00,0.940000,0.910000
Kepler-730 b,Kepler-730,2,Transit,2016,6.49168280800,0.0694000000,12.32990000,,1935.04000000,285.5547895,45.5788420,,5620.00,1.047000,1.411000
Kepler-730 c,Kepler-730,2,Transit,2018,2.85188338000,0.0399700000,1.56926000,3.09000000,1935.04000000,285.5547895,45.5788420,,5620.00,1.047000,1.411000
Kepler-731 b,Kepler-731,1,Transit,2016,3.85560355100,0.0505000000,13.88000000,,1257.16000000,296.3931945,45.5685330,,5849.00,1.030000,1.060000
Kepler-732 b,Kepler-732,2,Transit,2016,9.46781404800,0.0691000000,2.18000000,5.39000000,174.82600000,283.7317274,45.9585288,,3631.00,0.490000,0.460000
Kepler-732 c,Kepler-732,2,Transit,2016,0.89304123600,0.0143000000,1.27000000,2.15000000,174.82600000,283.7317274,45.9585288,,3631.00,0.490000,0.460000
Kepler-733 b,Kepler-733,1,Transit,2016,20.83424726000,0.1483000000,2.82000000,8.35000000,916.70600000,293.0181882,45.9147063,,5418.00,0.900000,0.860000
Kepler-734 b,Kepler-734,1,Transit,2016,6.10485285600,0.0583000000,3.56000000,12.40000000,1157.21000000,297.0456122,46.0273893,,5326.00,0.850000,0.780000
Kepler-735 b,Kepler-735,1,Transit,2016,11.51516988000,0.0965000000,2.95000000,9.01000000,695.05900000,284.6888328,46.1721391,,5107.00,0.850000,0.800000
Kepler-736 b,Kepler-736,1,Transit,2016,3.60147201000,0.0428000000,2.93000000,8.91000000,1005.43000000,285.3913092,46.1809293,,5217.00,0.860000,0.810000
Kepler-737 b,Kepler-737,1,Transit,2016,28.59915399000,0.1422000000,1.96000000,4.50000000,205.11800000,291.8629793,46.4291614,,3813.00,0.510000,0.480000
Kepler-738 b,Kepler-738,1,Transit,2016,24.58721573000,0.1552000000,2.50000000,6.80000000,1113.65000000,287.5696516,46.5679011,,5327.00,0.860000,0.820000
Kepler-739 b,Kepler-739,1,Transit,2016,12.53248465000,0.1054000000,3.32000000,11.00000000,1370.65000000,290.0679940,46.5791535,,5601.00,0.930000,0.900000
Kepler-74 b,Kepler-74,1,Transit,2013,7.34071100000,0.0781000000,10.76000000,200.22000000,1177.55000000,293.0925275,41.3555095,F8 V,6000.00,1.180000,1.120000
Kepler-740 b,Kepler-740,1,Transit,2016,3.58410121600,0.0462000000,4.57000000,18.90000000,1442.02000000,286.4822566,46.6924560,,5438.00,0.910000,0.870000
Kepler-741 b,Kepler-741,1,Transit,2016,7.03902374000,0.0744000000,2.97000000,9.11000000,1661.87000000,289.4317294,46.6174978,,6129.00,1.160000,1.240000
Kepler-742 b,Kepler-742,1,Transit,2016,8.36086823800,0.0744000000,3.24000000,10.60000000,489.25300000,283.8659676,46.7896522,,4642.00,0.760000,0.710000
Kepler-743 b,Kepler-743,1,Transit,2016,3.17926292100,0.0416600000,1.21000000,1.92000000,278.98700000,295.5742300,42.8064255,,5486.00,0.940000,0.850000
Kepler-744 b,Kepler-744,1,Transit,2016,12.06222443000,0.0973500000,1.62000000,3.26000000,449.96400000,296.4960493,47.1827848,,5594.00,0.940000,0.930000
Kepler-745 b,Kepler-745,1,Transit,2016,9.93143556000,0.0915000000,2.16000000,5.31000000,1780.38000000,291.4994412,37.0592571,,5849.00,1.040000,1.040000
Kepler-746 b,Kepler-746,1,Transit,2016,3.48159251000,0.0435000000,1.11000000,1.41000000,450.00000000,290.6822097,37.3551593,,5418.00,0.910000,0.930000
Kepler-747 b,Kepler-747,1,Transit,2016,35.61760587000,0.1916000000,5.27000000,24.10000000,3347.16000000,288.4165196,41.0298175,,5096.00,0.820000,0.780000
Kepler-748 b,Kepler-748,1,Transit,2016,7.40742793000,0.0745000000,2.52000000,6.90000000,1705.99000000,292.2628779,37.2369732,,5934.00,1.070000,1.100000
Kepler-749 b,Kepler-749,1,Transit,2016,17.31716585000,0.1054000000,3.10000000,9.80000000,721.02700000,299.8973341,43.9040667,,5009.00,0.790000,0.750000
Kepler-75 b,Kepler-75,1,Transit,2013,8.88491160000,0.0818000000,11.77000000,3209.90000000,835.35600000,291.1376203,36.5773443,K0 V,5200.00,0.910000,0.890000
Kepler-750 b,Kepler-750,2,Transit,2016,9.42887179000,0.0874200000,3.07000000,9.64000000,1296.02000000,289.0968274,44.0043640,,6160.00,1.150000,1.230000
Kepler-750 c,Kepler-750,2,Transit,2016,4.08899022000,0.0500900000,1.62000000,3.26000000,1296.02000000,289.0968274,44.0043640,,6160.00,1.150000,1.230000
Kepler-751 b,Kepler-751,1,Transit,2016,17.44490636000,0.1263000000,2.46000000,6.62000000,760.43000000,294.8438103,44.0776872,,5387.00,0.870000,0.840000
Kepler-752 b,Kepler-752,1,Transit,2016,18.82747265000,0.1353000000,2.81000000,8.30000000,1232.29000000,292.2681469,37.9556720,,5373.00,0.870000,0.830000
Kepler-753 b,Kepler-753,1,Transit,2016,5.74772501200,0.0540000000,1.91000000,4.31000000,274.76700000,291.9032411,37.9023677,,4346.00,0.680000,0.650000
Kepler-754 b,Kepler-754,1,Transit,2016,14.55962370000,0.1160000000,2.01000000,4.70000000,1770.27000000,293.2541121,37.8461519,,5935.00,1.060000,1.080000
Kepler-755 b,Kepler-755,2,Transit,2016,1.26909037400,0.0215600000,1.76000000,3.75000000,399.03400000,296.8609348,41.0973178,,5043.00,0.820000,0.770000
Kepler-755 c,Kepler-755,2,Transit,2016,2.85313364400,0.0370000000,1.26000000,2.13000000,399.03400000,296.8609348,41.0973178,,5043.00,0.820000,0.770000
Kepler-756 b,Kepler-756,1,Transit,2016,1.22486632200,0.0219000000,1.12000000,1.46000000,852.00000000,290.6079736,41.2010940,,5282.00,0.820000,0.790000
Kepler-757 b,Kepler-757,1,Transit,2016,1.02267882100,0.0190000000,1.36000000,2.42000000,1068.68000000,296.6804876,41.3865279,,6014.00,1.080000,1.130000
Kepler-758 b,Kepler-758,4,Transit,2016,12.10971040000,0.1075400000,2.48000000,6.71000000,1502.32000000,293.0846115,41.1354049,,6228.00,1.160000,1.420000
Kepler-758 c,Kepler-758,4,Transit,2016,4.75793986000,0.0576800000,1.69000000,3.50000000,1502.32000000,293.0846115,41.1354049,,6228.00,1.160000,1.420000
Kepler-758 d,Kepler-758,4,Transit,2016,20.49661970000,0.1527000000,2.12000000,5.14000000,1502.32000000,293.0846115,41.1354049,,6228.00,1.160000,1.420000
Kepler-758 e,Kepler-758,4,Transit,2016,8.19347190000,0.0829000000,1.53000000,2.96000000,1502.32000000,293.0846115,41.1354049,,6228.00,1.160000,1.420000
Kepler-759 b,Kepler-759,1,Transit,2016,41.80598500000,0.2329000000,2.27000000,5.77000000,1073.48000000,290.1314231,41.3814345,,5860.00,1.040000,1.040000
Kepler-76 b,Kepler-76,1,Orbital Brightness Modulation,2013,1.54492980000,0.0274000000,15.24424000,638.83830000,822.96000000,294.1921185,39.6189727,F,6409.00,1.200000,1.320000
Kepler-760 b,Kepler-760,2,Transit,2016,8.70419416000,0.0808700000,3.06000000,9.59000000,792.33600000,287.5931997,44.1794278,,5322.00,0.890000,0.850000
Kepler-760 c,Kepler-760,2,Transit,2016,2.46697439000,0.0348900000,1.48000000,2.79000000,792.33600000,287.5931997,44.1794278,,5322.00,0.890000,0.850000
Kepler-761 b,Kepler-761,1,Transit,2016,10.12804789000,0.0874000000,2.03000000,4.78000000,830.70700000,290.5035990,44.1436249,,5706.00,0.950000,0.930000
Kepler-762 b,Kepler-762,1,Transit,2016,3.77055209800,0.0493000000,12.68000000,,1898.26000000,291.2756631,47.3295107,,5944.00,1.060000,1.080000
Kepler-763 b,Kepler-763,3,Transit,2016,1.19655156000,0.0205000000,1.22000000,1.98000000,962.45900000,292.1445534,47.1573604,,5166.00,0.840000,0.800000
Kepler-763 c,Kepler-763,3,Transit,2023,4.09667624000,0.0466000000,1.42000000,2.60000000,962.45900000,292.1445534,47.1573604,,4999.00,0.800000,0.843000
Kepler-763 d,Kepler-763,3,Transit,2023,6.50327035000,0.0634000000,1.67000000,3.43000000,962.45900000,292.1445534,47.1573604,,4999.00,0.800000,0.843000
Kepler-764 b,Kepler-764,1,Transit,2016,7.33683936000,0.0724000000,1.64000000,3.33000000,1047.84000000,297.3931183,47.1645814,,5557.00,0.920000,0.890000
Kepler-765 b,Kepler-765,1,Transit,2016,27.66552260000,0.1754000000,2.43000000,6.48000000,1076.28000000,283.1846044,47.1557114,,5901.00,1.050000,1.060000
Kepler-766 b,Kepler-766,1,Transit,2016,6.10027804000,0.0660000000,3.39000000,11.40000000,2297.62000000,293.1845144,37.9698357,,5992.00,1.100000,1.150000
Kepler-767 b,Kepler-767,1,Transit,2016,161.52801010000,0.5874000000,6.64000000,35.70000000,2251.03000000,291.5791562,38.0358066,,5694.00,0.960000,0.940000
Kepler-768 b,Kepler-768,1,Transit,2016,11.39100250000,0.0920000000,1.79000000,3.86000000,784.56000000,294.1156858,38.3934378,,5108.00,0.820000,0.780000
Kepler-769 b,Kepler-769,2,Transit,2016,7.42608998000,0.0778000000,2.92000000,8.85000000,1169.57000000,292.7130925,38.3581685,,6186.00,1.190000,1.280000
Kepler-769 c,Kepler-769,2,Transit,2016,15.98701740000,0.1297000000,1.79000000,3.86000000,1169.57000000,292.7130925,38.3581685,,6186.00,1.190000,1.280000
Kepler-77 b,Kepler-77,1,Transit,2013,3.57878087000,0.0450100000,10.76100000,136.66100000,639.41100000,289.6079433,44.3454347,G5 V,5520.00,0.950000,0.990000
Kepler-770 b,Kepler-770,3,Transit,2016,18.92540274000,0.1694000000,2.30000000,5.90000000,930.45700000,286.4904589,38.3748720,,5598.00,0.940000,0.920000
Kepler-770 c,Kepler-770,3,Transit,2016,1.47532231400,0.0309000000,1.20000000,1.87000000,930.45700000,286.4904589,38.3748720,,5598.00,0.940000,0.920000
Kepler-770 d,Kepler-770,3,Transit,2016,4.15244722000,0.0616000000,1.40000000,2.54000000,930.45700000,286.4904589,38.3748720,,5598.00,0.940000,0.920000
Kepler-771 b,Kepler-771,1,Transit,2016,8.73485836000,0.0843000000,1.82000000,3.97000000,1393.85000000,287.4441104,38.0884183,,5906.00,1.030000,1.050000
Kepler-772 b,Kepler-772,1,Transit,2016,12.99207337000,0.1115300000,1.82000000,3.97000000,1130.21000000,291.4235820,38.2165603,,5714.00,0.980000,1.110000
Kepler-773 b,Kepler-773,1,Transit,2016,3.74910006100,0.0468200000,1.43000000,2.63000000,547.02600000,290.8846217,38.0575539,,5850.00,1.040000,1.010000
Kepler-774 b,Kepler-774,1,Transit,2016,11.08957230000,0.1082000000,3.17000000,10.20000000,917.80400000,291.0318604,38.2118940,,6403.00,1.570000,2.420000
Kepler-775 b,Kepler-775,1,Transit,2016,0.97486892600,0.0183400000,1.19000000,1.81000000,398.67600000,291.4332781,41.7033162,,5468.00,0.920000,0.840000
Kepler-776 b,Kepler-776,1,Transit,2016,4.89718784000,0.0523000000,1.28000000,2.18000000,727.90400000,287.2726117,41.6356009,,5071.00,0.830000,0.780000
Kepler-777 b,Kepler-777,1,Transit,2016,5.72812599000,0.0519000000,1.47000000,2.76000000,443.10600000,282.7241098,44.3465098,,4043.00,0.580000,0.560000
Kepler-778 b,Kepler-778,1,Transit,2016,3.75574426000,0.0453000000,1.68000000,3.46000000,938.16800000,287.4774867,44.2374702,,5102.00,0.810000,0.770000
Kepler-779 b,Kepler-779,1,Transit,2016,7.09714223000,0.0533000000,0.92000000,0.72100000,283.15500000,285.6285208,44.3107855,,3804.00,0.460000,0.440000
Kepler-78 b,Kepler-78,1,Transit,2013,0.35500745000,0.0090100000,1.20100000,1.68000000,124.37600000,293.7419543,44.4482521,G,5058.00,0.779000,0.747500
Kepler-780 b,Kepler-780,1,Transit,2016,0.67737516400,0.0150000000,0.89000000,0.64000000,557.65200000,281.7663511,44.2924898,,5769.00,1.010000,1.020000
Kepler-781 b,Kepler-781,1,Transit,2016,13.21407320000,0.1019000000,2.89000000,8.70000000,1064.47000000,287.6535874,47.4147762,,5162.00,0.810000,0.780000
Kepler-782 b,Kepler-782,1,Transit,2016,158.68533080000,0.5449400000,3.21000000,10.40000000,446.84400000,288.8682460,47.7594700,,5867.00,0.980000,1.010000
Kepler-783 b,Kepler-783,2,Transit,2016,4.29264638000,0.0495800000,0.78000000,0.39900000,516.09000000,291.0628615,47.4847890,,5521.00,0.930000,0.890000
Kepler-783 c,Kepler-783,2,Transit,2020,7.05395000000,0.0690300000,2.33153725,6.04000000,516.09000000,291.0628615,47.4847890,,5411.49,0.940000,0.872088
Kepler-784 b,Kepler-784,2,Transit,2016,31.59226460000,0.2211100000,1.58000000,3.12000000,1303.72000000,295.9206663,47.4486164,,5674.00,1.000000,1.320000
Kepler-784 c,Kepler-784,2,Transit,2023,17.15723600000,0.1309000000,1.55000000,3.02000000,1303.72000000,295.9206663,47.4486164,,5676.00,1.016000,1.487000
Kepler-785 b,Kepler-785,1,Transit,2016,1.97376092600,0.0250000000,13.02000000,,642.05100000,292.0683108,38.8422004,,4739.00,0.770000,0.710000
Kepler-786 b,Kepler-786,1,Transit,2016,53.52934870000,0.2548300000,2.43000000,6.48000000,485.31800000,293.7439223,38.9392217,,4838.00,0.810000,0.740000
Kepler-787 b,Kepler-787,1,Transit,2016,0.92831049800,0.0159000000,1.28000000,2.18000000,503.56800000,291.6924773,38.5729105,,4248.00,0.650000,0.620000
Kepler-788 b,Kepler-788,1,Transit,2016,8.39846269000,0.0835000000,2.55000000,7.04000000,1775.80000000,290.0004154,38.5398551,,6159.00,1.160000,1.230000
Kepler-789 b,Kepler-789,1,Transit,2016,8.63847725000,0.0951000000,2.12000000,5.14000000,1480.16000000,295.9751549,38.9466396,,5870.00,1.010000,1.020000
Kepler-79 b,Kepler-79,4,Transit,2012,13.48451000000,0.1192900000,3.51000000,7.60000000,1020.72000000,300.5171067,44.3815508,,6389.00,1.244000,1.316000
Kepler-79 c,Kepler-79,4,Transit,2012,27.40260000000,0.1914400000,3.76000000,4.60000000,1020.72000000,300.5171067,44.3815508,,6389.00,1.244000,1.316000
Kepler-79 d,Kepler-79,4,Transit,2014,52.08970000000,0.2937000000,7.15000000,5.30000000,1020.72000000,300.5171067,44.3815508,,6389.00,1.244000,1.316000
Kepler-79 e,Kepler-79,4,Transit,2014,81.06650000000,0.3944500000,3.53000000,3.80000000,1020.72000000,300.5171067,44.3815508,,6389.00,1.244000,1.316000
Kepler-790 b,Kepler-790,1,Transit,2016,13.73469807000,0.1010000000,2.18000000,5.39000000,703.16800000,286.9171489,38.8722123,,5208.00,0.840000,0.800000
Kepler-791 b,Kepler-791,1,Transit,2016,14.55397590000,0.1256000000,3.05000000,9.53000000,1266.34000000,293.5958044,39.0294267,,6383.00,1.300000,1.470000
Kepler-792 b,Kepler-792,1,Transit,2016,11.30119217000,0.0988000000,1.96000000,4.50000000,1425.47000000,292.0068239,38.8207001,,5971.00,1.090000,1.120000
Kepler-793 b,Kepler-793,1,Transit,2016,4.24153639000,0.0491000000,1.37000000,2.45000000,985.69900000,295.2167334,38.7744269,,5745.00,0.980000,0.970000
Kepler-794 b,Kepler-794,1,Transit,2016,11.13125132000,0.1003600000,2.11000000,5.10000000,931.19200000,288.1336793,38.9968923,,5839.00,1.190000,1.380000
Kepler-795 b,Kepler-795,1,Transit,2016,29.61934210000,0.1803000000,1.68000000,3.46000000,492.12200000,291.0189951,38.5455728,,5631.00,0.940000,0.960000
Kepler-796 b,Kepler-796,1,Transit,2016,6.40087618000,0.0731700000,1.30000000,2.24000000,817.58400000,287.3078999,39.1447097,,5475.00,0.930000,1.090000
Kepler-797 b,Kepler-797,1,Transit,2016,27.07237711000,0.1810000000,2.17000000,5.35000000,1315.26000000,297.2089078,41.7816450,,5680.00,0.960000,0.950000
Kepler-798 b,Kepler-798,1,Transit,2016,13.71933369000,0.1174000000,2.39000000,6.30000000,972.27400000,292.4782785,42.1422821,,6224.00,1.190000,1.290000
Kepler-799 b,Kepler-799,2,Transit,2016,133.46052350000,0.5167000000,6.88000000,37.90000000,1509.08400000,287.1748966,44.8784754,,5681.00,0.950000,0.930000
Kepler-799 c,Kepler-799,2,Transit,2021,15.19419956000,0.1214000000,2.78068551,8.15000000,1509.08400000,287.1748966,44.8784754,,5588.00,1.031000,1.593000
Kepler-8 b,Kepler-8,1,Transit,2010,3.52249910000,0.0474000000,15.87194400,187.51970000,1021.87000000,281.2881335,42.4510975,,6213.00,1.213000,1.486000
Kepler-80 b,Kepler-80,6,Transit,2012,7.05246000000,0.0648000000,2.67000000,6.93000000,369.45100000,296.1125759,39.9787451,K5,4540.00,0.730000,0.678000
Kepler-80 c,Kepler-80,6,Transit,2012,9.52355000000,0.0792000000,2.74000000,6.74000000,369.45100000,296.1125759,39.9787451,K5,4540.00,0.730000,0.678000
Kepler-80 d,Kepler-80,6,Transit,2014,3.07222000000,0.0372000000,1.53000000,6.75000000,369.45100000,296.1125759,39.9787451,K5,4540.00,0.730000,0.678000
Kepler-80 e,Kepler-80,6,Transit,2014,4.64489000000,0.0491000000,1.60000000,4.13000000,369.45100000,296.1125759,39.9787451,K5,4540.00,0.730000,0.678000
Kepler-80 f,Kepler-80,6,Transit,2016,0.98678730000,0.0175000000,1.21000000,4459.73000000,369.45100000,296.1125759,39.9787451,K5,4540.00,0.730000,0.678000
Kepler-80 g,Kepler-80,6,Transit,2017,14.64558000000,,1.13000000,0.06500000,369.45100000,296.1125759,39.9787451,K5,4540.00,0.830000,0.678000
Kepler-800 b,Kepler-800,1,Transit,2016,14.13176026000,0.1106000000,2.85000000,8.50000000,1019.26000000,286.5747697,44.7951858,,5315.00,0.850000,0.820000
Kepler-801 b,Kepler-801,1,Transit,2016,11.41928253000,0.0795000000,2.00000000,4.66000000,440.42600000,286.0751815,44.6646277,,4435.00,0.670000,0.630000
Kepler-802 b,Kepler-802,1,Transit,2016,40.05874730000,0.2265000000,3.54000000,12.30000000,780.58500000,286.0157998,45.0077413,,5507.00,0.930000,0.900000
Kepler-803 b,Kepler-803,1,Transit,2016,50.28638192000,0.2672100000,3.79000000,13.80000000,639.77100000,299.2216728,44.6939033,,5919.00,1.050000,1.120000
Kepler-804 b,Kepler-804,2,Transit,2016,14.37457351000,0.1128700000,1.94000000,4.42000000,649.65000000,293.3722109,44.7851812,,5817.00,1.010000,1.050000
Kepler-804 c,Kepler-804,2,Transit,2016,9.65185017000,0.0865400000,1.14000000,1.55000000,649.65000000,293.3722109,44.7851812,,5817.00,1.010000,1.050000
Kepler-805 b,Kepler-805,1,Transit,2016,30.86389310000,0.1985200000,2.89000000,8.70000000,638.49000000,293.2300178,45.0533640,,6112.00,1.190000,1.650000
Kepler-806 b,Kepler-806,1,Transit,2016,8.09219642000,0.0768400000,1.14000000,1.55000000,361.89600000,296.0071956,44.8535698,,5770.00,0.990000,1.160000
Kepler-808 b,Kepler-808,1,Transit,2016,0.63133235300,0.0131400000,1.46000000,2.73000000,321.00000000,291.5941514,48.4454907,,4653.00,0.760000,0.710000
Kepler-809 b,Kepler-809,1,Transit,2016,55.63934000000,0.2901000000,3.01000000,9.32000000,961.40500000,289.0836324,48.0180689,,5734.00,0.990000,0.980000
Kepler-81 b,Kepler-81,3,Transit,2012,5.95500000000,0.0522000000,2.42000000,17.20000000,348.29100000,293.6369437,42.8248275,M0 V,4385.00,0.640000,0.590000
Kepler-81 c,Kepler-81,3,Transit,2012,12.04000000000,0.0834700000,2.37000000,4.30000000,348.29100000,293.6369437,42.8248275,M0 V,4385.00,0.640000,0.590000
Kepler-81 d,Kepler-81,3,Transit,2014,20.83784600000,0.1280000000,1.21000000,1.92000000,348.29100000,293.6369437,42.8248275,M0 V,4500.00,0.648000,0.595000
Kepler-810 b,Kepler-810,1,Transit,2016,4.59725385000,0.0550000000,1.93000000,4.38000000,1458.59000000,296.6148615,48.0825642,,5803.00,1.030000,1.040000
Kepler-811 b,Kepler-811,1,Transit,2016,23.58447697000,0.1591100000,2.70000000,7.75000000,985.04100000,285.4241593,47.8345586,,5747.00,1.010000,1.240000
Kepler-812 b,Kepler-812,1,Transit,2016,10.11716531000,0.1024000000,3.55000000,12.30000000,1482.74000000,288.8552821,48.2085170,,6761.00,1.450000,1.710000
Kepler-813 b,Kepler-813,1,Transit,2016,19.12947337000,0.1439000000,2.14000000,5.22000000,840.00000000,285.6626752,48.4353251,,5743.00,0.950000,0.930000
Kepler-814 b,Kepler-814,1,Transit,2016,6.14698510000,0.0695000000,2.12000000,5.14000000,2055.77000000,284.9105256,48.4315896,,6162.00,1.150000,1.220000
Kepler-815 b,Kepler-815,1,Transit,2016,8.57503552000,0.0947300000,4.11000000,15.80000000,1259.28000000,285.2211238,47.8813037,,5028.00,1.250000,3.420000
Kepler-816 b,Kepler-816,1,Transit,2016,10.50682564600,0.0895000000,10.24000000,74.50000000,983.69700000,293.3628165,39.2124394,,5286.00,0.900000,0.850000
Kepler-817 b,Kepler-817,1,Transit,2016,3.99010622900,0.0493000000,9.03000000,60.20000000,1484.46000000,296.0818498,39.1616140,,5861.00,1.030000,1.030000
Kepler-818 b,Kepler-818,1,Transit,2016,10.03538581400,0.0886000000,5.11000000,22.90000000,925.03700000,296.2351072,39.3702865,,5638.00,0.940000,0.920000
Kepler-819 b,Kepler-819,1,Transit,2016,33.19956480000,0.1894000000,2.76000000,8.05000000,664.30600000,295.3708312,39.1772925,,5279.00,0.860000,0.810000
Kepler-82 b,Kepler-82,5,Transit,2012,26.44000000000,0.1683000000,4.07000000,12.15000000,904.32600000,292.8733696,42.9661583,,5401.00,0.910000,0.898000
Kepler-82 c,Kepler-82,5,Transit,2012,51.54000000000,0.2626000000,5.34000000,13.90000000,904.32600000,292.8733696,42.9661583,,5401.00,0.910000,0.898000
Kepler-82 d,Kepler-82,5,Transit,2014,2.38296100000,0.0340000000,1.77000000,885.09800000,904.32600000,292.8733696,42.9661583,,5428.00,0.946000,0.945000
Kepler-82 e,Kepler-82,5,Transit,2014,5.90220600000,0.0630000000,2.47000000,254.02000000,904.32600000,292.8733696,42.9661583,,5428.00,0.946000,0.945000
Kepler-82 f,Kepler-82,5,Transit Timing Variations,2019,75.73200000000,0.3395000000,4.84000000,20.90000000,904.32600000,292.8733696,42.9661583,,5401.00,0.910000,0.898000
Kepler-820 b,Kepler-820,1,Transit,2016,127.83380980000,0.5600400000,6.09000000,30.80000000,1387.20000000,291.0201523,39.2206091,,6260.00,1.230000,1.360000
Kepler-821 b,Kepler-821,1,Transit,2016,1.92279873000,0.0290000000,1.31000000,2.27000000,614.57100000,285.6173937,39.3794684,,5191.00,0.840000,0.800000
Kepler-822 b,Kepler-822,1,Transit,2016,3.22296927300,0.0407800000,1.77000000,3.78000000,860.39100000,292.2760929,39.5501136,,5928.00,1.060000,1.080000
Kepler-823 b,Kepler-823,1,Transit,2016,4.16809082000,0.0507000000,1.57000000,3.09000000,1389.27000000,284.5825682,39.2201737,,5643.00,0.980000,0.960000
Kepler-824 b,Kepler-824,1,Transit,2016,4.51436633000,0.0550000000,1.87000000,4.16000000,1201.40000000,290.4774060,39.7319975,,6035.00,1.150000,1.220000
Kepler-825 b,Kepler-825,2,Transit,2016,3.77360059000,0.0453000000,1.53000000,2.96000000,807.85000000,294.7698250,39.3984081,,5976.00,1.030000,1.080000
Kepler-825 c,Kepler-825,2,Transit,2016,8.18182460000,0.0759000000,1.84000000,4.04000000,807.85000000,294.7698250,39.3984081,,5976.00,1.030000,1.080000
Kepler-826 b,Kepler-826,1,Transit,2016,4.48758907000,0.0520200000,1.25000000,2.10000000,779.59600000,284.8601128,39.2405076,,6079.00,1.050000,1.150000
Kepler-827 b,Kepler-827,1,Transit,2016,51.92927591000,0.2742000000,5.63000000,27.00000000,2046.68000000,294.9660027,42.7085608,,5602.00,0.930000,0.910000
Kepler-828 b,Kepler-828,1,Transit,2016,0.56785713600,0.0122800000,1.51000000,2.89000000,575.32200000,286.8872555,42.4712271,,5039.00,0.810000,0.770000
Kepler-829 b,Kepler-829,1,Transit,2016,6.88337562000,0.0678000000,2.11000000,5.10000000,1073.76000000,282.3328312,42.4638125,,5698.00,0.980000,0.970000
Kepler-83 b,Kepler-83,3,Transit,2012,9.77000000000,0.0729500000,2.83000000,2.94000000,400.40900000,282.2325197,43.6655662,M0 V,4082.00,0.660000,0.610000
Kepler-83 c,Kepler-83,3,Transit,2012,20.09000000000,0.1179600000,2.36000000,2.03000000,400.40900000,282.2325197,43.6655662,M0 V,4082.00,0.660000,0.610000
Kepler-83 d,Kepler-83,3,Transit,2014,5.16979600000,0.0510000000,1.94000000,4.10000000,400.40900000,282.2325197,43.6655662,M0 V,4648.00,0.580000,0.594000
Kepler-830 b,Kepler-830,1,Transit,2016,11.29695137000,0.1033000000,1.70000000,3.53000000,1122.00000000,295.0542380,42.7568316,,6037.00,1.070000,1.110000
Kepler-831 b,Kepler-831,1,Transit,2016,5.62153941000,0.0598400000,1.27000000,2.15000000,593.54000000,294.9855607,42.7277355,,5732.00,0.990000,0.970000
Kepler-832 b,Kepler-832,1,Transit,2016,7.13969410000,0.0750000000,2.06000000,4.90000000,1688.12000000,295.9261101,45.3838690,,5596.00,0.920000,0.900000
Kepler-833 b,Kepler-833,1,Transit,2016,18.75469980000,0.1139000000,2.02000000,4.74000000,467.37000000,290.4799052,45.6005798,,4339.00,0.640000,0.620000
Kepler-834 b,Kepler-834,1,Transit,2016,13.32388301000,0.0862000000,2.02000000,4.74000000,633.93700000,287.0544674,45.1803351,,4554.00,0.700000,0.660000
Kepler-835 b,Kepler-835,1,Transit,2016,11.41909375000,0.1070000000,2.79000000,8.20000000,2406.33000000,283.5742181,45.7348003,,5954.00,1.080000,1.110000
Kepler-836 b,Kepler-836,1,Transit,2016,11.36112327000,0.1013000000,2.73000000,7.90000000,980.03500000,287.4527659,45.7043964,,5895.00,1.030000,1.040000
Kepler-837 b,Kepler-837,1,Transit,2016,16.56059504000,0.1144000000,2.56000000,7.08000000,901.90700000,285.2467607,45.9501100,,5403.00,0.850000,0.810000
Kepler-838 b,Kepler-838,1,Transit,2016,15.74957994000,0.1266000000,2.73000000,7.90000000,1104.04000000,285.4354695,45.9759590,,5770.00,0.980000,0.960000
Kepler-839 b,Kepler-839,1,Transit,2016,37.81445140000,0.2316000000,2.57000000,7.13000000,944.56100000,291.0746840,45.2425440,,6058.00,1.220000,1.310000
Kepler-84 b,Kepler-84,5,Transit,2012,8.72600000000,0.0827000000,2.23000000,40.00000000,1023.90000000,298.2520208,40.4960842,,6039.00,1.000000,1.430000
Kepler-84 c,Kepler-84,5,Transit,2012,12.88300000000,0.1072000000,2.36000000,20.20000000,1023.90000000,298.2520208,40.4960842,,6039.00,1.000000,1.430000
Kepler-84 d,Kepler-84,5,Transit,2014,4.22453700000,0.0520000000,1.38000000,2.48000000,1023.90000000,298.2520208,40.4960842,,6031.00,1.060000,1.169000
Kepler-84 e,Kepler-84,5,Transit,2014,27.43438900000,0.1810000000,2.60000000,7.27000000,1023.90000000,298.2520208,40.4960842,,6031.00,1.060000,1.169000
Kepler-84 f,Kepler-84,5,Transit,2014,44.55216900000,0.2500000000,2.20000000,5.48000000,1023.90000000,298.2520208,40.4960842,,6031.00,1.060000,1.169000
Kepler-841 b,Kepler-841,1,Transit,2016,124.41983980000,0.4790000000,5.23000000,23.80000000,998.96100000,284.2513637,48.8095962,,5324.00,0.850000,0.810000
Kepler-842 b,Kepler-842,1,Transit,2016,1.21956827000,0.0204000000,1.60000000,3.19000000,532.72600000,292.3285976,49.6535171,,4848.00,0.780000,0.730000
Kepler-843 b,Kepler-843,1,Transit,2016,2.05387982100,0.0313000000,2.59000000,7.22000000,1165.66000000,296.3219786,48.9714373,,5830.00,1.020000,1.030000
Kepler-844 b,Kepler-844,1,Transit,2016,2.61302085600,0.0298000000,1.68000000,3.46000000,431.77600000,287.8578541,48.7739646,,4128.00,0.590000,0.570000
Kepler-845 b,Kepler-845,1,Transit,2016,0.92785982100,0.0166800000,2.04000000,4.82000000,431.05100000,290.9576363,49.2037262,,4913.00,0.790000,0.750000
Kepler-846 b,Kepler-846,1,Transit,2016,19.80792185000,0.1399000000,2.48000000,6.71000000,1127.12000000,287.0570731,49.0460112,,5579.00,0.940000,0.910000
Kepler-847 b,Kepler-847,1,Transit,2016,2.34323189500,0.0315000000,1.18000000,1.76000000,513.10300000,283.5048144,49.4509371,,4940.00,0.830000,0.770000
Kepler-848 b,Kepler-848,1,Transit,2016,6.91134416000,0.0758600000,1.70000000,3.53000000,1378.47000000,293.2882949,48.8116114,,5695.00,1.010000,1.200000
Kepler-849 b,Kepler-849,1,Transit,2016,394.62508000000,1.1370000000,8.08167508,298.75870258,822.13400000,290.8517961,48.5213243,,5950.00,1.259000,1.822000
Kepler-85 b,Kepler-85,4,Transit,2012,8.30000000000,0.0788500000,1.77800000,1.84000000,765.02500000,290.9734395,45.2902761,,5505.20,0.928000,0.875000
Kepler-85 c,Kepler-85,4,Transit,2012,12.51000000000,0.1036300000,1.97800000,2.15000000,765.02500000,290.9734395,45.2902761,,5505.20,0.928000,0.875000
Kepler-85 d,Kepler-85,4,Transit,2014,17.91323000000,0.1300000000,1.20000000,8.69679000,765.02500000,290.9734395,45.2902761,,5436.00,0.947000,0.893000
Kepler-85 e,Kepler-85,4,Transit,2014,25.21675100000,0.1630000000,1.27000000,0.60000000,765.02500000,290.9734395,45.2902761,,5436.00,0.947000,0.893000
Kepler-850 b,Kepler-850,1,Transit,2016,7.19303878000,0.0744000000,1.78000000,3.82000000,1661.28000000,293.0844515,48.5753645,,5932.00,1.060000,1.090000
Kepler-851 b,Kepler-851,1,Transit,2016,8.50699658000,0.0802000000,1.68000000,3.46000000,839.25500000,294.6802199,49.1401106,,5455.00,0.890000,0.850000
Kepler-852 b,Kepler-852,1,Transit,2016,44.93098040000,0.2796700000,2.54000000,6.99000000,1619.03000000,297.3915863,48.5606875,,6100.00,1.190000,1.160000
Kepler-853 b,Kepler-853,1,Transit,2016,7.16892463000,0.0790000000,1.69000000,3.50000000,568.67600000,283.9367810,49.1102748,,6350.00,1.300000,1.550000
Kepler-855 b,Kepler-855,1,Transit,2016,7.88663110400,0.0762000000,8.35000000,52.70000000,1506.58000000,295.0949565,43.5375650,,5835.00,1.030000,1.030000
Kepler-856 b,Kepler-856,1,Transit,2016,8.02768059500,0.0787000000,9.30000000,63.30000000,1351.17000000,289.6038379,46.3149097,,5535.00,0.960000,0.930000
Kepler-857 b,Kepler-857,1,Transit,2016,85.35129427000,0.3751000000,6.80000000,37.20000000,983.50200000,294.6323978,43.4004526,,5773.00,0.990000,0.990000
Kepler-858 b,Kepler-858,1,Transit,2016,76.13602028000,0.3393900000,4.87000000,21.10000000,298.53200000,288.8488552,51.2090375,,5653.00,0.960000,0.910000
Kepler-859 b,Kepler-859,1,Transit,2016,20.38177573000,0.1315700000,3.09000000,9.75000000,839.90300000,286.7418337,43.1901197,,5020.00,0.810000,0.770000
Kepler-860 b,Kepler-860,1,Transit,2016,5.10137945400,0.0580000000,3.24000000,10.60000000,1056.36000000,295.5772681,46.2547028,,5836.00,1.040000,1.060000
Kepler-861 b,Kepler-861,1,Transit,2016,3.94963137500,0.0463000000,2.28000000,5.82000000,850.32700000,292.3539624,46.2262465,,5047.00,0.820000,0.780000
Kepler-862 b,Kepler-862,1,Transit,2016,3.14866453400,0.0390000000,2.21000000,5.52000000,1039.03000000,297.7792466,46.4926688,,5333.00,0.880000,0.840000
Kepler-863 b,Kepler-863,1,Transit,2016,15.59461874000,0.1220000000,2.90000000,8.75000000,1499.66000000,297.6644677,43.2489903,,5678.00,0.960000,0.950000
Kepler-864 b,Kepler-864,2,Transit,2016,5.83376092000,0.0687000000,2.40000000,6.35000000,2022.90000000,285.0570943,46.3206074,,5754.00,1.000000,1.000000
Kepler-864 c,Kepler-864,2,Transit,2023,2.42150341000,0.0382000000,1.62000000,3.26000000,2022.90000000,285.0570943,46.3206074,,6213.00,1.270000,1.195000
Kepler-865 b,Kepler-865,2,Transit,2016,14.16399294000,0.1057000000,2.49000000,6.76000000,586.13700000,297.7242257,43.5272796,,5570.00,0.930000,0.920000
Kepler-865 c,Kepler-865,2,Transit,2023,6.20920207000,0.0610000000,0.89000000,0.64000000,586.13700000,297.7242257,43.5272796,,5440.00,0.782000,0.885000
Kepler-866 b,Kepler-866,1,Transit,2016,2.61703253600,0.0331000000,1.63000000,3.29000000,646.66700000,290.1222112,43.0854070,,4751.00,0.750000,0.710000
Kepler-867 b,Kepler-867,1,Transit,2016,150.24212700000,0.5375000000,4.64000000,19.40000000,1195.54000000,287.2852554,51.2499499,,5541.00,0.920000,0.910000
Kepler-868 b,Kepler-868,1,Transit,2016,5.03251791000,0.0575000000,2.05000000,4.86000000,1593.13000000,282.3635315,46.6752384,,5614.00,0.930000,0.890000
Kepler-869 b,Kepler-869,1,Transit,2016,40.42877550000,0.2244000000,3.61000000,12.70000000,939.45500000,289.4245955,50.9941198,,5664.00,0.970000,0.950000
Kepler-87 b,Kepler-87,2,Transit,2013,114.73635000000,0.4810000000,13.49000000,324.20000000,1232.90000000,297.9168433,46.9651146,,5600.00,1.100000,1.820000
Kepler-87 c,Kepler-87,2,Transit,2013,191.23180000000,0.6760000000,6.14000000,6.40000000,1232.90000000,297.9168433,46.9651146,,5600.00,1.100000,1.820000
Kepler-870 b,Kepler-870,1,Transit,2016,21.35876210000,0.1539000000,2.78000000,8.15000000,1259.46000000,295.4025625,50.4785992,,5857.00,1.010000,1.020000
Kepler-871 b,Kepler-871,1,Transit,2016,22.04590180000,0.1572000000,3.74000000,13.50000000,1976.05000000,294.5270634,43.3681317,,5993.00,1.110000,1.140000
Kepler-872 b,Kepler-872,1,Transit,2016,2.57885506800,0.0362000000,1.99000000,4.62000000,879.68300000,295.4174725,43.6056117,,5902.00,1.050000,1.080000
Kepler-873 b,Kepler-873,1,Transit,2016,20.55338440000,0.1542000000,3.75000000,13.50000000,1182.22000000,296.4031319,51.2712773,,6163.00,1.180000,1.270000
Kepler-874 b,Kepler-874,1,Transit,2016,40.06867270000,0.2234000000,3.94000000,14.70000000,1082.16000000,294.9568477,43.0142991,,6020.00,1.090000,1.130000
Kepler-875 b,Kepler-875,1,Transit,2016,27.50737990000,0.1771000000,2.90000000,8.75000000,1242.62000000,297.3012497,43.1418313,,5958.00,1.060000,1.110000
Kepler-876 b,Kepler-876,1,Transit,2016,5.14438011000,0.0549000000,1.43000000,2.63000000,820.91300000,283.4781717,43.3837235,,5060.00,0.810000,0.770000
Kepler-877 b,Kepler-877,1,Transit,2016,18.45847097000,0.1301000000,2.12000000,5.14000000,602.17600000,289.8591023,46.5227429,,5261.00,0.850000,0.810000
Kepler-878 b,Kepler-878,1,Transit,2016,25.94220330000,0.1650000000,1.93000000,4.38000000,791.62500000,285.2962562,46.6034497,,5044.00,0.810000,0.770000
Kepler-879 b,Kepler-879,2,Transit,2016,33.38559380000,0.2012000000,2.57000000,7.13000000,802.67200000,295.8065515,50.9097521,G,5792.00,1.020000,1.020000
Kepler-879 c,Kepler-879,2,Transit,2024,0.64671600000,,0.40000000,0.03640000,802.67200000,295.8065515,50.9097521,G,5456.75,0.974000,1.022000
Kepler-88 d,KOI-142,3,Radial Velocity,2020,1403.00000000000,2.4663298660,13.10000000,965.14699656,376.86300000,291.1481028,40.6694130,G6 V,5466.00,0.990000,0.897000
Kepler-880 b,Kepler-880,2,Transit,2016,7.71468975000,0.0915000000,2.66000000,7.56000000,601.32400000,281.9712347,43.6727839,,6761.00,1.460000,1.740000
Kepler-880 c,Kepler-880,2,Transit,2023,11.80617370000,0.1216000000,2.87000000,8.60000000,601.32400000,281.9712347,43.6727839,,6900.00,1.714000,2.599000
Kepler-881 b,Kepler-881,1,Transit,2016,4.44448017000,0.0552000000,1.78000000,3.82000000,1375.18000000,288.9925529,46.6706513,,5961.00,1.060000,1.090000
Kepler-882 b,Kepler-882,1,Transit,2016,3.98953966600,0.0474100000,1.23000000,2.04000000,504.60500000,294.6500256,43.3356106,,5476.00,0.900000,0.870000
Kepler-883 b,Kepler-883,1,Transit,2016,12.98495573000,0.1028800000,1.78000000,3.82000000,627.45500000,286.4337260,50.3002266,,6116.00,1.060000,1.090000
Kepler-884 b,Kepler-884,1,Transit,2016,5.69919514000,0.0611600000,1.23000000,2.04000000,476.73300000,292.5844328,49.9232012,,5715.00,1.000000,0.940000
Kepler-885 b,Kepler-885,1,Transit,2016,18.11472949000,0.1440300000,2.50000000,6.80000000,651.31800000,288.6615682,49.7371538,,6187.00,1.210000,1.350000
Kepler-886 b,Kepler-886,1,Transit,2016,6.24146367000,0.0642800000,1.52000000,2.92000000,711.29700000,286.2717162,43.5952037,,6098.00,1.100000,1.160000
Kepler-887 b,Kepler-887,2,Transit,2016,20.42228798000,0.1543100000,1.84000000,4.04000000,886.58800000,290.0907893,39.8169085,,6194.00,1.190000,1.290000
Kepler-887 c,Kepler-887,2,Transit,2016,7.63846023000,0.0801000000,1.13000000,1.51000000,886.58800000,290.0907893,39.8169085,,6194.00,1.190000,1.290000
Kepler-888 b,Kepler-888,1,Transit,2016,70.69790610000,0.3148100000,1.76000000,3.75000000,420.81700000,295.5212866,49.7386804,,5875.00,0.970000,0.900000
Kepler-889 b,Kepler-889,1,Transit,2016,3.74443900000,0.0497500000,1.09000000,1.32000000,598.31300000,291.4674540,50.7595597,,5961.00,1.140000,1.250000
Kepler-890 b,Kepler-890,1,Transit,2016,52.75875577000,0.2944000000,8.89000000,58.60000000,1712.12000000,288.4357180,43.7634712,,5954.00,1.090000,1.130000
Kepler-891 b,Kepler-891,1,Transit,2016,53.44945593000,0.2881000000,6.41000000,33.60000000,2340.58000000,291.0837644,40.3552252,,5887.00,1.060000,1.070000
Kepler-892 b,Kepler-892,1,Transit,2016,13.75210720000,0.1015000000,2.81000000,8.30000000,570.72700000,283.1296399,43.8880983,,4747.00,0.750000,0.720000
Kepler-893 b,Kepler-893,1,Transit,2016,6.33855761000,0.0699000000,3.03000000,9.43000000,1285.59000000,284.9630591,43.9130282,,5820.00,1.000000,0.990000
Kepler-894 b,Kepler-894,1,Transit,2016,9.80322400000,0.0916000000,2.78000000,8.15000000,1162.91000000,288.7340513,46.9393630,,5603.00,0.870000,0.850000
Kepler-895 b,Kepler-895,1,Transit,2016,2.80624232800,0.0328000000,1.54000000,2.99000000,540.13400000,289.2906978,51.4089936,,4315.00,0.650000,0.610000
Kepler-896 b,Kepler-896,2,Transit,2016,144.54739600000,0.5637800000,2.53000000,6.94000000,2334.93000000,282.4391402,43.7344291,,5262.00,0.840000,0.810000
Kepler-896 c,Kepler-896,2,Transit,2023,29.54225660000,0.1792000000,3.15000000,10.10000000,2334.93000000,282.4391402,43.7344291,,5510.00,0.877000,0.803000
Kepler-897 b,Kepler-897,1,Transit,2016,8.04726420000,0.0770000000,2.39000000,6.30000000,1519.25000000,290.5867992,51.6957731,,5839.00,1.030000,1.040000
Kepler-898 b,Kepler-898,1,Transit,2016,5.87061910000,0.0545000000,1.49000000,2.83000000,484.89100000,286.5854116,46.8708877,,4223.00,0.650000,0.620000
Kepler-899 b,Kepler-899,1,Transit,2016,19.17891293000,0.1392000000,2.68000000,7.65000000,1246.43000000,297.4825612,40.6807412,,5595.00,0.930000,0.910000
Kepler-9 b,Kepler-9,3,Transit,2010,19.23891000000,0.1430000000,8.29000000,43.40000000,628.25700000,285.5739904,38.4008192,,5774.00,1.022000,0.958000
Kepler-9 c,Kepler-9,3,Transit,2010,38.98530000000,0.2270000000,8.08000000,29.90000000,628.25700000,285.5739904,38.4008192,,5774.00,1.022000,0.958000
Kepler-9 d,Kepler-9,3,Transit,2010,1.59285100000,0.0273000000,1.64000000,8.41466053,628.25700000,285.5739904,38.4008192,,5777.00,1.070000,1.020000
Kepler-90 i,KOI-351,8,Transit,2017,14.44912000000,0.1201380843,1.32000000,2.30000000,848.25400000,284.4334642,49.3051239,,6015.00,1.120000,1.290000
Kepler-900 b,Kepler-900,1,Transit,2016,6.99130860000,0.0679000000,2.08000000,4.98000000,487.52500000,296.1772720,46.9989635,,4836.00,0.780000,0.730000
Kepler-901 b,Kepler-901,1,Transit,2016,3.51749439400,0.0378000000,1.37000000,2.45000000,253.86700000,291.1528056,40.8876814,,4184.00,0.590000,0.570000
Kepler-902 b,Kepler-902,1,Transit,2016,40.10995470000,0.2230000000,2.54000000,6.99000000,1165.34000000,289.7317067,46.9538750,,5647.00,0.950000,0.930000
Kepler-903 b,Kepler-903,2,Transit,2016,10.35077210000,0.0908100000,2.01000000,4.70000000,1369.24000000,288.7710137,40.6641771,,5682.00,0.980000,0.970000
Kepler-903 c,Kepler-903,2,Transit,2016,62.92285570000,0.3024900000,2.53000000,6.94000000,1369.24000000,288.7710137,40.6641771,,5682.00,0.980000,0.970000
Kepler-904 b,Kepler-904,1,Transit,2016,3.02166863200,0.0417000000,1.77000000,3.78000000,978.12500000,288.8229001,40.3890100,,6160.00,1.160000,1.250000
Kepler-905 b,Kepler-905,1,Transit,2016,5.08274651700,0.0568900000,1.41000000,2.57000000,529.26800000,290.0511468,46.7134077,,5461.00,0.950000,0.860000
Kepler-906 b,Kepler-906,1,Transit,2016,41.69799760000,0.2236300000,2.11000000,5.10000000,757.79100000,291.4055614,40.1254254,,6035.00,1.060000,1.020000
Kepler-907 b,Kepler-907,1,Transit,2016,15.86621821000,0.1225000000,1.20000000,1.87000000,352.00000000,285.4764959,41.6326615,,6106.00,1.080000,1.380000
Kepler-908 b,Kepler-908,1,Transit,2016,1.34059746800,0.0252600000,1.22000000,1.98000000,290.84300000,295.3225434,39.3764624,,5973.00,1.110000,1.120000
Kepler-909 b,Kepler-909,1,Transit,2016,13.93290318000,0.1187300000,1.47000000,2.76000000,309.59600000,289.5063796,45.3709728,,6154.00,1.170000,1.230000
Kepler-91 b,Kepler-91,1,Transit,2013,6.24658000000,0.0731000000,15.32270300,257.44230000,1294.69000000,285.6729033,44.1167513,K3,4550.00,1.310000,6.300000
Kepler-910 b,Kepler-910,1,Transit,2016,2.36436901500,0.0375200000,0.82000000,0.47700000,400.28900000,296.0472937,42.7429414,,6230.00,1.260000,1.500000
Kepler-911 b,Kepler-911,1,Transit,2016,20.31050100000,0.1559400000,2.60000000,7.27000000,556.16800000,298.5891948,40.7506921,,6112.00,1.340000,1.990000
Kepler-912 b,Kepler-912,1,Transit,2016,2.53475627300,0.0339000000,2.80000000,8.25000000,2004.72000000,298.1111779,41.7583240,,5998.00,1.070000,1.110000
Kepler-913 b,Kepler-913,2,Transit,2016,10.29672521000,0.1009000000,2.06000000,4.90000000,991.61800000,297.5830564,41.9523531,,4687.00,0.630000,0.610000
Kepler-913 c,Kepler-913,2,Transit,2021,5.93911981600,0.0699000000,3.85807090,14.20000000,991.61800000,297.5830564,41.9523531,,6068.00,1.294000,1.797000
Kepler-914 b,Kepler-914,1,Transit,2016,4.40966548000,0.0545400000,1.38000000,2.48000000,753.72300000,290.4120774,44.8993227,,5877.00,1.100000,1.150000
Kepler-915 b,Kepler-915,1,Transit,2016,4.59489604000,0.0565500000,1.50000000,2.86000000,849.03600000,290.5921293,45.7372184,,6173.00,1.210000,1.380000
Kepler-916 b,Kepler-916,1,Transit,2016,32.29687980000,0.1885000000,1.76000000,3.75000000,830.71200000,290.9833818,45.9733334,,5248.00,0.850000,0.810000
Kepler-917 b,Kepler-917,1,Transit,2016,2.97041437500,0.0378000000,1.91000000,4.31000000,3460.51000000,299.0512562,47.9492677,,5418.00,0.800000,0.760000
Kepler-918 b,Kepler-918,1,Transit,2016,4.85386933000,0.0569000000,1.74000000,3.68000000,1025.03000000,298.2007268,48.2677925,,6028.00,1.110000,1.140000
Kepler-919 b,Kepler-919,1,Transit,2016,11.04603384000,0.0981000000,2.25000000,5.69000000,1119.87000000,298.1147862,48.4943834,,6113.00,1.150000,1.210000
Kepler-92 b,Kepler-92,3,Transit,2013,13.74900000000,0.1223200000,3.51000000,64.30000000,477.99200000,289.0860607,41.5630224,,5883.00,1.210000,1.700000
Kepler-92 c,Kepler-92,3,Transit,2013,26.72300000000,0.1905400000,2.60000000,6.10000000,477.99200000,289.0860607,41.5630224,,5883.00,1.210000,1.700000
Kepler-92 d,Kepler-92,3,Transit,2015,49.35680000000,0.2868200000,2.06700000,11.86668060,477.99200000,289.0860607,41.5630224,,5904.34,1.070000,1.817190
Kepler-920 b,Kepler-920,2,Transit,2016,6.53192704000,0.0650000000,2.42000000,6.44000000,1001.68000000,284.2969363,49.1585983,,5403.00,0.890000,0.850000
Kepler-920 c,Kepler-920,2,Transit,2016,100.82741130000,0.4029000000,3.80000000,13.80000000,1001.68000000,284.2969363,49.1585983,,5403.00,0.890000,0.850000
Kepler-921 b,Kepler-921,1,Transit,2016,51.30063400000,0.2716000000,2.87000000,8.60000000,934.49000000,284.6162253,49.1907438,,5663.00,0.930000,0.910000
Kepler-922 b,Kepler-922,1,Transit,2016,0.93846683200,0.0179500000,1.42000000,2.60000000,536.32300000,284.7316084,49.5331490,,5671.00,0.950000,0.930000
Kepler-923 b,Kepler-923,1,Transit,2016,6.93366476000,0.0759200000,1.38000000,2.48000000,1000.28000000,294.1710831,40.0551372,,5988.00,1.110000,1.260000
Kepler-924 b,Kepler-924,1,Transit,2016,61.03701170000,0.3131800000,3.07000000,9.64000000,1053.04000000,290.6685136,40.3977086,,6167.00,1.140000,1.230000
Kepler-925 b,Kepler-925,1,Transit,2016,33.86785310000,0.1805000000,2.34000000,6.08000000,611.11500000,290.1065581,40.4906242,,4673.00,0.770000,0.720000
Kepler-926 b,Kepler-926,1,Transit,2016,52.06886010000,0.2739000000,2.31000000,5.95000000,921.36100000,289.6793396,40.7004265,,5806.00,1.010000,1.010000
Kepler-927 b,Kepler-927,1,Transit,2016,9.11499030000,0.0866000000,1.72000000,3.61000000,831.68500000,289.3834807,41.3926651,,5743.00,0.990000,0.990000
Kepler-928 b,Kepler-928,1,Transit,2016,3.93246130200,0.0444000000,1.59000000,3.15000000,508.80900000,289.9206760,41.5427758,,4700.00,0.730000,0.700000
Kepler-929 b,Kepler-929,1,Transit,2016,0.92103213500,0.0198200000,1.11000000,1.41000000,1311.23000000,298.4811022,41.6152603,,5869.00,1.010000,1.020000
Kepler-93 b,Kepler-93,2,Transit,2014,4.72673978000,0.0534300000,1.47800000,4.66000000,95.91150000,291.4181275,38.6723124,,5669.00,0.911000,0.919000
Kepler-93 c,Kepler-93,2,Radial Velocity,2014,1460.00000000000,,,954.00000000,95.91150000,291.4181275,38.6723124,,5669.00,0.910000,0.920000
Kepler-930 b,Kepler-930,1,Transit,2016,71.45177750000,0.3459300000,2.13000000,5.18000000,848.39600000,298.3144494,42.2473698,,6335.00,1.250000,1.400000
Kepler-931 b,Kepler-931,1,Transit,2016,8.03755877000,0.0719000000,1.33000000,2.33000000,490.00000000,297.1326937,42.7682885,,5241.00,0.860000,0.810000
Kepler-932 b,Kepler-932,1,Transit,2016,1.92143739600,0.0287600000,1.37000000,2.45000000,465.61200000,296.9520797,43.2720233,,5331.00,0.870000,0.840000
Kepler-933 b,Kepler-933,1,Transit,2016,14.20443009000,0.1041000000,2.46000000,6.62000000,1017.20000000,289.5685257,43.5385438,,5346.00,0.870000,0.840000
Kepler-934 b,Kepler-934,1,Transit,2016,55.67383090000,0.2658000000,2.09000000,5.02000000,608.73800000,290.2884494,43.7552623,,5001.00,0.810000,0.770000
Kepler-935 b,Kepler-935,1,Transit,2016,4.88083852000,0.0527000000,1.35000000,2.39000000,471.78200000,295.0217193,46.6192011,,4830.00,0.780000,0.730000
Kepler-936 b,Kepler-936,1,Transit,2016,10.56134221000,0.0954000000,1.45000000,2.70000000,823.39900000,293.5777958,46.7362953,,5482.00,0.920000,0.890000
Kepler-937 b,Kepler-937,2,Transit,2016,67.66882700000,0.3214000000,3.72000000,13.40000000,1571.46000000,294.1688142,46.7146161,,6095.00,1.150000,1.220000
Kepler-937 c,Kepler-937,2,Transit,2016,153.34336400000,0.5545000000,2.67000000,7.61000000,1571.46000000,294.1688142,46.7146161,,6095.00,1.150000,1.220000
Kepler-938 b,Kepler-938,1,Transit,2016,52.62984170000,0.2689000000,2.22000000,5.56000000,1182.05000000,294.7890593,46.9839352,,5533.00,0.920000,0.890000
Kepler-939 b,Kepler-939,1,Transit,2016,14.87829600000,0.1153000000,1.75000000,3.71000000,2093.62000000,293.8656181,47.0268148,,5471.00,0.880000,0.850000
Kepler-94 b,Kepler-94,2,Transit,2014,2.50806000000,0.0337700000,3.51000000,10.84000000,191.90400000,281.1947316,47.4972606,M0 V,4781.00,0.810000,0.760000
Kepler-94 c,Kepler-94,2,Radial Velocity,2014,820.30000000000,1.5968066210,12.50000000,3126.00000000,191.90400000,281.1947316,47.4972606,M0 V,4781.00,0.810000,0.760000
Kepler-940 b,Kepler-940,1,Transit,2016,59.62252570000,0.3059000000,3.34000000,11.10000000,1260.78000000,294.2413053,47.2759642,,5769.00,0.970000,0.960000
Kepler-941 b,Kepler-941,1,Transit,2016,17.42395198000,0.1311000000,3.08000000,9.69000000,1088.36000000,294.3262617,47.2175461,,5539.00,0.890000,0.860000
Kepler-942 b,Kepler-942,1,Transit,2016,44.96417488000,0.2273700000,2.13000000,5.18000000,216.35400000,294.9550809,44.1499518,,4861.00,0.810000,0.750000
Kepler-943 b,Kepler-943,1,Transit,2016,49.77014380000,0.2559000000,5.93000000,29.50000000,2300.53000000,284.2739322,41.5349809,,5612.00,0.930000,0.910000
Kepler-944 b,Kepler-944,1,Transit,2016,43.31677370000,0.2288000000,2.63000000,7.41000000,1349.43000000,293.6012911,42.3797910,,5409.00,0.860000,0.830000
Kepler-945 b,Kepler-945,1,Transit,2016,31.00338140000,0.2037000000,2.63000000,7.41000000,1651.25000000,291.2697354,42.0960305,,5718.00,0.970000,0.970000
Kepler-946 b,Kepler-946,1,Transit,2016,11.79162572000,0.1002000000,1.93000000,4.38000000,1137.29000000,300.9295551,44.0286710,,5665.00,0.940000,0.930000
Kepler-947 b,Kepler-947,1,Transit,2016,26.96443170000,0.1773000000,2.28000000,5.82000000,1730.78000000,294.3667312,42.2526408,,5508.00,0.900000,0.870000
Kepler-948 b,Kepler-948,1,Transit,2016,7.76846622000,0.0749000000,1.85000000,4.08000000,868.01700000,293.3002774,41.5233244,,5679.00,0.960000,0.940000
Kepler-949 b,Kepler-949,2,Transit,2016,8.68930729600,0.0773900000,2.91000000,8.80000000,486.10500000,298.6079128,46.4536600,,5403.00,0.890000,0.860000
Kepler-949 c,Kepler-949,2,Transit,2023,20.99757968000,0.1394000000,2.97000000,9.11000000,486.10500000,298.6079128,46.4536600,,5211.00,0.817000,0.895000
Kepler-95 b,Kepler-95,1,Transit,2014,11.52310000000,0.1023200000,3.42000000,13.00000000,445.65600000,284.4824281,44.3978910,,5699.00,1.080000,1.410000
Kepler-950 b,Kepler-950,1,Transit,2016,98.71804060000,0.3982000000,8.98000000,59.60000000,2161.60000000,287.9565768,41.1302834,,5857.00,1.020000,1.020000
Kepler-951 b,Kepler-951,1,Transit,2016,71.52530845000,0.3091000000,5.59000000,26.70000000,382.50900000,287.7375794,38.1146488,,4834.00,0.770000,0.730000
Kepler-952 b,Kepler-952,1,Transit,2016,130.35469190000,0.5183000000,7.65000000,45.40000000,1304.25000000,285.3718781,41.9938697,,5730.00,1.000000,0.990000
Kepler-953 b,Kepler-953,2,Transit,2016,88.40655258000,0.3920000000,4.21000000,16.50000000,258.89300000,288.9716297,44.6246451,,5416.00,0.950000,0.990000
Kepler-953 c,Kepler-953,2,Transit,2016,9.10967112000,0.0862000000,1.19000000,1.81000000,258.89300000,288.9716297,44.6246451,,5416.00,0.950000,0.990000
Kepler-954 b,Kepler-954,1,Transit,2016,16.78176602000,0.1202000000,2.32000000,5.99000000,215.81400000,295.8594318,47.9396001,,4990.00,0.820000,0.760000
Kepler-955 b,Kepler-955,1,Transit,2016,14.53244172000,0.1083000000,3.13000000,9.96000000,550.38300000,288.4714969,40.2698157,,5350.00,0.890000,0.840000
Kepler-956 b,Kepler-956,1,Transit,2016,5.24867263100,0.0601700000,3.00000000,9.27000000,544.93900000,292.5308289,49.0616555,,6040.00,1.100000,1.150000
Kepler-957 b,Kepler-957,1,Transit,2016,5.90741353700,0.0559000000,5.50000000,25.90000000,824.68800000,290.1563633,48.8189710,,4963.00,0.810000,0.750000
Kepler-958 b,Kepler-958,1,Transit,2016,9.76788050000,0.0863100000,2.06000000,4.90000000,449.77300000,287.2566578,46.0667247,,5421.00,0.910000,0.860000
Kepler-959 b,Kepler-959,1,Transit,2016,14.80074836000,0.1633000000,4.38000000,17.60000000,807.72900000,292.1711850,40.8113849,,7005.00,1.600000,2.010000
Kepler-96 b,Kepler-96,1,Transit,2014,16.23850000000,0.1261000000,2.67000000,8.46000000,122.88100000,297.0698263,40.5252039,,5690.00,1.000000,1.020000
Kepler-960 b,Kepler-960,1,Transit,2016,3.12686223000,0.0380700000,2.29000000,5.86000000,284.91600000,281.4572217,46.7465538,,4755.00,0.770000,0.720000
Kepler-961 b,Kepler-961,1,Transit,2016,16.87727414000,0.1258500000,2.55000000,7.04000000,574.31400000,282.0354942,43.6312491,,5582.00,0.960000,0.900000
Kepler-962 b,Kepler-962,1,Transit,2016,12.05707239000,0.0987400000,1.97000000,4.54000000,411.48600000,295.3131906,46.2375024,,5478.00,0.930000,0.860000
Kepler-963 b,Kepler-963,2,Transit,2016,9.97683705000,0.0849000000,2.66000000,7.56000000,771.49400000,296.7529742,45.0411049,G,5461.00,0.910000,0.870000
Kepler-963 c,Kepler-963,2,Transit,2024,0.91978300000,,0.60000000,0.15600000,771.49400000,296.7529742,45.0411049,G,5169.47,0.821000,0.928000
Kepler-964 b,Kepler-964,1,Transit,2016,13.52251060000,0.1073000000,2.12000000,5.14000000,454.62600000,295.3000650,40.5565792,,5427.00,0.930000,0.840000
Kepler-965 b,Kepler-965,1,Transit,2016,134.25272980000,0.5099800000,3.38000000,11.40000000,582.82800000,298.5153169,41.8912305,,5886.00,1.050000,1.150000
Kepler-966 b,Kepler-966,1,Transit,2016,99.74762200000,0.3907000000,4.13000000,16.00000000,1027.80000000,297.2705760,50.1218365,,5840.00,1.020000,1.020000
Kepler-967 b,Kepler-967,2,Transit,2016,13.22713379000,0.1027000000,2.35000000,6.12000000,568.54600000,286.5580128,38.4052418,,5178.00,0.840000,0.800000
Kepler-967 c,Kepler-967,2,Transit,2016,198.71125020000,0.6253000000,3.65000000,12.90000000,568.54600000,286.5580128,38.4052418,,5178.00,0.840000,0.800000
Kepler-968 b,Kepler-968,3,Transit,2016,3.69298372800,0.0389000000,2.00000000,4.66000000,290.32400000,285.6025889,50.1120401,,4598.00,0.760000,0.700000
Kepler-968 c,Kepler-968,3,Transit,2016,5.70940491800,0.0520000000,1.69000000,3.50000000,290.32400000,285.6025889,50.1120401,,4598.00,0.760000,0.700000
Kepler-969 b,Kepler-969,2,Transit,2016,34.17317140000,0.1972600000,2.07000000,4.94000000,390.35400000,288.3724989,47.9335642,,5214.00,0.920000,0.820000
Kepler-969 c,Kepler-969,2,Transit,2016,1.68293460400,0.0265000000,0.99000000,0.93700000,390.35400000,288.3724989,47.9335642,,5214.00,0.920000,0.820000
Kepler-97 b,Kepler-97,2,Transit,2014,2.58664000000,0.0356300000,1.48000000,3.51000000,400.90700000,287.3265292,48.6733443,,5779.00,0.940000,0.980000
Kepler-97 c,Kepler-97,2,Radial Velocity,2014,789.00000000000,,,344.00000000,400.90700000,287.3265292,48.6733443,,5779.00,0.940000,0.980000
Kepler-970 b,Kepler-970,1,Transit,2016,16.73652500000,0.1390000000,2.60900000,7.31000000,331.54500000,289.6252192,40.7087351,,4290.00,0.670000,0.710000
Kepler-971 b,Kepler-971,1,Transit,2016,9.59070716000,0.0867900000,2.13000000,5.18000000,338.52200000,284.0945699,41.1828131,,5431.00,0.880000,0.850000
Kepler-972 b,Kepler-972,1,Transit,2016,7.03932553000,0.0734000000,4.65000000,19.50000000,1198.03000000,295.8286790,43.4254371,,6146.00,1.150000,1.220000
Kepler-973 b,Kepler-973,1,Transit,2016,49.60773310000,0.2489000000,1.96000000,4.50000000,328.52000000,290.1653203,49.9238126,,5213.00,0.860000,0.780000
Kepler-974 b,Kepler-974,2,Transit,2016,4.19449651400,0.0419000000,1.57000000,3.09000000,134.31100000,285.0131082,40.2209547,,3687.00,0.520000,0.500000
Kepler-975 b,Kepler-975,2,Transit,2016,1.97034245700,0.0289800000,1.48000000,2.79000000,426.08800000,290.5485100,38.4952415,,4897.00,0.800000,0.750000
Kepler-975 c,Kepler-975,2,Transit,2023,5.05821338000,0.0567000000,10.69000000,80.20000000,426.08800000,290.5485100,38.4952415,,4883.00,0.951000,1.667000
Kepler-976 b,Kepler-976,1,Transit,2016,105.95641480000,0.4217000000,3.96000000,14.90000000,1012.41000000,289.8696232,46.7296855,,5232.00,0.870000,0.830000
Kepler-977 b,Kepler-977,1,Transit,2016,26.85328322000,0.1620000000,2.62000000,7.37000000,568.75100000,291.5161959,42.2480736,,5315.00,0.870000,0.830000
Kepler-978 b,Kepler-978,1,Transit,2016,49.62215090000,0.2726000000,2.99000000,9.22000000,682.52200000,286.7107166,43.0433585,,6002.00,1.070000,1.090000
Kepler-979 b,Kepler-979,1,Transit,2016,8.08801350000,0.0753000000,2.72000000,7.85000000,576.50300000,300.3712023,46.4081872,,5310.00,0.870000,0.830000
Kepler-98 b,Kepler-98,1,Transit,2014,1.54168000000,0.0261400000,1.99000000,3.55000000,350.31500000,285.6616933,37.9645672,,5539.00,0.990000,1.110000
Kepler-980 b,Kepler-980,1,Transit,2016,11.55102504000,0.0999300000,2.67000000,7.61000000,961.46800000,294.6129869,45.0601740,,5935.00,1.050000,1.060000
Kepler-981 b,Kepler-981,1,Transit,2016,4.46975773600,0.0535000000,2.31000000,5.95000000,878.08200000,289.2489051,47.6501141,,5718.00,0.980000,0.960000
Kepler-982 b,Kepler-982,1,Transit,2016,15.77382210000,0.1277000000,2.25000000,5.69000000,801.47900000,288.4176803,46.5904531,,6139.00,1.160000,1.290000
Kepler-983 b,Kepler-983,1,Transit,2016,60.08550820000,0.3148000000,2.36000000,6.17000000,714.43700000,285.1042243,45.0080745,,6052.00,1.130000,1.080000
Kepler-984 b,Kepler-984,1,Transit,2016,43.03422720000,0.2368800000,2.12000000,5.14000000,460.18800000,296.9588566,46.3940661,,5610.00,0.960000,0.930000
Kepler-985 b,Kepler-985,1,Transit,2016,116.33190100000,0.4466400000,2.98000000,9.17000000,679.36100000,290.1443390,44.0498808,,5434.00,0.910000,0.850000
Kepler-986 b,Kepler-986,1,Transit,2016,56.43499380000,0.2913100000,2.36000000,6.17000000,548.36400000,293.0940391,42.8964457,,5642.00,0.960000,0.980000
Kepler-987 b,Kepler-987,1,Transit,2016,105.30331480000,0.4238000000,3.26000000,10.70000000,914.12600000,289.4110582,46.1308443,,5637.00,0.970000,0.910000
Kepler-988 b,Kepler-988,1,Transit,2016,17.76080053000,0.1085000000,2.07000000,4.94000000,304.88900000,290.7082585,42.2372245,,4005.00,0.550000,0.530000
Kepler-989 b,Kepler-989,1,Transit,2016,7.96431535200,0.0734000000,2.21000000,5.52000000,491.97800000,281.5827983,47.2334674,,5074.00,0.820000,0.780000
Kepler-99 b,Kepler-99,1,Transit,2014,4.60358000000,0.0507100000,1.48000000,6.15000000,208.36900000,297.3539994,41.3000452,,4782.00,0.790000,0.730000
Kepler-990 b,Kepler-990,2,Transit,2016,9.91723428000,0.0859500000,2.60000000,7.27000000,802.16300000,297.9381813,46.8813194,,5948.00,1.050000,1.080000
Kepler-990 c,Kepler-990,2,Transit,2016,0.53835430800,0.0123200000,1.53000000,2.96000000,802.16300000,297.9381813,46.8813194,,5948.00,1.050000,1.080000
Kepler-991 b,Kepler-991,1,Transit,2016,82.53425190000,0.3104000000,2.54000000,6.99000000,389.56100000,297.0905543,49.6264867,,4392.00,0.640000,0.610000
Kepler-992 b,Kepler-992,1,Transit,2016,20.16034462000,0.1337200000,1.62000000,3.26000000,259.63900000,284.4304085,47.6416613,,4944.00,0.800000,0.740000
Kepler-993 b,Kepler-993,1,Transit,2016,22.08557563000,0.1300000000,2.97000000,9.11000000,324.42300000,292.6141076,44.3946644,,3843.00,0.570000,0.540000
Kepler-994 b,Kepler-994,1,Transit,2016,1.15116650600,0.0177000000,1.60000000,3.19000000,188.15800000,289.0720752,47.4069180,,3934.00,0.560000,0.540000
Kepler-995 b,Kepler-995,1,Transit,2016,28.26731672000,0.1701000000,2.70000000,7.75000000,609.63800000,284.6157154,39.1309980,,5206.00,0.830000,0.800000
Kepler-996 b,Kepler-996,1,Transit,2016,3.77059058400,0.0474000000,1.98000000,4.58000000,1216.58000000,291.9127633,41.5335891,,6014.00,1.090000,1.140000
Kepler-997 b,Kepler-997,1,Transit,2016,2.70730671600,0.0402200000,1.36000000,2.42000000,467.56800000,289.2333767,49.9388952,,6150.00,1.220000,1.560000
Kepler-998 b,Kepler-998,1,Transit,2016,5.65377733000,0.0626000000,2.32000000,5.99000000,986.36400000,296.7541629,49.2087085,,6058.00,1.120000,1.180000
Kepler-999 b,Kepler-999,1,Transit,2016,5.99185701700,0.0691800000,2.34000000,6.08000000,545.06300000,299.6604865,46.1984679,,6237.00,1.290000,1.650000
KIC 10001893 b,KIC 10001893,3,Orbital Brightness Modulation,2014,0.21970000000,,,,1672.94000000,287.3892308,46.9844491,,27500.00,0.470000,0.180000
KIC 10001893 c,KIC 10001893,3,Orbital Brightness Modulation,2014,0.32528000000,,,,1672.94000000,287.3892308,46.9844491,,27500.00,0.470000,0.180000
KIC 10001893 d,KIC 10001893,3,Orbital Brightness Modulation,2014,0.81161000000,,,,1672.94000000,287.3892308,46.9844491,,27500.00,0.470000,0.180000
KIC 10068024 b,KIC 10068024,1,Orbital Brightness Modulation,2021,2.07354900000,,13.40000000,635.65681400,721.10500000,288.8470423,47.0228607,,6118.40,1.220000,1.574000
KIC 10525077 b,KIC 10525077,1,Transit,2015,854.08300000000,,5.50000000,25.90000000,1461.15000000,287.3781164,47.7711541,,6091.00,1.010000,1.010000
KIC 3526061 b,KIC 3526061,1,Radial Velocity,2022,3552.00000000000,5.1400000000,12.10000000,5768.58558705,401.22900000,285.1863974,38.6111112,,4829.00,1.420000,5.860000
KIC 3558849 b,KIC 3558849,1,Transit,2015,1322.30000000000,,6.90000000,38.10000000,1215.70000000,294.9498381,38.6051867,,6175.00,0.980000,1.010000
KIC 5437945 b,KIC 5437945,2,Transit,2015,440.78130000000,1.1967100000,6.40000000,33.60000000,1274.01000000,288.4749028,40.6512848,,6340.00,1.070000,1.240000
KIC 5479689 b,KIC 5479689,1,Orbital Brightness Modulation,2021,1.70153100000,,14.20000000,158.91420350,454.95000000,299.3254983,40.6381229,,5459.10,0.966000,0.894000
KIC 7917485 b,KIC 7917485,1,Pulsation Timing Variations,2016,840.00000000000,,12.40000000,3750.39400000,1382.89000000,299.4346094,43.6326069,A,7067.00,1.630000,2.009938
KIC 8121913 b,KIC 8121913,1,Orbital Brightness Modulation,2021,3.29460100000,,13.40000000,667.43965470,707.30300000,298.9677981,43.9093780,,5975.30,1.456000,2.233000
KIC 8540376 b,KOI-7892,3,Transit,2015,31.80990000000,,4.10000000,15.80000000,1072.30000000,282.3775397,44.6945690,,6474.00,1.040000,1.260000
KIC 8540376 c,KOI-7892,3,Transit,2015,75.20000000000,,2.40000000,6.35000000,1072.30000000,282.3775397,44.6945690,,6474.00,1.040000,1.260000
KIC 9663113 b,KIC 9663113,2,Transit,2015,572.38470000000,1.5534600000,4.60000000,19.20000000,1594.74000000,297.0454037,46.3286653,,6065.00,0.980000,1.030000
KMT-2016-BLG-0212L b,KMT-2016-BLG-0212L,1,Microlensing,2018,,2.2000000000,12.20000000,5700.00000000,6300.00000000,268.4392500,-29.0868889,,,0.480000,
KMT-2016-BLG-1105L b,KMT-2016-BLG-1105L,1,Microlensing,2023,,2.4400000000,1.33000000,2.32000000,5080.00000000,266.4472500,-26.2663694,,,0.410000,
KMT-2016-BLG-1107L b,KMT-2016-BLG-1107L,1,Microlensing,2019,,0.3420000000,13.10000000,1043.00000000,6651.00000000,266.4177500,-26.0318000,,,0.087000,
KMT-2016-BLG-1337L b,KMT-2016-BLG-1337L,1,Microlensing,2026,,3.9700000000,11.40000000,88.99195396,6920.00000000,269.1300417,-33.0341889,M,,0.540000,
KMT-2016-BLG-1397L b,KMT-2016-BLG-1397L,1,Microlensing,2018,,5.1000000000,12.70000000,2200.00000000,6600.00000000,272.6646120,-24.8577385,,,0.450000,
KMT-2016-BLG-1820L b,KMT-2016-BLG-1820L,1,Microlensing,2018,,1.0800000000,12.90000000,1450.00000000,6260.00000000,268.7647400,-29.5169201,,,0.039000,
KMT-2016-BLG-1836L b,KMT-2016-BLG-1836L,1,Microlensing,2019,,3.5000000000,13.30000000,700.00000000,7100.00000000,268.2503330,-30.0407500,,,0.490000,
KMT-2016-BLG-2142L b,KMT-2016-BLG-2142L,1,Microlensing,2018,,0.8300000000,12.20000000,4923.00000000,7010.00000000,268.1120000,-29.3845615,,,0.073000,
KMT-2016-BLG-2321L b,KMT-2016-BLG-2321L,1,Microlensing,2024,,3.5800000000,13.80000000,301.93698665,3580.00000000,264.0579167,-25.5248806,,,0.730000,
KMT-2016-BLG-2364L b,KMT-2016-BLG-2364L,1,Microlensing,2020,,2.6300000000,13.00000000,1250.00000000,6440.00000000,265.7156670,-27.4355611,,,0.500000,
KMT-2016-BLG-2397L b,KMT-2016-BLG-2397L,1,Microlensing,2020,,3.6400000000,13.20000000,836.00000000,4880.00000000,266.2125420,-23.2013806,,,0.640000,
KMT-2016-BLG-2605L b,KMT-2016-BLG-2605L,1,Microlensing,2021,,0.6810000000,14.00000000,245.04570180,6421.00000000,269.8230833,-26.9820000,,,0.064000,
KMT-2017-BLG-0165L b,KMT-2017-BLG-0165L,1,Microlensing,2018,,3.4500000000,6.45000000,34.00000000,4530.00000000,269.6496667,-28.1336694,,,0.760000,
KMT-2017-BLG-0428L b,KMT-2017-BLG-0428L,1,Microlensing,2023,,1.8100000000,2.23000000,5.59000000,5400.00000000,271.3852500,-28.4902806,,,0.340000,
KMT-2017-BLG-0673L b,KMT-2017-BLG-0673L,1,Microlensing,2022,,2.3400000000,13.00000000,1166.43025369,5080.00000000,264.7570417,-33.8080278,,,0.630000,
KMT-2017-BLG-0849L b,KMT-2017-BLG-0849L,1,Microlensing,2024,,2.7300000000,2.41000000,6.39000000,7220.00000000,265.3594583,-25.2812194,,,0.190000,
KMT-2017-BLG-1003L b,KMT-2017-BLG-1003L,1,Microlensing,2023,,1.3800000000,2.13000000,5.19000000,7090.00000000,265.4115000,-24.3739389,,,0.320000,
KMT-2017-BLG-1038L b,KMT-2017-BLG-1038L,1,Microlensing,2019,,1.8000000000,13.40000000,640.00000000,6000.00000000,266.1709170,-25.1430306,,,0.370000,
KMT-2017-BLG-1057L b,KMT-2017-BLG-1057L,1,Microlensing,2024,,2.3600000000,5.19000000,23.50000000,6500.00000000,265.4860000,-22.3351111,,,0.570000,
KMT-2017-BLG-1146L b,KMT-2017-BLG-1146L,1,Microlensing,2019,,1.6000000000,14.00000000,230.00000000,6500.00000000,269.1058330,-33.1424694,,,0.330000,
KMT-2017-BLG-1194L b,KMT-2017-BLG-1194L,1,Microlensing,2023,,1.7800000000,1.70000000,3.54000000,4240.00000000,274.3221250,-25.3239389,,,0.410000,
KMT-2017-BLG-2197L b,KMT-2017-BLG-2197L,1,Microlensing,2025,,15.9100000000,12.50000000,2809.60311788,7800.00000000,262.6113333,-30.1593111,,,0.360000,
KMT-2017-BLG-2331L b,KMT-2017-BLG-2331L,1,Microlensing,2024,,2.1400000000,14.20000000,171.00000000,8030.00000000,264.4072083,-29.4612111,,,0.400000,
KMT-2017-BLG-2509L b,KMT-2017-BLG-2509L,1,Microlensing,2021,,2.1400000000,13.40000000,664.26137063,7040.00000000,265.5898750,-26.3171500,,,0.460000,
KMT-2018-BLG-0029L b,KMT-2018-BLG-0029L,1,Microlensing,2020,,4.2700000000,2.67000000,7.59000000,3380.00000000,264.4694580,-27.9847000,,,1.140000,
KMT-2018-BLG-0030L b,KMT-2018-BLG-0030L,1,Microlensing,2022,,4.3900000000,13.60000000,460.85119015,6480.00000000,264.5166667,-28.0416250,,,0.510000,
KMT-2018-BLG-0087L b,KMT-2018-BLG-0087L,1,Microlensing,2022,,0.8700000000,10.10000000,73.10053361,7020.00000000,264.3270000,-27.8320611,,,0.100000,
KMT-2018-BLG-0247L b,KMT-2018-BLG-0247L,1,Microlensing,2022,,2.4600000000,13.40000000,670.61793877,6760.00000000,264.5600417,-27.1504111,,,0.290000,
KMT-2018-BLG-0748L b,KMT-2018-BLG-0748L,1,Microlensing,2020,,0.6200000000,9.01000000,60.00000000,7300.00000000,267.8745000,-30.6463889,,,0.087000,
KMT-2018-BLG-0885L b,KMT-2018-BLG-0885L,1,Microlensing,2023,,1.0700000000,11.90000000,9217.02380300,6890.00000000,268.9663333,-28.5133611,,,0.290000,
KMT-2018-BLG-1025L b,KMT-2018-BLG-1025L,1,Microlensing,2021,,1.3050000000,2.34000000,6.05900000,6705.00000000,269.8664167,-27.8780611,,,0.219000,
KMT-2018-BLG-1292L b,KMT-2018-BLG-1292L,1,Microlensing,2020,,6.0300000000,12.90000000,1400.00000000,3460.00000000,263.4275830,-33.5206694,,,1.090000,
KMT-2018-BLG-1743L b,KMT-2018-BLG-1743L,1,Microlensing,2021,,1.4490000000,10.50000000,77.86795971,6483.00000000,274.2833750,-26.3596389,,,0.193000,
KMT-2018-BLG-1976L b,KMT-2018-BLG-1976L,1,Microlensing,2021,,3.5400000000,13.30000000,705.57906354,5840.00000000,266.3546667,-35.7003306,,,0.650000,
KMT-2018-BLG-1988L b,KMT-2018-BLG-1988L,1,Microlensing,2022,,3.0900000000,2.22000000,5.56000000,4150.00000000,265.2825417,-35.5947000,,,0.470000,
KMT-2018-BLG-1990L b,KMT-2018-BLG-1990L,1,Microlensing,2019,,0.7630000000,12.90000000,111.00000000,967.00000000,268.4353750,-22.1525389,M,,0.094000,
KMT-2018-BLG-1996L b,KMT-2018-BLG-1996L,1,Microlensing,2021,,4.2700000000,13.70000000,346.43296363,5910.00000000,268.6785000,-22.8204111,,,0.690000,
KMT-2018-BLG-2602L b,KMT-2018-BLG-2602L,1,Microlensing,2022,,3.8100000000,13.70000000,365.50266805,4310.00000000,267.3970417,-21.9762000,,,0.660000,
KMT-2019-BLG-0253L b,KMT-2019-BLG-0253L,1,Microlensing,2022,,3.1000000000,2.99000000,9.20000000,4900.00000000,267.8825833,-29.5654722,,,0.700000,
KMT-2019-BLG-0297L b,KMT-2019-BLG-0297L,1,Microlensing,2023,,0.9600000000,12.10000000,6038.73973300,3090.00000000,270.0632917,-28.9652806,,,0.210000,
KMT-2019-BLG-0298L b,KMT-2019-BLG-0298L,1,Microlensing,2023,,5.6700000000,13.40000000,575.26941667,6710.00000000,264.8780000,-27.6381389,,,0.700000,
KMT-2019-BLG-0335L b,KMT-2019-BLG-0335L,1,Microlensing,2023,,1.6400000000,12.10000000,6674.39654700,7710.00000000,262.8401250,-29.5906889,,,0.320000,
KMT-2019-BLG-0371L b,KMT-2019-BLG-0371L,1,Microlensing,2021,,0.7900000000,12.60000000,2447.27873390,7010.00000000,268.3839167,-31.5550222,,,0.090000,
KMT-2019-BLG-0414L b,KMT-2019-BLG-0414L,1,Microlensing,2022,,1.1600000000,12.90000000,1452.47581999,4410.00000000,268.8529167,-21.8955389,,,0.740000,
KMT-2019-BLG-0578L b,KMT-2019-BLG-0578L,1,Microlensing,2025,,2.0000000000,13.70000000,381.39408840,7300.00000000,269.4846667,-27.7948611,,,0.280000,
KMT-2019-BLG-0842L b,KMT-2019-BLG-0842L,1,Microlensing,2020,,3.3100000000,3.19000000,10.28000000,3320.00000000,268.4584580,-29.8774389,,,0.760000,
KMT-2019-BLG-0953L b,KMT-2019-BLG-0953L,1,Microlensing,2022,,1.1000000000,4.06000000,15.50000000,7200.00000000,269.3385833,-28.6746389,,,0.280000,
KMT-2019-BLG-1042L b,KMT-2019-BLG-1042L,1,Microlensing,2022,,1.7000000000,9.05000000,60.38739733,6600.00000000,270.5440417,-27.5806694,,,0.300000,
KMT-2019-BLG-1216L b,KMT-2019-BLG-1216L,1,Microlensing,2023,,2.4400000000,5.98000000,29.87587026,2740.00000000,268.4806250,-35.1366389,,,0.390000,
KMT-2019-BLG-1339L b,KMT-2019-BLG-1339L,1,Microlensing,2020,,2.1500000000,13.70000000,397.00000000,6120.00000000,265.7434170,-25.5739167,,,0.480000,
KMT-2019-BLG-1367L b,KMT-2019-BLG-1367L,1,Microlensing,2023,,1.7000000000,1.85000000,4.08000000,4670.00000000,272.4713333,-29.7622111,,,0.250000,
KMT-2019-BLG-1552L b,KMT-2019-BLG-1552L,1,Microlensing,2022,,2.6000000000,13.00000000,1287.20504835,4600.00000000,269.5957917,-27.5669389,,,0.790000,
KMT-2019-BLG-1715L b,KMT-2019-BLG-1715L,1,Microlensing,2021,,3.3200000000,13.20000000,813.64072192,3860.00000000,270.3717083,-28.7771389,,,0.610000,
KMT-2019-BLG-1806L b,KMT-2019-BLG-1806L,1,Microlensing,2023,,3.0200000000,2.00000000,4.67000000,6640.00000000,270.5375417,-29.4148889,,,0.740000,
KMT-2019-BLG-1953L b,KMT-2019-BLG-1953L,1,Microlensing,2020,,,14.10000000,200.00000000,7040.00000000,269.1162500,-28.2011111,,,0.310000,
KMT-2019-BLG-2783L b,KMT-2019-BLG-2783L,1,Microlensing,2023,,1.8500000000,13.70000000,368.68095212,5910.00000000,269.2919167,-33.7885194,,,0.340000,
KMT-2019-BLG-2974L b,KMT-2019-BLG-2974L,1,Microlensing,2022,,2.0000000000,11.40000000,88.99195396,6100.00000000,267.8520833,-29.4231611,,,0.470000,
KMT-2020-BLG-0202L b,KMT-2020-BLG-0202L,1,Microlensing,2026,,4.1700000000,12.40000000,3902.93283796,3840.00000000,267.0404583,-24.4744500,,,0.810000,
KMT-2020-BLG-0414L b,KMT-2020-BLG-0414L,2,Microlensing,2021,,2.0700000000,1.20000000,1.87000000,1220.00000000,271.9150000,-28.4852222,WD,,0.490000,
KMT-2020-BLG-0414L c,KMT-2020-BLG-0414L,2,Microlensing,2021,,22.3000000000,11.90000000,8581.36698900,1220.00000000,271.9150000,-28.4852222,WD,,0.490000,
KMT-2021-BLG-0119L b,KMT-2021-BLG-0119L,1,Microlensing,2022,,2.9200000000,12.80000000,1754.41280664,3130.00000000,274.0005417,-29.7438889,,,0.560000,
KMT-2021-BLG-0171L b,KMT-2021-BLG-0171L,1,Microlensing,2022,,3.5000000000,3.35000000,11.20000000,4600.00000000,269.2416667,-30.0930556,,5200.00,0.780000,
KMT-2021-BLG-0192L b,KMT-2021-BLG-0192L,1,Microlensing,2022,,1.6200000000,6.56000000,34.96112477,5120.00000000,268.1049583,-30.0086889,,,0.270000,
KMT-2021-BLG-0240L b,KMT-2021-BLG-0240L,1,Microlensing,2022,,2.8000000000,9.60000000,66.74396547,6600.00000000,267.5772917,-30.0049694,,,0.560000,
KMT-2021-BLG-0320L b,KMT-2021-BLG-0320L,1,Microlensing,2022,,1.5400000000,6.20000000,31.78284070,6950.00000000,269.3881250,-30.5039389,,,0.320000,
KMT-2021-BLG-0322L b,KMT-2021-BLG-0322L,1,Microlensing,2021,,,12.70000000,2034.10180480,6600.00000000,270.9116667,-29.6043889,,,0.620000,
KMT-2021-BLG-0712L b,KMT-2021-BLG-0712L,1,Microlensing,2023,,2.2200000000,6.91000000,38.19000000,3090.00000000,269.2856667,-31.1844694,,,0.220000,
KMT-2021-BLG-0736L b,KMT-2021-BLG-0736L,1,Microlensing,2025,,4.0000000000,4.86000000,21.00000000,7000.00000000,268.3225833,-29.7124194,,,0.600000,
KMT-2021-BLG-0748L b,KMT-2021-BLG-0748L,1,Microlensing,2022,,2.4300000000,14.30000000,143.02278315,6090.00000000,272.4213333,-25.7465806,,,0.360000,
KMT-2021-BLG-0852L b,KMT-2021-BLG-0852L,1,Microlensing,2026,,7.7800000000,14.20000000,155.73591943,7230.00000000,265.8311667,-33.8918389,,,0.750000,
KMT-2021-BLG-0909L b,KMT-2021-BLG-0909L,1,Microlensing,2023,,1.7500000000,13.70000000,400.46379282,6480.00000000,265.6202083,-27.6391389,,,0.380000,
KMT-2021-BLG-0912L b,KMT-2021-BLG-0912L,1,Microlensing,2022,,3.1400000000,1.49000000,2.81000000,5560.00000000,269.8211667,-31.9976389,K,,0.800000,
KMT-2021-BLG-1077L b,KMT-2021-BLG-1077L,2,Microlensing,2022,,1.2600000000,9.86000000,69.92224954,8240.00000000,266.4891250,-33.8428111,M V,,0.140000,
KMT-2021-BLG-1077L c,KMT-2021-BLG-1077L,2,Microlensing,2022,,0.9300000000,10.60000000,79.45710175,8240.00000000,266.4891250,-33.8428111,M V,,0.140000,
KMT-2021-BLG-1105L b,KMT-2021-BLG-1105L,1,Microlensing,2023,,3.5400000000,13.60000000,413.17692910,4540.00000000,265.7322500,-25.5089111,,,0.630000,
KMT-2021-BLG-1150L b,KMT-2021-BLG-1150L,1,Microlensing,2023,,4.5000000000,13.90000000,279.68899816,3800.00000000,268.7901250,-31.3133306,,,0.730000,
KMT-2021-BLG-1253L b,KMT-2021-BLG-1253L,1,Microlensing,2022,,1.5200000000,4.59000000,19.05000000,6640.00000000,267.6172083,-29.2792806,,,0.240000,
KMT-2021-BLG-1303L b,KMT-2021-BLG-1303L,1,Microlensing,2022,,2.8900000000,13.60000000,120.77479466,6280.00000000,271.8638750,-29.2815806,,,0.570000,
KMT-2021-BLG-1372L b,KMT-2021-BLG-1372L,1,Microlensing,2022,,2.3700000000,9.12000000,61.27000000,5970.00000000,264.4885417,-28.1483889,,,0.420000,
KMT-2021-BLG-1391L b,KMT-2021-BLG-1391L,1,Microlensing,2022,,2.2900000000,1.97000000,4.55000000,5720.00000000,270.6835833,-28.0605000,,,0.370000,
KMT-2021-BLG-1547L b,KMT-2021-BLG-1547L,1,Microlensing,2023,,4.5000000000,13.60000000,467.20775829,5070.00000000,272.3995833,-29.0839389,,,0.720000,
KMT-2021-BLG-1554L b,KMT-2021-BLG-1554L,1,Microlensing,2022,,0.7200000000,6.90000000,38.13940884,7680.00000000,267.8034167,-31.8643611,,,0.080000,
KMT-2021-BLG-1689L b,KMT-2021-BLG-1689L,1,Microlensing,2022,,2.5000000000,7.71000000,46.00000000,7200.00000000,269.5791667,-30.1452778,,4570.00,0.580000,
KMT-2021-BLG-1770L b,KMT-2021-BLG-1770L,1,Microlensing,2023,,0.9000000000,12.10000000,6674.39654700,6920.00000000,270.4399583,-27.4186694,,,0.130000,
KMT-2021-BLG-1898L b,KMT-2021-BLG-1898L,1,Microlensing,2022,,1.9000000000,14.00000000,232.01473711,6900.00000000,265.6918750,-27.3758389,,,0.480000,
KMT-2021-BLG-2010L b,KMT-2021-BLG-2010L,1,Microlensing,2023,,1.7900000000,13.80000000,340.07639549,7090.00000000,268.0085000,-32.2697500,,,0.370000,
KMT-2021-BLG-2294L b,KMT-2021-BLG-2294L,1,Microlensing,2022,,1.1500000000,5.02000000,22.24798849,6800.00000000,270.0624167,-28.6124389,,,0.140000,
KMT-2021-BLG-2478L b,KMT-2021-BLG-2478L,1,Microlensing,2023,,1.8500000000,13.90000000,286.04556630,2970.00000000,269.3092083,-29.1019694,,,0.200000,
KMT-2021-BLG-2609L b,KMT-2021-BLG-2609L,1,Microlensing,2024,,2.3000000000,3.17000000,10.17050902,7480.00000000,263.5188750,-27.5969389,,,0.200000,
KMT-2022-BLG-0303L b,KMT-2022-BLG-0303L,1,Microlensing,2024,,4.8100000000,14.20000000,163.04597279,6570.00000000,268.0331250,-22.6890806,,,0.368000,
KMT-2022-BLG-0371L b,KMT-2022-BLG-0371L,1,Microlensing,2023,,3.0200000000,10.90000000,82.63538582,7140.00000000,265.3619167,-34.6986694,,,0.630000,
KMT-2022-BLG-0440L b,KMT-2022-BLG-0440L,1,Microlensing,2023,,1.9000000000,4.05000000,15.40000000,3500.00000000,269.5835833,-32.2953056,,,0.530000,
KMT-2022-BLG-1013L b,KMT-2022-BLG-1013L,1,Microlensing,2023,,1.3800000000,12.10000000,98.52680617,7710.00000000,264.7092500,-28.3556694,,,0.180000,
KMT-2022-BLG-1551L b,KMT-2022-BLG-1551L,1,Microlensing,2026,,2.2900000000,13.20000000,940.77208472,6900.00000000,265.2537500,-27.5518806,,,0.540000,
KMT-2022-BLG-1790L b,KMT-2022-BLG-1790L,1,Microlensing,2025,,5.2500000000,13.50000000,549.84314411,6480.00000000,271.0562500,-27.0347500,,,0.580000,
KMT-2022-BLG-1818L b,KMT-2022-BLG-1818L,2,Microlensing,2026,,2.6000000000,13.00000000,1271.31362800,5300.00000000,270.7986250,-27.4811111,,,0.790000,
KMT-2022-BLG-1818L c,KMT-2022-BLG-1818L,2,Microlensing,2026,,12.6000000000,13.20000000,114.41822652,5300.00000000,270.7986250,-27.4811111,,,0.790000,
KMT-2022-BLG-2076L b,KMT-2022-BLG-2076L,1,Microlensing,2025,,5.6700000000,13.90000000,279.68899816,5570.00000000,268.0511250,-29.0279306,,,0.670000,
KMT-2022-BLG-2286L b,KMT-2022-BLG-2286L,1,Microlensing,2024,,2.0200000000,12.10000000,6038.73973300,7320.00000000,269.1652500,-28.8549194,,,0.200000,
KMT-2023-BLG-0119L b,KMT-2023-BLG-0119L,1,Microlensing,2025,,3.1400000000,11.00000000,83.70000000,5410.00000000,266.8150417,-34.5721889,K2.5 V,,0.710000,
KMT-2023-BLG-0332L b,KMT-2023-BLG-0332L,1,Microlensing,2026,,3.2000000000,12.00000000,6992.22495400,6500.00000000,270.8901250,-27.2223889,,,0.540000,
KMT-2023-BLG-0416L b,KMT-2023-BLG-0416L,1,Microlensing,2024,,2.9600000000,3.67000000,13.03096469,5900.00000000,266.3240417,-25.0794889,,,0.630000,
KMT-2023-BLG-0466L b,KMT-2023-BLG-0466L,1,Microlensing,2026,,2.6800000000,13.10000000,1032.94232275,6800.00000000,270.6100000,-33.0029694,,,0.440000,
KMT-2023-BLG-0469L b,KMT-2023-BLG-0469L,1,Microlensing,2024,,2.3100000000,7.04000000,39.41072247,7070.00000000,269.4067917,-28.7150611,,,0.470000,
KMT-2023-BLG-0548L b,KMT-2023-BLG-0548L,1,Microlensing,2025,,6.8500000000,13.10000000,1086.97315194,6830.00000000,270.3476250,-27.1067500,,,0.720000,
KMT-2023-BLG-0735L b,KMT-2023-BLG-0735L,1,Microlensing,2024,,2.9600000000,6.97000000,38.77506565,6390.00000000,267.5759583,-29.2029194,,,0.610000,
KMT-2023-BLG-0830L b,KMT-2023-BLG-0830L,1,Microlensing,2025,,1.7000000000,4.41000000,17.79839079,7250.00000000,271.6579583,-28.3323111,,,0.220000,
KMT-2023-BLG-0949L b,KMT-2023-BLG-0949L,1,Microlensing,2025,,2.0300000000,12.80000000,1900.61387386,6060.00000000,263.4194167,-28.0914611,,,0.480000,
KMT-2023-BLG-1431L b,KMT-2023-BLG-1431L,1,Microlensing,2024,,3.2000000000,3.76000000,13.60000000,6800.00000000,271.1835417,-29.7439194,,,0.570000,
KMT-2023-BLG-1454L b,KMT-2023-BLG-1454L,1,Microlensing,2024,,1.1800000000,14.10000000,200.23189641,7220.00000000,267.6200833,-29.6227500,,,0.170000,
KMT-2023-BLG-1592L b,KMT-2023-BLG-1592L,1,Microlensing,2026,,3.9000000000,14.10000000,184.34047606,7200.00000000,268.6786667,-29.0084194,,,0.550000,
KMT-2023-BLG-1642L b,KMT-2023-BLG-1642L,1,Microlensing,2024,,1.4100000000,13.80000000,343.25467956,6980.00000000,261.3660000,-29.0584694,,,0.170000,
KMT-2023-BLG-1743L b,KMT-2023-BLG-1743L,1,Microlensing,2024,,1.1600000000,12.10000000,6356.56814000,7130.00000000,269.1652500,-28.8549194,,,0.110000,
KMT-2023-BLG-1866L b,KMT-2023-BLG-1866L,1,Microlensing,2024,,2.6300000000,1.43000000,2.63000000,6210.00000000,273.4822500,-28.4473889,,,0.510000,
KMT-2023-BLG-1896L b,KMT-2023-BLG-1896L,1,Microlensing,2025,,2.8600000000,4.19000000,16.35000000,5490.00000000,271.0317500,-26.9589194,K6 V,,0.720000,
KMT-2023-BLG-2209L b,KMT-2023-BLG-2209L,1,Microlensing,2025,,3.5100000000,13.90000000,254.26272560,5570.00000000,268.9942083,-29.3056694,,,0.730000,
KMT-2024-BLG-0176L b,KMT-2024-BLG-0176L,1,Microlensing,2026,,1.3200000000,14.00000000,241.54958932,8340.00000000,266.5324583,-34.2105806,,,0.103000,
KMT-2024-BLG-0349L b,KMT-2024-BLG-0349L,1,Microlensing,2026,,6.4600000000,12.40000000,3769.44490702,5750.00000000,261.3715417,-30.2470194,,,0.680000,
KMT-2024-BLG-0404L b,KMT-2024-BLG-0404L,2,Microlensing,2025,,0.8500000000,11.90000000,8657.64580668,7210.00000000,271.1470833,-27.9535000,M,,0.090000,
KMT-2024-BLG-0404L c,KMT-2024-BLG-0404L,2,Microlensing,2025,,,4.33000000,17.30000000,7210.00000000,271.1470833,-27.9535000,M,,0.090000,
KMT-2024-BLG-1005L b,KMT-2024-BLG-1005L,1,Microlensing,2025,,0.7800000000,12.10000000,6674.39654700,6950.00000000,269.8055833,-28.7557806,,,0.055000,
KMT-2024-BLG-1044L b,KMT-2024-BLG-1044L,1,Microlensing,2024,,,2.70000000,7.75000000,7140.00000000,271.5640000,-27.5925806,,,0.069000,
KMT-2024-BLG-1209L b,KMT-2024-BLG-1209L,1,Microlensing,2025,,2.5100000000,13.20000000,839.06699448,3930.00000000,261.6129583,-28.1205611,K3 V,,0.770000,
KMT-2024-BLG-1281L b,KMT-2024-BLG-1281L,1,Microlensing,2025,,1.9600000000,4.59000000,19.06970442,7180.00000000,270.1693750,-32.7142500,,,0.320000,
KMT-2024-BLG-1870L b,KMT-2024-BLG-1870L,1,Microlensing,2026,,3.1500000000,13.80000000,336.89811142,5480.00000000,272.4653333,-26.8828889,,,0.670000,
KMT-2024-BLG-2005L b,KMT-2024-BLG-2005L,1,Microlensing,2026,,1.1200000000,8.18000000,50.85254512,7720.00000000,268.4080833,-28.9009806,,,0.120000,
KMT-2024-BLG-2059L b,KMT-2024-BLG-2059L,1,Microlensing,2025,,2.5500000000,2.54000000,6.99222495,6070.00000000,270.9297500,-28.5681889,,,0.510000,
KMT-2024-BLG-2087L b,KMT-2024-BLG-2087L,1,Microlensing,2026,,3.0300000000,12.90000000,1395.26670673,7190.00000000,268.4500417,-29.2631889,,,0.480000,
KMT-2024-BLG-2242L b,KMT-2024-BLG-2242L,1,Microlensing,2025,,0.8900000000,3.82000000,13.98444991,7620.00000000,268.4150000,-29.5603111,,,0.069000,
KMT-2025-BLG-0121L b,KMT-2025-BLG-0121L,1,Microlensing,2026,,3.0500000000,12.60000000,2469.52672239,6200.00000000,267.1583750,-23.9988000,,,0.610000,
KMT-2025-BLG-0481L b,KMT-2025-BLG-0481L,1,Microlensing,2026,,2.1800000000,14.10000000,187.51876013,7980.00000000,265.3560000,-34.3717500,,,0.220000,
KMT-2025-BLG-1616L b,KMT-2025-BLG-1616L,1,Microlensing,2026,,1.6000000000,7.34000000,42.32000000,7500.00000000,267.7788750,-30.1391111,M V,,0.260000,
KOBE-1 b,KOBE-1,2,Radial Velocity,2025,8.53990000000,0.0700600000,2.91000000,8.80000000,23.97180000,19.1660378,25.3310358,K7 V,4135.00,0.629000,0.619000
KOBE-1 c,KOBE-1,2,Radial Velocity,2025,29.67100000000,0.1607100000,3.56000000,12.40000000,23.97180000,19.1660378,25.3310358,K7 V,4135.00,0.629000,0.619000
KOI-12 b,KOI-12,2,Transit,2015,17.85518200000,0.1540000000,13.78707000,349.61300000,399.39800000,297.4537402,41.0110188,,6635.00,1.500000,1.400000
KOI-1257 b,KOI-1257,1,Transit,2014,86.64766100000,0.3820000000,10.54000000,460.83000000,656.00000000,291.2250888,44.9272918,G5 V,5520.00,0.990000,1.130000
KOI-13 b,KOI-13,1,Transit,2011,1.76358800000,0.0364100000,16.94800800,2949.46240000,519.09600000,286.9713876,46.8682463,,7650.00,1.720000,1.740000
KOI-134 b,KOI-134,2,Transit,2025,67.12770000000,0.3630000000,12.03844527,346.43296363,1159.21000000,295.5865980,45.3649371,F9V,6160.00,1.407000,1.667000
KOI-134 c,KOI-134,2,Transit Timing Variations,2025,33.95000000000,0.2305000000,9.86000000,69.92224954,1159.21000000,295.5865980,45.3649371,F9V,6160.00,1.407000,1.667000
KOI-142 b,KOI-142,3,Transit,2013,10.91647000000,0.0958600000,3.43800000,9.50000000,376.86300000,291.1481028,40.6694130,G6 V,5466.00,0.990000,0.897000
KOI-142 c,KOI-142,3,Transit Timing Variations,2013,22.26492000000,0.1541210030,14.00000000,214.10000000,376.86300000,291.1481028,40.6694130,G6 V,5466.00,0.990000,0.897000
KOI-1599.01,KOI-1599,2,Transit,2019,20.44150000000,0.1472800000,1.90000000,4.60000000,1131.64000000,298.3738383,40.6184483,,5833.00,1.020000,0.972000
KOI-1599.02,KOI-1599,2,Transit,2019,13.60880000000,0.1122930000,1.90000000,9.00000000,1131.64000000,298.3738383,40.6184483,,5833.00,1.020000,0.972000
KOI-1783.01,KOI-1783,2,Transit,2020,134.46280000000,0.5266100000,8.86000000,71.00000000,865.73000000,289.3414629,46.9881550,,5922.00,1.076000,1.143000
KOI-1783.02,KOI-1783,2,Transit,2020,284.21500000000,0.8669500000,5.44000000,15.00000000,865.73000000,289.3414629,46.9881550,,5922.00,1.076000,1.143000
KOI-1831 d,Kepler-324,4,Transit,2018,34.16900000000,0.1992400000,1.13000000,2.23000000,501.57400000,286.4714473,49.6490933,,5233.00,0.901000,0.835000
KOI-1833 d,Kepler-968,3,Transit,2021,7.68500000000,0.0634000000,2.58000000,11.02000000,290.32400000,285.6025889,50.1120401,,4413.00,0.681000,0.667000
KOI-1843.03,Kepler-974,2,Transit,2013,0.17689130000,0.0050000000,0.61000000,8.00000000,134.31100000,285.0131082,40.2209547,,3584.00,0.460000,0.450000
KOI-217 b,KOI-217,1,Transit,2010,3.90512000000,0.0477000000,12.44200000,,914.69900000,294.8654667,46.2858128,,5545.00,0.950000,0.860000
KOI-2513.01,KOI-2513,1,Transit,2023,19.00547000000,0.5000000000,2.80224517,7310.05336100,1369.87000000,293.6688776,46.3792321,,5900.00,0.910000,1.200000
KOI-3503 b,KOI-3503,2,Transit,2021,21.18500000000,0.1424700000,1.19000000,9.20000000,887.06400000,293.1507654,41.7291532,,6001.00,0.858000,1.255000
KOI-3503 c,KOI-3503,2,Transit,2021,31.82800000000,0.1868800000,1.21000000,10.36000000,887.06400000,293.1507654,41.7291532,,6001.00,0.858000,1.255000
KOI-351 b,KOI-351,8,Transit,2013,7.00815100000,0.0740000000,1.31000000,2.27000000,848.25400000,284.4334642,49.3051239,,6080.00,1.200000,1.200000
KOI-351 c,KOI-351,8,Transit,2013,8.71937500000,0.0890000000,1.19000000,1.81000000,848.25400000,284.4334642,49.3051239,,6080.00,1.200000,1.200000
KOI-351 d,KOI-351,8,Transit,2013,59.73667000000,0.3200000000,2.87000000,8.60000000,848.25400000,284.4334642,49.3051239,,6080.00,1.200000,1.200000
KOI-351 e,KOI-351,8,Transit,2013,91.93913000000,0.4200000000,2.66000000,7.56000000,848.25400000,284.4334642,49.3051239,,6080.00,1.200000,1.200000
KOI-351 f,KOI-351,8,Transit,2013,124.91440000000,0.4800000000,2.88000000,8.65000000,848.25400000,284.4334642,49.3051239,,6080.00,1.200000,1.200000
KOI-351 g,KOI-351,8,Transit,2013,210.73514000000,0.7170400000,7.71800000,15.00000000,848.25400000,284.4334642,49.3051239,,6031.13,1.242000,1.185000
KOI-351 h,KOI-351,8,Transit,2013,331.60296000000,0.9706200000,11.25200000,203.00000000,848.25400000,284.4334642,49.3051239,,6031.13,1.242000,1.185000
KOI-3680 b,KOI-3680,1,Transit,2018,141.24167100000,0.5340000000,11.09691000,613.41190000,921.98600000,293.2815266,45.3096572,,5830.00,1.010000,0.960000
KOI-4777.01,KOI-4777,1,Transit,2022,0.41200000000,0.0080000000,0.51000000,99.20000000,172.24500000,287.2621474,42.0322257,,3515.00,0.410000,0.400000
KOI-4978 b,KOI-4978,1,Transit,2024,0.94196700000,,0.70000000,0.27100000,936.34100000,286.5907635,38.5582993,G,5050.28,0.859000,0.966000
KOI-55 b,KOI-55,2,Orbital Brightness Modulation,2011,0.24010400000,0.0060000000,0.75900000,0.44000000,1231.02000000,296.3561853,41.0927315,B,27730.00,0.496000,0.203000
KOI-55 c,KOI-55,2,Orbital Brightness Modulation,2011,0.34288700000,0.0076000000,0.86700000,0.65500000,1231.02000000,296.3561853,41.0927315,B,27730.00,0.496000,0.203000
KOI-7368 b,KOI-7368,1,Transit,2022,6.84303440000,0.0678000000,2.22000000,5.56000000,264.99500000,293.9476365,48.0652589,,5241.00,0.879000,0.874000
KOI-7913 b,KOI-7913 A,1,Transit,2022,24.27855300000,0.1456000000,2.34000000,6.08000000,271.27700000,286.7485252,45.1587234,K6 V,4324.00,0.760000,0.788000
KOI-94 b,KOI-94,4,Transit,2013,3.74320800000,0.0511900000,1.71000000,10.50000000,477.05200000,297.3330716,41.8911186,,6182.00,1.277000,1.520000
KOI-94 c,KOI-94,4,Transit,2013,10.42364800000,0.1013000000,4.32000000,15.60000000,477.05200000,297.3330716,41.8911186,,6182.00,1.277000,1.520000
KOI-94 d,KOI-94,4,Transit,2013,22.34298900000,0.1684000000,11.27000000,106.00000000,477.05200000,297.3330716,41.8911186,,6182.00,1.277000,1.520000
KOI-94 e,KOI-94,4,Transit,2013,54.32031000000,0.3046000000,6.56000000,35.00000000,477.05200000,297.3330716,41.8911186,,6182.00,1.277000,1.520000
KOI-984 b,KOI-984,2,Transit,2022,4.28817850000,0.0504000000,4.30000000,17.10000000,252.66700000,291.0489438,36.8400772,,5295.00,0.928000,0.818000
KOI-984 c,KOI-984,2,Transit Timing Variations,2022,21.51200000000,0.1467000000,14.10000000,209.80000000,252.66700000,291.0489438,36.8400772,,5295.00,0.928000,0.818000
KOINTREAU-1 b,XEST 17-036,1,Imaging,2026,,690.0000000000,12.40000000,3368.98111420,158.61800000,68.3592880,22.7580560,M4,3551.00,0.260000,
KOINTREAU-3 b,ISO-Oph 96,1,Imaging,2026,,342.0000000000,13.10000000,1080.61658380,140.56300000,246.7687845,-24.7166830,K6-M1,3920.00,0.410000,0.730795
KOINTREAU-4 b,2MASS J16262785-2625152,1,Imaging,2026,,182.0000000000,12.20000000,4862.77462710,145.43400000,246.6160467,-26.4209954,M4.5,3252.00,,
KPS-1 b,KPS-1,1,Transit,2018,1.70629100000,0.0269000000,11.54527000,346.43470000,262.70600000,165.1671980,64.9638452,K1 V,5165.00,0.892000,0.907000
L 168-9 b,L 168-9,1,Transit,2020,1.40152604000,0.0208000000,1.63000000,4.07000000,25.14960000,350.0285917,-60.0657292,M0.5 V,3842.00,0.614000,0.604000
L 363-38 b,L 363-38,1,Radial Velocity,2023,8.78100000000,0.0480000000,2.00000000,4.67000000,10.22950000,10.8555443,-41.2952926,,3129.00,0.210000,0.274000
L 98-59 b,L 98-59,5,Transit,2019,2.25311400000,0.0223000000,0.83700000,0.46000000,10.61940000,124.5328604,-68.3144658,M3 V,3415.00,0.292300,0.315500
L 98-59 c,L 98-59,5,Transit,2019,3.69067640000,0.0309000000,1.32900000,2.00000000,10.61940000,124.5328604,-68.3144658,M3 V,3415.00,0.292300,0.315500
L 98-59 d,L 98-59,5,Transit,2019,7.45072900000,0.0494000000,1.62700000,1.64000000,10.61940000,124.5328604,-68.3144658,M3 V,3415.00,0.292300,0.315500
L 98-59 e,L 98-59,5,Radial Velocity,2021,12.82780000000,0.0712000000,1.49000000,2.82000000,10.61940000,124.5328604,-68.3144658,M3 V,3415.00,0.292300,0.315500
L 98-59 f,L 98-59,5,Radial Velocity,2025,23.06400000000,0.1052000000,1.48000000,2.80000000,10.61940000,124.5328604,-68.3144658,M3 V,3415.00,0.292300,0.315500
LHS 1140 b,LHS 1140,2,Transit,2017,24.73723000000,0.0946000000,1.73000000,5.60000000,14.98610000,11.2486320,-15.2741085,M4.5 V,3096.00,0.184400,0.215900
LHS 1140 c,LHS 1140,2,Transit,2018,3.77794000000,0.0270000000,1.27200000,1.91000000,14.98610000,11.2486320,-15.2741085,M4.5 V,3096.00,0.184400,0.215900
LHS 1478 b,LHS 1478,1,Transit,2021,1.94953780000,0.0184800000,1.24200000,2.33000000,18.22760000,44.3388743,76.5514045,m3 V,3381.00,0.236000,0.246000
LHS 1678 b,LHS 1678,3,Transit,2021,0.86023250000,0.0123900000,0.68500000,0.35000000,19.87820000,68.1789866,-39.7908744,M2.0 V,3490.00,0.345000,0.329000
LHS 1678 c,LHS 1678,3,Transit,2021,3.69428400000,0.0327000000,0.94100000,1.40000000,19.87820000,68.1789866,-39.7908744,M2.0 V,3490.00,0.345000,0.329000
LHS 1678 d,LHS 1678,3,Transit,2024,4.96522290000,0.0400000000,0.98100000,0.90700000,19.87820000,68.1789866,-39.7908744,M2.0 V,3490.00,0.345000,0.329000
LHS 1815 b,LHS 1815,1,Transit,2020,3.81433400000,0.0404000000,1.08800000,1.58000000,29.84240000,91.0899861,-55.3115376,M1,3643.00,0.502000,0.501000
LHS 1903 b,LHS 1903,4,Transit,2026,2.15550980000,0.0265600000,1.38200000,3.28000000,35.69170000,107.8658260,48.3279327,M,3664.00,0.538000,0.539000
LHS 1903 c,LHS 1903,4,Transit,2026,6.22618500000,0.0538700000,2.04600000,4.55000000,35.69170000,107.8658260,48.3279327,M,3664.00,0.538000,0.539000
LHS 1903 d,LHS 1903,4,Transit,2026,12.56628700000,0.0860400000,2.50000000,5.96000000,35.69170000,107.8658260,48.3279327,M,3664.00,0.538000,0.539000
LHS 1903 e,LHS 1903,4,Transit,2026,29.31773000000,0.1513500000,1.73200000,5.79000000,35.69170000,107.8658260,48.3279327,M,3664.00,0.538000,0.539000
LHS 3154 b,LHS 3154,1,Radial Velocity,2023,3.71778000000,0.0226200000,3.69000000,13.15000000,15.76060000,241.6367309,40.9068221,M6.5,2861.00,0.111800,0.140500
LHS 3844 b,LHS 3844,1,Transit,2019,0.46292970900,0.0062400000,1.28600000,2.37000000,14.88460000,340.4962038,-69.1721081,M4.5-M5.0,3080.00,0.151000,0.189000
LHS 475 b,LHS 475,1,Transit,2023,2.02908800000,0.0203700000,0.99100000,0.94100000,12.48140000,290.2379403,-82.5597883,M3.5 V,3300.00,0.262000,0.278900
LkCa 15 b,LkCa 15,2,Imaging,2015,,14.7000000000,,,158.15200000,69.8241791,22.3508662,,4194.00,,1.607110
LkCa 15 c,LkCa 15,2,Imaging,2015,,18.6000000000,,,158.15200000,69.8241791,22.3508662,,4194.00,,1.607110
LP 261-75 b,LP 261-75 A,1,Imaging,2006,,450.0000000000,12.10000000,6674.39654700,33.92800000,147.7685281,35.9685562,M4.5 V,3138.00,0.220000,0.308000
LP 714-47 b,LP 714-47,1,Transit,2020,4.05203700000,0.0417000000,4.70000000,30.80000000,52.61600000,64.1902212,-12.0848643,M0.0 V,3950.00,0.590000,0.584000
LP 791-18 b,LP 791-18,3,Transit,2019,0.94799810000,0.0097800000,1.21200000,1.94000000,26.49270000,165.6904843,-16.4064445,M(6.1 +/- 0.7) V,2960.00,0.139000,0.182000
LP 791-18 c,LP 791-18,3,Transit,2019,4.98991000000,0.0296100000,2.48800000,7.16000000,26.49270000,165.6904843,-16.4064445,M(6.1 +/- 0.7) V,2960.00,0.139000,0.182000
LP 791-18 d,LP 791-18,3,Transit,2023,2.75485000000,0.0199200000,1.03200000,0.91000000,26.49270000,165.6904843,-16.4064445,M(6.1 +/- 0.7) V,2960.00,0.139000,0.182000
LP 890-9 b,LP 890-9,2,Transit,2022,2.72990250000,0.0187500000,1.32000000,13.20000000,32.42980000,64.1309096,-28.3157909,M6 V,2850.00,0.118000,0.155600
LP 890-9 c,LP 890-9,2,Transit,2022,8.45746300000,0.0398400000,1.36700000,25.30000000,32.42980000,64.1309096,-28.3157909,M6 V,2850.00,0.118000,0.155600
LSPM J2116+0234 b,LSPM J2116+0234,1,Radial Velocity,2019,14.43990000000,0.0876000000,3.71000000,13.30000000,17.62970000,319.1147513,2.5807711,M3.0 V,3475.00,0.430000,0.431000
LTT 1445 A b,LTT 1445 A,2,Transit,2019,5.35876350000,0.0381000000,1.34000000,2.73000000,6.86929000,45.4624781,-16.5944956,M3.0,3562.00,0.257000,0.271000
LTT 1445 A c,LTT 1445 A,2,Transit,2022,3.12390350000,0.0266100000,1.14700000,1.54000000,6.86929000,45.4624781,-16.5944956,M3.0,3340.00,0.257000,0.265000
LTT 3780 b,LTT 3780,2,Transit,2020,0.76837931000,0.0119500000,1.32500000,2.46000000,21.98140000,154.6449033,-11.7178010,M3.5 V,3358.00,0.381000,0.380000
LTT 3780 c,LTT 3780,2,Transit,2020,12.25228400000,0.0757000000,2.39000000,8.04000000,21.98140000,154.6449033,-11.7178010,M3.5 V,3358.00,0.381000,0.380000
LTT 9779 b,LTT 9779,1,Transit,2020,0.79205200000,0.0167900000,4.72000000,29.32000000,80.43730000,358.6688767,-37.6282237,G7 V,5443.00,1.020000,0.949000
Luhman 16 b,Luhman 16 A,1,Imaging,2017,9697.00000000000,3.5200000000,11.90000000,9344.15516580,,162.3282594,-53.3193715,,,0.033800,
Lupus-TR-3 b,Lupus-TR-3,1,Transit,2007,3.91405000000,0.0464000000,9.97600000,257.43100000,773.40900000,232.5774696,-42.9799461,,5000.00,0.870000,0.820000
M62H b,M62H,1,Pulsar Timing,2024,0.13293502800,,,785.03616529,,255.3074504,-30.1069833,,,1.400000,
MASCARA-1 b,MASCARA-1,1,Transit,2017,2.14877381000,0.0403520000,17.90074218,1175.97100000,182.27300000,317.5515264,10.7388967,A8,7490.00,1.900000,2.082000
MASCARA-4 b,MASCARA-4,1,Transit,2020,2.82409320000,0.0474000000,16.98160576,532.36258173,170.69600000,147.5800667,-66.1139253,A7 V,7800.00,1.750000,1.790000
MOA-2007-BLG-192L b,MOA-2007-BLG-192L,1,Microlensing,2008,,2.0200000000,3.58000000,12.49000000,2160.00000000,272.0158333,-27.1500750,,,0.280000,
MOA-2007-BLG-400L b,MOA-2007-BLG-400L,1,Microlensing,2008,,5.9000000000,13.50000000,540.30829190,6890.00000000,272.4249167,-29.2241528,,,0.690000,
MOA-2008-BLG-310L b,MOA-2008-BLG-310L,1,Microlensing,2009,,1.1000000000,5.18000000,23.40000000,7700.00000000,268.5605420,-34.7780528,,,0.210000,
MOA-2008-BLG-379L b,MOA-2008-BLG-379L,1,Microlensing,2013,,2.7000000000,13.00000000,1300.00000000,3300.00000000,269.7060000,-30.1969306,K,,0.560000,
MOA-2009-BLG-266L b,MOA-2009-BLG-266L,1,Microlensing,2011,2800.00000000000,3.2000000000,3.21000000,10.40000000,3040.00000000,267.0081250,-35.0054111,,,0.560000,
MOA-2009-BLG-319L b,MOA-2009-BLG-319L,1,Microlensing,2010,,2.0300000000,9.64000000,67.30000000,7050.00000000,271.7422080,-26.8196917,,,0.524000,
MOA-2009-BLG-387L b,MOA-2009-BLG-387L,1,Microlensing,2010,1980.00000000000,1.8000000000,13.20000000,830.00000000,5690.00000000,268.4616250,-33.9903333,,,0.190000,
MOA-2010-BLG-073L b,MOA-2010-BLG-073L,1,Microlensing,2012,,1.2100000000,12.40000000,3500.00000000,2800.00000000,272.5472580,-26.5229319,,,0.160000,
MOA-2010-BLG-117L b,MOA-2010-BLG-117L,1,Microlensing,2018,,2.4200000000,14.20000000,170.00000000,3500.00000000,271.9569700,-25.3446388,,,0.580000,
MOA-2010-BLG-328L b,MOA-2010-BLG-328L,1,Microlensing,2013,,0.9200000000,2.99000000,9.20000000,810.00000000,269.4963330,-30.7151750,,,0.110000,
MOA-2010-BLG-353L b,MOA-2010-BLG-353L,1,Microlensing,2015,,1.7200000000,11.10000000,86.00000000,6430.00000000,271.3039170,-27.2932333,,,0.180000,
MOA-2010-BLG-477L b,MOA-2010-BLG-477L,1,Microlensing,2012,,2.0000000000,13.60000000,480.00000000,2300.00000000,271.5310060,-31.4544773,,5950.00,0.670000,
MOA-2011-BLG-028L b,MOA-2011-BLG-028L,1,Microlensing,2016,,4.1400000000,5.99000000,30.00000000,7380.00000000,270.8540000,-29.2134167,,,0.750000,
MOA-2011-BLG-262L b,MOA-2011-BLG-262L,1,Microlensing,2014,,0.9500000000,4.29000000,17.00000000,7200.00000000,270.0978330,-31.2452583,,,0.110000,
MOA-2011-BLG-291L b,MOA-2011-BLG-291L,1,Microlensing,2018,,0.6900000000,4.43000000,18.00000000,4400.00000000,268.8678890,-29.1706657,,,0.150000,
MOA-2011-BLG-293L b,MOA-2011-BLG-293L,1,Microlensing,2012,550.00000000000,1.1000000000,12.90000000,1500.00000000,7720.00000000,268.9139580,-28.4768472,,,0.860000,
MOA-2011-BLG-322L b,MOA-2011-BLG-322L,1,Microlensing,2013,,4.3000000000,12.40000000,3690.00000000,7560.00000000,271.2233330,-27.2209444,,,0.390000,
MOA-2012-BLG-006L b,MOA-2012-BLG-006L,1,Microlensing,2017,,10.2000000000,12.60000000,2700.00000000,5300.00000000,270.4429630,-29.1087780,,,0.490000,
MOA-2012-BLG-505L b,MOA-2012-BLG-505L,1,Microlensing,2017,,0.9000000000,2.48000000,6.70000000,7210.00000000,268.1430970,-32.0400925,,,0.100000,
MOA-2013-BLG-220L b,MOA-2013-BLG-220L,1,Microlensing,2014,,3.0300000000,13.20000000,871.00000000,6720.00000000,270.9854170,-29.5447222,,,0.880000,
MOA-2013-BLG-605L b,MOA-2013-BLG-605L,1,Microlensing,2016,,0.9300000000,1.62000000,3.24000000,850.00000000,272.0192570,-29.7315826,,,0.024000,
MOA-2015-BLG-337L b,MOA-2015-BLG-337L,1,Microlensing,2018,,0.2400000000,6.42000000,33.70000000,7100.00000000,271.9487000,-28.1702785,,,0.009400,
MOA-2016-BLG-227L b,MOA-2016-BLG-227L,1,Microlensing,2017,,1.3900000000,13.20000000,890.00000000,6500.00000000,271.4737550,-27.7142868,,,0.290000,
MOA-2016-BLG-319L b,MOA-2016-BLG-319L,1,Microlensing,2018,,0.9500000000,14.10000000,200.00000000,6800.00000000,268.7422180,-29.7504635,,,0.150000,
MOA-2016-BLG-526L b,MOA-2016-BLG-526L,1,Microlensing,2024,,2.0700000000,3.97000000,14.93793513,6930.00000000,266.6682917,-34.3860806,,,0.370000,
MOA-2019-BLG-008L b,MOA-2019-BLG-008L,1,Microlensing,2022,,,12.20000000,5720.91132600,2700.00000000,267.9828750,-29.9897306,,,0.900000,
MOA-2020-BLG-135L b,MOA-2020-BLG-135L,1,Microlensing,2022,,1.1100000000,3.37000000,11.30000000,7900.00000000,268.4235000,-29.8075667,,,0.230000,
MOA-2020-BLG-208L b,MOA-2020-BLG-208L,1,Microlensing,2023,,2.7400000000,7.71000000,46.00000000,7490.00000000,268.4325000,-32.5893111,,,0.430000,
MOA-2022-BLG-033L b,MOA-2022-BLG-033L,1,Microlensing,2025,,2.1500000000,3.52000000,12.15000000,1840.00000000,272.8756667,-25.0530806,F7 V,,0.510000,
MOA-2022-BLG-091L b,MOA-2022-BLG-091L,1,Microlensing,2025,,3.4400000000,13.00000000,1141.00398113,4250.00000000,268.9422083,-32.3414389,G8 V,,0.750000,
MOA-2022-BLG-249L b,MOA-2022-BLG-249L,1,Microlensing,2023,,1.6300000000,2.04000000,4.83000000,2000.00000000,268.8655417,-28.3060611,,,0.180000,
MOA-2022-BLG-563L b,MOA-2022-BLG-563L,1,Microlensing,2024,,2.1500000000,14.00000000,127.13136280,6530.00000000,270.3002083,-27.8358306,,,0.480000,
MOA-bin-1L b,MOA-bin-1L,1,Microlensing,2012,,8.3000000000,13.00000000,1200.00000000,5100.00000000,261.7925000,-29.7939722,,,0.750000,
MOA-bin-29 b,MOA-bin-29,1,Microlensing,2019,,0.4800000000,14.10000000,190.00000000,7120.00000000,269.3759583,-29.7365639,,,0.030000,
mu Leo b,mu Leo,1,Radial Velocity,2014,357.80000000000,1.1000000000,13.30000000,762.80000000,32.60810000,148.1898673,26.0067142,K2 III,4538.20,1.500000,11.400000
mu2 Sco b,mu2 Sco,1,Imaging,2022,,242.4000000000,12.30000000,4576.72906080,,253.0838724,-38.0176339,B2 IV,21700.00,9.100000,5.600000
MWC 758 c,MWC 758,1,Imaging,2023,,100.0000000000,,,159.53700000,82.6147199,25.3324076,A8Ve,7314.00,1.500000,2.014460
MXB 1658-298 b,MXB 1658-298,1,Eclipse Timing Variations,2017,760.00000000000,1.6130000000,12.00000000,7532.57100000,,255.5272522,-29.9455833,,,1.980000,
NGC 2682 Sand 1429 b,NGC 2682 Sand 1429,1,Radial Velocity,2024,77.48000000000,0.3840000000,13.40000000,572.09113260,852.79300000,133.0147781,11.6899626,F9.5 V,6000.00,1.260000,2.130000
NGC 2682 Sand 978 b,NGC 2682 Sand 978,1,Radial Velocity,2017,511.21000000000,,13.30000000,692.86940000,821.91800000,132.8228085,11.7562959,K4 III,4200.00,1.370000,21.017414
NGC 2682 YBP 1194 b,NGC 2682 YBP 1194,1,Radial Velocity,2014,6.95900000000,,12.30000000,101.70560000,872.92000000,132.7533077,11.8146537,G5 V,5780.00,1.010000,0.990000
NGC 2682 YBP 1514 b,NGC 2682 YBP 1514,1,Radial Velocity,2014,5.11800000000,,14.00000000,127.13200000,914.22100000,132.7531307,11.8865128,G5 V,5725.00,0.960000,0.890000
NGC 2682 YBP 401 b,NGC 2682 YBP 401,1,Radial Velocity,2016,4.08700000000,,14.30000000,146.20180000,830.82200000,132.8293081,11.6710271,F9 V,6165.00,1.140000,1.215821
NGTS-1 b,NGTS-1,1,Transit,2017,2.64729800000,0.0326000000,14.90797000,258.07796000,218.12100000,82.7142134,-36.6309812,M0.5,3916.00,0.617000,0.573000
NGTS-10 b,NGTS-10,1,Transit,2020,0.76689440000,0.0143000000,13.50684500,687.14846000,324.69865036,91.8722801,-25.5948963,K5 V,4600.00,0.696000,0.697000
NGTS-11 b,NGTS-11,1,Transit,2020,35.45533000000,0.2010000000,9.15775300,109.33352000,190.42200000,23.5214497,-14.4191493,K,5050.00,0.862000,0.832000
NGTS-12 b,NGTS-12,1,Transit,2020,7.53280600000,0.0757000000,11.74703200,66.10864000,446.44200000,176.2499418,-35.6405630,G,5690.00,1.021000,1.589000
NGTS-13 b,NGTS-13,1,Transit,2021,4.11902700000,0.0549000000,12.80067800,1538.29720000,647.59500000,176.2402326,-38.1397158,,5819.00,1.300000,1.788000
NGTS-14 A b,NGTS-14 A,1,Transit,2021,3.53571730000,0.0403000000,4.97679600,29.24036000,322.14800000,328.5174799,-38.3774193,K1 V,5187.00,0.898000,0.842000
NGTS-15 b,NGTS-15,1,Transit,2021,3.27623000000,0.0441000000,12.32987877,238.68913366,786.48500000,73.3553101,-32.8003484,G6 V,5600.00,0.995000,0.954000
NGTS-16 b,NGTS-16,1,Transit,2021,4.84532000000,0.0523000000,14.57167491,211.99154747,898.16800000,58.2639299,-30.8046405,G7 V,5550.00,1.002000,1.213000
NGTS-17 b,NGTS-17,1,Transit,2021,3.24253000000,0.0391000000,13.89913607,242.82090295,1040.28000000,72.9005729,-34.2262128,G4 V,5650.00,1.025000,1.337000
NGTS-18 b,NGTS-18,1,Transit,2021,3.05125000000,0.0448000000,13.56286665,129.99181846,1096.19000000,180.5462193,-35.5486091,G5 V,5610.00,1.003000,1.392000
NGTS-2 b,NGTS-2,1,Transit,2018,4.51116400000,0.0630000000,17.87835500,235.19420000,356.39100000,215.1227617,-31.2020698,F5 V,6478.00,1.640000,1.702000
NGTS-20 b,NGTS-20,1,Transit,2022,54.18915000000,0.3130000000,11.99360935,947.12865286,382.89800000,46.2926368,-21.9336472,G1 IV,5980.00,1.470000,1.780000
NGTS-21 b,NGTS-21,1,Transit,2022,1.54338970000,0.0236000000,14.90794433,750.07504052,592.89100000,311.2583112,-35.4278412,K3 V,4660.00,0.720000,0.860000
NGTS-23 b,NGTS-23,1,Transit,2022,4.07643260000,0.0504000000,14.20177855,194.82881349,1074.95000000,70.4322947,-40.0445299,F9 V,6057.00,1.010000,1.240000
NGTS-24 b,NGTS-24,1,Transit,2022,3.46787960000,0.0479000000,13.60770257,165.27077164,683.06200000,168.5638892,-37.9101328,G2 IV,5820.00,1.260000,1.640000
NGTS-25 b,NGTS-25,1,Transit,2022,2.82309300000,0.0388000000,11.46678726,203.09235207,521.23300000,307.4182976,-39.0323568,K0 V,5321.00,0.910000,0.860000
NGTS-26 b,NGTS-26,1,Transit,2024,4.51992790000,0.0490000000,14.88552637,92.80589484,1093.69000000,217.6832961,-31.7324526,,5550.00,0.960000,1.160000
NGTS-27 b,NGTS-27,1,Transit,2024,3.37041810000,0.0446000000,15.64773706,188.47224535,942.12200000,206.0265266,-32.5229747,,5700.00,1.070000,1.770000
NGTS-3 A b,NGTS-3 A,1,Transit,2018,1.67537280000,0.0230000000,16.58932000,756.43540000,743.97200000,94.4447595,-35.7063640,G6 V,5600.00,1.017000,0.930000
NGTS-30 b,NGTS-30,1,Transit,2024,98.29838000000,0.4080000000,10.40193409,305.11527072,238.37700000,173.7148670,-24.6054801,,5455.00,0.940000,0.913000
NGTS-31 b,NGTS-31,1,Transit,2025,4.16273400000,0.0640000000,18.04645893,355.96781584,497.37600000,80.4212533,-38.6568270,,5710.00,0.960000,1.700000
NGTS-32 b,NGTS-32,1,Transit,2025,3.31211000000,0.0440000000,15.91675259,181.16219199,837.45700000,223.8576228,-18.4323191,,5680.00,1.070000,1.850000
NGTS-33 b,NGTS-33,1,Transit,2024,2.82797200000,0.0480000000,18.38272835,1153.71711741,437.85500000,107.8333348,-35.8505185,,7437.00,1.600000,1.470000
NGTS-34 b,NGTS-34,1,Transit,2025,43.12655000000,0.2570000000,3.65000000,19.10000000,120.47500000,162.4997176,-44.5478575,F8 V,6134.00,1.266000,1.367000
NGTS-35 b,NGTS-35,1,Transit,2025,25.24119200000,0.1600000000,10.90000000,152.00000000,183.07800000,170.2763360,-26.0666162,K3.5 V,4717.00,0.789000,0.753000
NGTS-38 b,NGTS-38,1,Transit,2026,180.52797000000,0.6970000000,12.11690814,1516.04150139,268.63700000,108.7147541,-29.4306223,,6310.00,1.460000,1.880000
NGTS-4 b,NGTS-4,1,Transit,2019,1.33735080000,0.0190000000,3.18000000,20.60000000,280.55500000,89.5988945,-30.8117992,,5143.00,0.750000,0.840000
NGTS-5 b,NGTS-5,1,Transit,2019,3.35698660000,0.0382000000,12.73342400,72.78307000,306.77900000,221.0582692,5.6053735,K2 V,4987.00,0.661000,0.739000
NGTS-6 b,NGTS-6,1,Transit,2019,0.88205900000,0.0167700000,14.86313400,425.57437000,308.26200000,75.7953820,-30.3994612,,4730.00,0.767000,0.754000
NGTS-8 b,NGTS-8,1,Transit,2019,2.49970000000,0.0350000000,12.21781000,295.58190000,428.97600000,328.9759206,-14.0684399,K0 V,5241.00,0.890000,0.980000
NGTS-9 b,NGTS-9,1,Transit,2019,4.43527000000,0.0580000000,11.99363000,921.70700000,609.12800000,141.9206435,-19.3476477,F8 V,6330.00,1.340000,1.380000
NN Ser c,NN Ser,2,Eclipse Timing Variations,2010,6987.00000000000,5.3500000000,12.60000000,2329.60000000,515.81800000,238.2337015,12.9120871,WD,57000.00,0.535000,
NN Ser d,NN Ser,2,Eclipse Timing Variations,2010,2880.00000000000,3.3900000000,13.30000000,724.62200000,515.81800000,238.2337015,12.9120871,WD,57000.00,0.535000,
NSVS 14256825 b,NSVS 14256825,1,Eclipse Timing Variations,2019,3225.00000000000,3.1200000000,12.30000000,4497.29450000,820.87700000,305.0019460,4.6323715,,40000.00,0.419000,0.188000
nu Oct A b,nu Oct A,1,Radial Velocity,2016,402.40000000000,1.2400000000,13.30000000,696.04421133,21.19990000,325.3702792,-77.3910853,K1 IV,4910.00,1.570000,5.040000
nu Oph b,nu Oph,2,Radial Velocity,2012,529.93000000000,1.7650000000,12.00000000,7057.73298000,46.21070000,269.7566013,-9.7741342,K0 III,4887.00,2.610000,12.240000
nu Oph c,nu Oph,2,Radial Velocity,2012,3180.60000000000,5.8290000000,12.00000000,7838.32346000,46.21070000,269.7566013,-9.7741342,K0 III,4887.00,2.610000,12.240000
NY Vir b,NY Vir,2,Eclipse Timing Variations,2011,3160.00000000000,3.3000000000,13.30000000,730.97800000,544.02400000,204.7005847,-2.0303873,,32780.00,0.459000,0.151000
NY Vir c,NY Vir,2,Eclipse Timing Variations,2019,8799.00000000000,,12.80000000,1760.77820000,544.02400000,204.7005847,-2.0303873,,32780.00,0.459000,0.151000
OGLE-2003-BLG-235L b,OGLE-2003-BLG-235L,1,Microlensing,2004,,4.3000000000,13.20000000,830.00000000,5800.00000000,271.3181250,-28.8950000,K V,,0.630000,
OGLE-2005-BLG-071L b,OGLE-2005-BLG-071L,1,Microlensing,2005,,3.6000000000,13.00000000,1200.00000000,3200.00000000,267.5407080,-34.6731944,,,0.460000,
OGLE-2005-BLG-169L b,OGLE-2005-BLG-169L,1,Microlensing,2006,,3.5000000000,3.84000000,14.10000000,4100.00000000,271.5221670,-30.7326389,K5,,0.690000,
OGLE-2005-BLG-390L b,OGLE-2005-BLG-390L,1,Microlensing,2005,3285.00000000000,2.6000000000,2.21000000,5.50000000,6600.00000000,268.5799580,-30.3773056,,,0.220000,
OGLE-2006-BLG-109L b,OGLE-2006-BLG-109L,2,Microlensing,2008,1788.50000000000,2.3000000000,14.00000000,231.00000000,1510.00000000,268.1437920,-30.0877778,,,0.510000,
OGLE-2006-BLG-109L c,OGLE-2006-BLG-109L,2,Microlensing,2008,4927.50000000000,4.5000000000,11.10000000,86.00000000,1510.00000000,268.1437920,-30.0877778,,,0.510000,
OGLE-2006-BLG-284L A b,OGLE-2006-BLG-284L A,1,Microlensing,2020,,2.1700000000,14.30000000,144.00000000,4000.00000000,269.6592500,-29.1366667,,,0.350000,
OGLE-2007-BLG-349L AB c,OGLE-2007-BLG-349L A,1,Microlensing,2016,2557.00000000000,2.5900000000,10.70000000,80.00000000,2760.00000000,271.3518070,-26.4219437,M,,0.410000,
OGLE-2007-BLG-368L b,OGLE-2007-BLG-368L,1,Microlensing,2009,,2.8000000000,4.72000000,20.00000000,5900.00000000,269.1081670,-32.2374167,,,0.640000,
OGLE-2008-BLG-092L b,OGLE-2008-BLG-092L,1,Microlensing,2014,,15.0000000000,8.74000000,57.00000000,8100.00000000,267.5407080,-34.6731944,,,0.710000,
OGLE-2008-BLG-355L b,OGLE-2008-BLG-355L,1,Microlensing,2014,,1.7000000000,12.90000000,1500.00000000,6800.00000000,269.7867080,-30.7594722,,,0.370000,
OGLE-2011-BLG-0173L b,OGLE-2011-BLG-0173L,1,Microlensing,2018,,8.0000000000,9.01000000,60.00000000,6100.00000000,269.3157350,-28.2338619,,,0.410000,
OGLE-2011-BLG-0251L b,OGLE-2011-BLG-0251L,1,Microlensing,2012,,2.7200000000,14.20000000,170.00000000,2570.00000000,264.5590830,-27.1361389,M,,0.260000,
OGLE-2011-BLG-0265L b,OGLE-2011-BLG-0265L,1,Microlensing,2015,,1.8900000000,13.90000000,280.00000000,4380.00000000,269.4488330,-27.3945278,,,0.211000,
OGLE-2012-BLG-0026L b,OGLE-2012-BLG-0026L,2,Microlensing,2012,,4.0000000000,7.72000000,46.10000000,4019.00000000,263.5779170,-27.1427500,G5 V,,1.060000,
OGLE-2012-BLG-0026L c,OGLE-2012-BLG-0026L,2,Microlensing,2012,,4.8000000000,13.90000000,270.00000000,4019.00000000,263.5779170,-27.1427500,G5 V,,1.060000,
OGLE-2012-BLG-0358L b,OGLE-2012-BLG-0358L,1,Microlensing,2013,,0.8700000000,13.40000000,588.00000000,1760.00000000,265.6948750,-24.2610000,,,0.022000,
OGLE-2012-BLG-0406L b,OGLE-2012-BLG-0406L,1,Microlensing,2013,,3.4500000000,13.20000000,868.00000000,4970.00000000,268.3257080,-30.4711667,,,0.440000,
OGLE-2012-BLG-0563L b,OGLE-2012-BLG-0563L,1,Microlensing,2015,,0.7400000000,13.60000000,120.00000000,1300.00000000,271.4905000,-27.7120000,,,0.340000,
OGLE-2012-BLG-0724L b,OGLE-2012-BLG-0724L,1,Microlensing,2016,,1.6000000000,14.30000000,150.00000000,6700.00000000,268.9682917,-29.8185278,M V,,0.290000,
OGLE-2012-BLG-0838L b,OGLE-2012-BLG-0838L,1,Microlensing,2020,,4.4300000000,8.39000000,53.10000000,6320.00000000,273.0030830,-25.7116111,,,0.400000,
OGLE-2012-BLG-0950L b,OGLE-2012-BLG-0950L,1,Microlensing,2016,,2.6000000000,6.56000000,35.00000000,2600.00000000,272.0192570,-29.7315826,M V,,0.570000,
OGLE-2013-BLG-0102L b,OGLE-2013-BLG-0102L,1,Microlensing,2014,,0.8000000000,12.30000000,4100.00000000,3040.00000000,268.0295000,-31.6905833,,,0.096000,
OGLE-2013-BLG-0132L b,OGLE-2013-BLG-0132L,1,Microlensing,2017,,3.6000000000,11.60000000,92.00000000,3900.00000000,269.7646180,-28.4210281,,,0.540000,
OGLE-2013-BLG-0341L B b,OGLE-2013-BLG-0341L B,1,Microlensing,2014,,0.7020000000,1.16000000,1.66000000,911.00000000,268.0312080,-29.8461111,,,0.112700,
OGLE-2013-BLG-0911L b,OGLE-2013-BLG-0911L,1,Microlensing,2019,,0.3900000000,12.50000000,3020.00000000,3220.00000000,268.8832500,-29.2538333,,,0.290000,
OGLE-2013-BLG-1721L b,OGLE-2013-BLG-1721L,1,Microlensing,2017,,2.6000000000,14.10000000,200.00000000,6300.00000000,268.1265560,-30.2926941,,,0.460000,
OGLE-2013-BLG-1761L b,OGLE-2013-BLG-1761L,1,Microlensing,2017,,1.8000000000,13.20000000,860.00000000,6900.00000000,268.4094850,-28.8952713,,,0.330000,
OGLE-2014-BLG-0124L b,OGLE-2014-BLG-0124L,1,Microlensing,2015,,3.4800000000,14.10000000,206.58846455,3500.00000000,270.6217083,-28.3962500,,,0.900000,
OGLE-2014-BLG-0221L b,OGLE-2014-BLG-0221L,1,Microlensing,2024,,3.7600000000,12.90000000,1382.55357045,3680.00000000,270.3037500,-27.4267639,,,0.690000,
OGLE-2014-BLG-0319L b,OGLE-2014-BLG-0319L,1,Microlensing,2022,,3.4900000000,14.10000000,181.16219199,7730.00000000,266.9611667,-33.9350444,M,,0.520000,
OGLE-2014-BLG-0676L b,OGLE-2014-BLG-0676L,1,Microlensing,2016,,4.5300000000,13.00000000,1169.60853776,2670.00000000,268.1020833,-30.5483889,,,0.730000,
OGLE-2014-BLG-1722L b,OGLE-2014-BLG-1722L,2,Microlensing,2018,,1.5000000000,8.59000000,55.30000000,6400.00000000,268.7523800,-31.4690552,,,0.400000,
OGLE-2014-BLG-1722L c,OGLE-2014-BLG-1722L,2,Microlensing,2018,,1.7000000000,11.00000000,83.70000000,6400.00000000,268.7523800,-31.4690552,,,0.400000,
OGLE-2014-BLG-1760L b,OGLE-2014-BLG-1760L,1,Microlensing,2016,,1.8870000000,13.80000000,295.89824692,7056.00000000,269.4090000,-28.9620472,K,,0.803000,
OGLE-2015-BLG-0051L b,OGLE-2015-BLG-0051L,1,Microlensing,2016,,0.7300000000,14.00000000,230.00000000,8200.00000000,269.6625370,-28.0316944,,,0.100000,
OGLE-2015-BLG-0954L b,OGLE-2015-BLG-0954L,1,Microlensing,2016,,1.6000000000,13.10000000,1100.00000000,1200.00000000,270.1843330,-28.6608889,,,0.300000,
OGLE-2015-BLG-0966L b,OGLE-2015-BLG-0966L,1,Microlensing,2016,,2.7000000000,4.86000000,21.00000000,3300.00000000,268.7542500,-29.0471111,,,0.380000,
OGLE-2015-BLG-1609L b,OGLE-2015-BLG-1609L,1,Microlensing,2025,,,10.40000000,76.27881768,3300.00000000,270.8237917,-26.9071111,,,0.170000,
OGLE-2015-BLG-1649L b,OGLE-2015-BLG-1649L,1,Microlensing,2019,,2.0700000000,13.20000000,807.00000000,4230.00000000,271.2050417,-32.6330278,,,0.340000,
OGLE-2015-BLG-1670L b,OGLE-2015-BLG-1670L,1,Microlensing,2019,,2.6200000000,4.42000000,17.90000000,6700.00000000,268.1587917,-28.5519167,,,0.550000,
OGLE-2015-BLG-1771L b,OGLE-2015-BLG-1771L,1,Microlensing,2020,,0.8500000000,14.30000000,138.00000000,7070.00000000,268.7990000,-28.8627500,,,0.077000,
OGLE-2016-BLG-0007L b,OGLE-2016-BLG-0007L,1,Microlensing,2025,14200.00000000000,10.1000000000,1.09000000,1.32000000,4300.00000000,268.3560417,-29.6422500,,,0.590000,
OGLE-2016-BLG-0263L b,OGLE-2016-BLG-0263L,1,Microlensing,2017,,5.4000000000,13.00000000,1300.00000000,6500.00000000,269.8954160,-31.8186111,,,0.130000,
OGLE-2016-BLG-0613L AB b,OGLE-2016-BLG-0613L AB,1,Microlensing,2017,,6.4000000000,13.00000000,1330.00000000,3410.00000000,269.2604060,-28.1161671,,,0.720000,
OGLE-2016-BLG-1067L b,OGLE-2016-BLG-1067L,1,Microlensing,2019,,1.7000000000,14.30000000,140.00000000,3730.00000000,273.2045000,-27.0126389,,,0.300000,
OGLE-2016-BLG-1093L b,OGLE-2016-BLG-1093L,1,Microlensing,2022,,2.1300000000,14.00000000,225.65816897,8120.00000000,269.0042917,-32.7134722,,,0.460000,
OGLE-2016-BLG-1190L b,OGLE-2016-BLG-1190L,1,Microlensing,2017,1220.00000000000,2.1700000000,12.30000000,4253.00000000,6770.00000000,269.7179260,-27.6135559,,,0.880000,
OGLE-2016-BLG-1195L b,OGLE-2016-BLG-1195L,1,Microlensing,2017,,1.1600000000,1.11000000,1.43000000,3910.00000000,268.8479310,-30.2072506,,,0.078000,
OGLE-2016-BLG-1227L b,OGLE-2016-BLG-1227L,1,Microlensing,2020,,3.4000000000,13.90000000,250.00000000,,265.5971250,-33.7597778,,,0.100000,
OGLE-2016-BLG-1266L b,OGLE-2016-BLG-1266L,1,Microlensing,2018,,0.4300000000,12.40000000,3813.94088400,3080.00000000,267.8535833,-29.7422500,,,0.015000,
OGLE-2016-BLG-1598L b,OGLE-2016-BLG-1598L,1,Microlensing,2024,,2.5000000000,13.60000000,120.77479466,5910.00000000,270.1907500,-29.1754389,,,0.550000,
OGLE-2016-BLG-1800L b,OGLE-2016-BLG-1800L,1,Microlensing,2024,,1.8800000000,13.20000000,823.17557413,6480.00000000,269.9032083,-30.8653611,,,0.410000,
OGLE-2017-BLG-0173L b,OGLE-2017-BLG-0173L,1,Microlensing,2018,,3.9130000000,1.62000000,3.26900000,4705.00000000,267.9706120,-29.2713604,,,0.396000,
OGLE-2017-BLG-0364L b,OGLE-2017-BLG-0364L,1,Microlensing,2024,,3.7900000000,10.30000000,75.80000000,7860.00000000,265.2278750,-34.6175833,,,0.490000,
OGLE-2017-BLG-0373L b,OGLE-2017-BLG-0373L,1,Microlensing,2018,,2.4240000000,14.00000000,127.00000000,5915.00000000,269.3294067,-31.9517231,,,0.248000,
OGLE-2017-BLG-0406L b,OGLE-2017-BLG-0406L,1,Microlensing,2020,,3.5000000000,14.20000000,130.00000000,5200.00000000,268.9996670,-29.8631389,,,0.560000,
OGLE-2017-BLG-0448L b,OGLE-2017-BLG-0448L,1,Microlensing,2024,,5.7500000000,4.08000000,15.60000000,7530.00000000,268.6686250,-31.0319167,,,0.500000,
OGLE-2017-BLG-0482L b,OGLE-2017-BLG-0482L,1,Microlensing,2018,,1.8000000000,2.95000000,9.00000000,5800.00000000,269.0488890,-30.5283604,,,0.200000,
OGLE-2017-BLG-0604L b,OGLE-2017-BLG-0604L,1,Microlensing,2020,,4.0600000000,14.20000000,160.00000000,3950.00000000,267.8916670,-30.9465556,,,0.700000,
OGLE-2017-BLG-0640L b,OGLE-2017-BLG-0640L,1,Microlensing,2024,,1.1400000000,13.50000000,514.88201934,6630.00000000,267.4651250,-29.4615000,,,0.320000,
OGLE-2017-BLG-1049L b,OGLE-2017-BLG-1049L,1,Microlensing,2020,,3.9200000000,12.80000000,1760.00000000,5670.00000000,269.5335420,-27.1442222,,,0.550000,
OGLE-2017-BLG-1099L b,OGLE-2017-BLG-1099L,1,Microlensing,2021,,2.7300000000,13.10000000,959.84178914,7250.00000000,263.9642500,-29.5858611,,,0.450000,
OGLE-2017-BLG-1140L b,OGLE-2017-BLG-1140L,1,Microlensing,2018,,1.0200000000,13.50000000,505.00000000,,266.8830570,-24.5226669,,,0.211000,
OGLE-2017-BLG-1237L b,OGLE-2017-BLG-1237L,1,Microlensing,2024,,2.5300000000,13.00000000,1207.74794660,6030.00000000,271.6499583,-28.3288306,,,0.460000,
OGLE-2017-BLG-1275L b,OGLE-2017-BLG-1275L,1,Microlensing,2024,,2.0900000000,12.80000000,1875.18760130,7690.00000000,267.9154167,-29.4979694,,,0.630000,
OGLE-2017-BLG-1375L b,OGLE-2017-BLG-1375L,1,Microlensing,2020,,3.0400000000,12.40000000,3585.00000000,3930.00000000,269.1548750,-30.3114167,,,0.810000,
OGLE-2017-BLG-1434L b,OGLE-2017-BLG-1434L,1,Microlensing,2018,,1.1800000000,1.94000000,4.43000000,860.00000000,268.2804667,-30.2456583,,,0.234000,
OGLE-2017-BLG-1522L b,OGLE-2017-BLG-1522L,1,Microlensing,2018,,0.5900000000,14.00000000,240.00000000,7490.00000000,270.3193660,-28.4619713,,,0.045000,
OGLE-2017-BLG-1691L b,OGLE-2017-BLG-1691L,1,Microlensing,2022,,2.4100000000,3.92000000,14.62010672,7290.00000000,263.5938333,-29.2848306,,,0.450000,
OGLE-2017-BLG-1806L b,OGLE-2017-BLG-1806L,1,Microlensing,2023,,1.7500000000,2.15000000,5.27000000,6400.00000000,266.6232500,-24.2722694,,,0.380000,
OGLE-2018-BLG-0298L b,OGLE-2018-BLG-0298L,1,Microlensing,2022,,2.8600000000,7.56000000,44.49597698,6540.00000000,264.2845000,-29.7091111,,,0.690000,
OGLE-2018-BLG-0383L b,OGLE-2018-BLG-0383L,1,Microlensing,2022,,1.8000000000,2.41000000,6.40000000,7700.00000000,268.6807500,-28.7392778,,,0.100000,
OGLE-2018-BLG-0506L b,OGLE-2018-BLG-0506L,1,Microlensing,2022,,3.0000000000,4.18000000,16.30000000,5600.00000000,267.6298333,-31.9240556,,,0.630000,
OGLE-2018-BLG-0516L b,OGLE-2018-BLG-0516L,1,Microlensing,2022,,2.2000000000,4.73000000,20.10000000,7000.00000000,269.6401250,-31.2623889,,,0.470000,
OGLE-2018-BLG-0532L b,OGLE-2018-BLG-0532L,1,Microlensing,2020,,1.0640000000,2.37000000,6.22800000,773.00000000,269.9834167,-28.9977500,,,0.195000,
OGLE-2018-BLG-0567L b,OGLE-2018-BLG-0567L,1,Microlensing,2021,,2.7200000000,12.30000000,101.70509024,7060.00000000,269.0184167,-27.9871111,,,0.250000,
OGLE-2018-BLG-0596L b,OGLE-2018-BLG-0596L,1,Microlensing,2019,,0.9700000000,3.81000000,13.93000000,5650.00000000,269.0555417,-29.1990833,,,0.231000,
OGLE-2018-BLG-0677L b,OGLE-2018-BLG-0677L,1,Microlensing,2020,,0.6300000000,1.82000000,3.96000000,7580.00000000,268.7511250,-32.0165306,,,0.120000,
OGLE-2018-BLG-0740L b,OGLE-2018-BLG-0740L,1,Microlensing,2019,5480.00000000000,5.0000000000,12.90000000,1500.00000000,3200.00000000,272.1769583,-29.8358056,G V,5912.00,1.000000,
OGLE-2018-BLG-0799L b,OGLE-2018-BLG-0799L,1,Microlensing,2022,,1.2800000000,10.90000000,82.63538582,4050.00000000,273.4590000,-25.4857222,,,0.093000,
OGLE-2018-BLG-0932L b,OGLE-2018-BLG-0932L,1,Microlensing,2022,,1.7500000000,13.90000000,282.86728223,6620.00000000,268.3512083,-29.0218056,,,0.720000,
OGLE-2018-BLG-0962L b,OGLE-2018-BLG-0962L,1,Microlensing,2021,,3.5900000000,13.60000000,425.89006538,6500.00000000,268.1747917,-32.3092500,,,0.540000,
OGLE-2018-BLG-0977L b,OGLE-2018-BLG-0977L,1,Microlensing,2022,,2.0000000000,2.41000000,6.40000000,6500.00000000,268.5061250,-30.6048056,,,0.470000,
OGLE-2018-BLG-1011L b,OGLE-2018-BLG-1011L,2,Microlensing,2019,,1.8000000000,13.50000000,570.00000000,7100.00000000,269.0140000,-29.0828889,,,0.180000,
OGLE-2018-BLG-1011L c,OGLE-2018-BLG-1011L,2,Microlensing,2019,,0.8000000000,13.20000000,890.00000000,7100.00000000,269.0140000,-29.0828889,,,0.180000,
OGLE-2018-BLG-1119L b,OGLE-2018-BLG-1119L,1,Microlensing,2022,,4.0600000000,13.90000000,289.22385037,5760.00000000,270.0292500,-32.3752778,,,0.480000,
OGLE-2018-BLG-1126L b,OGLE-2018-BLG-1126L,1,Microlensing,2022,,3.2300000000,4.41000000,17.79839079,5700.00000000,268.3558750,-31.7247194,,,0.690000,
OGLE-2018-BLG-1185L b,OGLE-2018-BLG-1185L,1,Microlensing,2021,,1.5400000000,2.83000000,8.40000000,7400.00000000,269.7927500,-27.8350833,,,0.370000,
OGLE-2018-BLG-1212L b,OGLE-2018-BLG-1212L,1,Microlensing,2022,,1.6800000000,9.32000000,63.56568140,1550.00000000,271.0776250,-28.1940833,,,0.160000,
OGLE-2018-BLG-1269L b,OGLE-2018-BLG-1269L,1,Microlensing,2020,,4.5100000000,14.10000000,210.00000000,2510.00000000,269.6934170,-27.6179444,,,1.110000,
OGLE-2018-BLG-1367L b,OGLE-2018-BLG-1367L,1,Microlensing,2022,,1.2100000000,13.80000000,301.93698665,5370.00000000,269.7556250,-29.1683611,,,0.280000,
OGLE-2018-BLG-1428L b,OGLE-2018-BLG-1428L,1,Microlensing,2021,,3.3000000000,14.00000000,240.00000000,6220.00000000,265.5487080,-26.1378889,,,0.430000,
OGLE-2018-BLG-1647L b,OGLE-2018-BLG-1647L,1,Microlensing,2022,,1.3600000000,13.80000000,308.29355479,7880.00000000,268.9623750,-31.8170000,,,0.092000,
OGLE-2018-BLG-1700L b,OGLE-2018-BLG-1700L,1,Microlensing,2020,,2.8000000000,12.90000000,1400.00000000,7600.00000000,269.9560420,-28.5286389,,,0.420000,
OGLE-2019-BLG-0249L b,OGLE-2019-BLG-0249L,1,Microlensing,2023,,1.8400000000,12.70000000,2262.93825784,6370.00000000,265.4035000,-34.7017500,,,0.910000,
OGLE-2019-BLG-0299L b,OGLE-2019-BLG-0299L,1,Microlensing,2021,,2.8000000000,12.70000000,1976.89269154,5830.00000000,266.6794583,-23.5843111,,,0.590000,
OGLE-2019-BLG-0304L b,OGLE-2019-BLG-0304L,1,Microlensing,2021,,1.2300000000,14.20000000,162.09248757,6980.00000000,264.0267083,-26.1459889,,,0.270000,
OGLE-2019-BLG-0362L b,OGLE-2019-BLG-0362L,1,Microlensing,2022,,2.1800000000,13.10000000,1036.12060682,5830.00000000,263.4652500,-24.8103611,,,0.420000,
OGLE-2019-BLG-0468L b,OGLE-2019-BLG-0468L,2,Microlensing,2022,,3.2900000000,13.10000000,1090.15143601,4400.00000000,266.4060000,-24.4472778,G,,0.920000,
OGLE-2019-BLG-0468L c,OGLE-2019-BLG-0468L,2,Microlensing,2022,,2.7700000000,12.50000000,3248.20631954,4400.00000000,266.4060000,-24.4472778,G,,0.920000,
OGLE-2019-BLG-0679L b,OGLE-2019-BLG-0679L,1,Microlensing,2023,,6.9900000000,13.10000000,1061.54687938,5630.00000000,265.7404167,-27.7728806,,,0.660000,
OGLE-2019-BLG-0954L b,OGLE-2019-BLG-0954L,1,Microlensing,2021,,2.6500000000,12.30000000,4513.16337940,3630.00000000,267.9132500,-29.6110000,,,0.800000,
OGLE-2019-BLG-0960L b,OGLE-2019-BLG-0960L,1,Microlensing,2021,,1.9000000000,1.39000000,2.50000000,980.00000000,274.0142917,-25.7746667,,,0.500000,
OGLE-2019-BLG-1053L b,OGLE-2019-BLG-1053L,1,Microlensing,2021,,3.4000000000,1.38000000,2.48000000,6800.00000000,270.1663750,-27.3415833,,,0.610000,
OGLE-2019-BLG-1180L b,OGLE-2019-BLG-1180L,1,Microlensing,2023,,5.1900000000,13.50000000,555.24622703,6070.00000000,269.2465417,-27.9754444,,,0.545000,
OGLE-2019-BLG-1470L AB c,OGLE-2019-BLG-1470L A,1,Microlensing,2022,,3.2000000000,13.30000000,699.22249540,5900.00000000,271.9492083,-27.0335556,,,0.570000,
OGLE-2019-BLG-1492L b,OGLE-2019-BLG-1492L,1,Microlensing,2022,,2.7000000000,6.79000000,37.10000000,5600.00000000,270.0964583,-28.6311389,,,0.680000,
OGLE-2023-BLG-0766L b,OGLE-2023-BLG-0766L,1,Microlensing,2026,,2.5000000000,13.70000000,349.61124770,7400.00000000,269.8296250,-28.3246889,,,0.390000,
OGLE-2023-BLG-0836L b,OGLE-2023-BLG-0836L,1,Microlensing,2024,,3.7000000000,12.90000000,1385.73185452,5120.00000000,267.1868750,-23.7415194,,,0.710000,
OGLE-TR-10 b,OGLE-TR-10,1,Transit,2004,3.10127800000,0.0434000000,14.01100000,197.04600000,1344.97000000,267.8677483,-29.8764758,G2 V,5950.00,1.140000,1.170000
OGLE-TR-111 b,OGLE-TR-111,1,Transit,2004,4.01444630000,0.0473000000,11.42197100,174.79900000,1068.33000000,163.3241150,-61.4056976,K2 V,5040.00,0.820000,0.830000
OGLE-TR-113 b,OGLE-TR-113,1,Transit,2004,1.43247520000,0.0228900000,12.25100000,400.44900000,566.45900000,163.1010355,-61.4468591,K4 V,4790.00,0.779000,0.774000
OGLE-TR-132 b,OGLE-TR-132,1,Transit,2004,1.68986800000,0.0303500000,13.45000000,375.02000000,2012.62000000,162.6440933,-61.9572476,F5 V,6210.00,1.305000,1.320000
OGLE-TR-182 b,OGLE-TR-182,1,Transit,2007,3.97910000000,0.0510000000,12.66600000,320.99500000,2501.75000000,167.3279228,-61.0952624,,5924.00,1.140000,1.140000
OGLE-TR-211 b,OGLE-TR-211,1,Transit,2007,3.67724000000,0.0510000000,15.24400000,327.35100000,1515.26000000,160.0598236,-62.4555353,,6325.00,1.330000,1.640000
OGLE-TR-56 b,OGLE-TR-56,1,Transit,2002,1.21191890000,0.0238300000,15.27800000,441.77000000,282.83913869,269.1479583,-29.5392222,F8 V,6050.00,1.228000,1.363000
OGLE2-TR-L9 b,OGLE2-TR-L9,1,Transit,2008,2.48553350000,0.0308000000,18.04600000,1430.17500000,1627.63000000,166.9798793,-61.1462496,,6933.00,1.520000,1.530000
ome Ser b,ome Ser,1,Radial Velocity,2013,278.59000000000,0.8380000000,14.00000000,233.92170755,76.75560000,237.5732422,2.1963040,G8 III,4724.00,1.010000,10.990000
omi CrB b,omi CrB,1,Radial Velocity,2012,187.01000000000,0.6990000000,13.70000000,355.96781584,84.78830000,230.0350768,29.6160222,K0 III,4769.00,1.300000,11.870000
omi UMa b,omi UMa,1,Radial Velocity,2012,1569.81000000000,3.6910000000,13.00000000,1160.39151396,54.91490000,127.5649503,60.7177048,G4 II-III,5075.00,2.720000,13.840000
Oph 11 b,Oph 11,1,Imaging,2006,7300000.00000000000,243.0000000000,12.30000000,4449.62000000,136.16559197,245.6049610,-24.0872219,M9,2375.00,0.016000,0.232692
PDS 70 b,PDS 70,2,Imaging,2018,43500.00000000000,20.8000000000,21.96960217,1017.05090240,113.06400000,212.0421402,-41.3980405,K7,4109.00,0.982000,1.260000
PDS 70 c,PDS 70,2,Imaging,2019,,34.3000000000,22.19378179,2383.71305250,113.06400000,212.0421402,-41.3980405,K7,4109.00,0.982000,1.260000
PH1 b,PH1,1,Transit,2012,138.31700000000,0.6520000000,6.18000000,169.00000000,1033.16000000,298.2150641,39.9550863,F,6407.00,1.528000,1.734000
PH2 b,PH2,1,Transit,2013,282.52542000000,0.8330000000,9.33708092,87.08498352,343.86300000,289.7636212,51.9626830,G3,5734.00,0.966000,0.949000
pi Men c,HD 39091,3,Transit,2018,6.26783990000,0.0683900000,2.01890000,3.63000000,18.27020000,84.2992798,-80.4646041,G0 V,5998.00,1.070000,1.170000
pi Men d,HD 39091,3,Radial Velocity,2022,124.64000000000,0.5060000000,3.72000000,13.38000000,18.27020000,84.2992798,-80.4646041,G0 V,5998.00,1.070000,1.190000
POTS-1 b,POTS-1,1,Transit,2013,3.16062960000,0.0373400000,10.54800000,734.16000000,747.95900000,203.6087259,-66.5811639,K5 V,4400.00,0.695000,0.588000
Pr0201 b,Pr0201,1,Radial Velocity,2012,4.42640000000,0.0600000000,14.20000000,171.62820000,180.64000000,130.4324005,20.2268164,,6174.00,1.240000,1.150000
Pr0211 b,Pr0211,2,Radial Velocity,2012,2.14610000000,0.0317600000,13.40000000,597.52040000,182.71400000,130.5477440,19.2769570,,5300.00,0.935000,0.827000
Pr0211 c,Pr0211,2,Radial Velocity,2016,4850.00000000000,5.5000000000,12.60000000,2475.89570000,182.71400000,130.5477440,19.2769570,,5300.00,0.935000,0.827000
Proxima Cen b,Proxima Cen,2,Radial Velocity,2016,11.18465000000,0.0484800000,1.02000000,1.05500000,1.30119000,217.3934657,-62.6761821,M5.5 V,2900.00,0.122100,0.141000
Proxima Cen d,Proxima Cen,2,Radial Velocity,2025,5.12338000000,0.0288100000,0.69200000,0.26000000,1.30119000,217.3934657,-62.6761821,M5.5 V,2900.00,0.122100,0.141000
psi1 Dra B b,psi1 Dra B,1,Radial Velocity,2015,3117.00000000000,4.4300000000,13.50000000,486.27990000,22.71880000,265.4925754,72.1557114,G0 V,6212.00,1.190000,1.255735
PSR B0329+54 b,PSR B0329+54,1,Pulsar Timing,2017,10140.00000000000,10.2600000000,1.22000000,1.97000000,504.93312058,53.2472749,54.5791636,,,1.440000,
PSR B1257+12 b,PSR B1257+12,3,Pulsar Timing,1994,25.26200000000,0.1900000000,0.33800000,0.02000000,600.00000000,195.0149029,12.6823534,,,1.400000,
PSR B1257+12 c,PSR B1257+12,3,Pulsar Timing,1992,66.54190000000,0.3600000000,1.91000000,4.30000000,600.00000000,195.0149029,12.6823534,,,1.400000,
PSR B1257+12 d,PSR B1257+12,3,Pulsar Timing,1992,98.21140000000,0.4600000000,1.80000000,3.90000000,600.00000000,195.0149029,12.6823534,,,1.400000,
PSR B1620-26 b,PSR B1620-26,1,Pulsar Timing,2003,,23.0000000000,13.30000000,794.57500000,,245.9092617,-26.5315944,,,1.350000,
PSR J1719-1438 b,PSR J1719-1438,1,Pulsar Timing,2011,0.09070629300,0.0044000000,,382.80000000,1200.00000000,259.7919708,-14.6336000,,4500.00,1.400000,
PSR J2322-2650 b,PSR J2322-2650,1,Pulsar Timing,2017,0.32296399700,0.0102000000,13.90000000,252.64306700,230.00000000,350.6443481,-26.8495331,,,1.400000,
PZ Tel b,PZ Tel,1,Imaging,2023,44000.00000000000,27.0000000000,11.90000000,8581.36698900,47.06480000,283.2745823,-50.1808952,G9 IV,5169.00,1.360000,1.256460
Qatar-1 b,Qatar-1,1,Transit,2010,1.42002420000,0.0233200000,12.81188700,411.27202000,185.61500000,303.3818697,65.1623313,,5013.00,0.838000,0.803000
Qatar-10 b,Qatar-10,1,Transit,2019,1.64532100000,0.0286000000,17.29548700,233.92288000,559.06800000,284.4439052,69.5708373,F7 V,6124.00,1.156000,1.254000
Qatar-2 b,Qatar-2,1,Transit,2011,1.33711647000,0.0215300000,14.05600000,792.63500000,181.37400000,207.6554928,-6.8040714,,4645.00,0.743000,0.776000
Qatar-3 b,Qatar-3,1,Transit,2017,2.50792040000,0.0378300000,12.28506400,1369.84730000,735.60100000,359.1519716,36.2129562,G0 V,6007.00,1.145000,1.272000
Qatar-4 b,Qatar-4,1,Transit,2017,1.80535640000,0.0280300000,12.72221500,1938.76300000,329.03600000,4.8592750,44.0275965,K1 V,5215.00,0.896000,0.849000
Qatar-5 b,Qatar-5,1,Transit,2017,2.87923190000,0.0412700000,12.40836300,1373.02560000,367.65800000,7.0539375,42.0613451,G2 V,5747.00,1.128000,1.076000
Qatar-6 b,Qatar-6,1,Transit,2017,3.50619500000,0.0423000000,11.90395800,212.31044000,100.84800000,222.2100773,22.1526136,K2 V,5052.00,0.822000,0.722000
Qatar-7 b,Qatar-7,1,Transit,2019,2.03204600000,0.0352000000,19.05530000,597.52040000,705.98100000,358.5151344,37.0218242,F4 V,6387.00,1.409000,1.564000
Qatar-8 b,Qatar-8,1,Transit,2019,3.71495000000,0.0474000000,14.40356500,117.91493000,281.49800000,157.4123405,70.5270835,G0 V,5738.00,1.029000,1.315000
Qatar-9 b,Qatar-9,1,Transit,2019,1.54073100000,0.0234000000,11.30988100,378.21770000,213.77100000,160.7480950,60.9641194,K5 V,4309.00,0.719000,0.696000
rho CrB b,rho CrB,3,Radial Velocity,1997,39.84900000000,0.2245000000,13.70000000,347.99500000,17.46710000,240.2600639,33.3001861,G0,5817.00,1.000000,1.361700
rho CrB c,rho CrB,3,Radial Velocity,2016,102.03600000000,0.4206000000,5.68000000,27.44200000,17.46710000,240.2600639,33.3001861,G0,5817.00,1.000000,1.361700
rho CrB e,rho CrB,3,Radial Velocity,2023,12.90400000000,0.1061000000,1.75000000,3.71000000,17.46710000,240.2600639,33.3001861,G0,5817.00,1.000000,1.361700
Ross 128 b,Ross 128,1,Radial Velocity,2017,9.86580000000,0.0496000000,1.11000000,1.40000000,3.37454000,176.9376036,0.7992898,M4,3192.00,0.168000,0.196700
Ross 176 b,Ross 176,1,Transit,2025,5.00663380000,0.0464000000,1.84000000,4.57000000,46.44880000,305.6897438,47.3086191,K7 V,4041.00,0.577000,0.569000
Ross 458 c,Ross 458,1,Imaging,2010,,1100.0000000000,14.01125000,1906.98000000,11.50940000,195.1912147,12.3755996,M2,3965.42,0.556419,0.562566
Ross 508 b,Ross 508,1,Radial Velocity,2022,10.77000000000,0.0536600000,1.83000000,4.00000000,11.21030000,230.9613022,17.4605347,M4.5 V,3071.00,0.177400,0.211300
ROXs 12 b,ROXs 12,1,Imaging,2013,,210.0000000000,12.20000000,5085.00000000,136.65000000,246.6167993,-25.4466950,M0,3850.00,0.870000,1.066270
ROXs 42 B b,ROXs 42 B,1,Imaging,2013,,157.0000000000,12.50000000,2860.00000000,143.59000000,247.8125493,-24.5455770,M0,3433.00,1.000000,1.336580
RR Cae b,RR Cae,1,Eclipse Timing Variations,2012,4343.50000000000,5.3000000000,13.00000000,1334.88600000,21.19160000,65.2733756,-48.6542601,M,3904.00,0.440000,0.193119
SPECULOOS-3 b,SPECULOOS-3,1,Transit,2024,0.71912603000,0.0073300000,0.97700000,0.89400000,,312.3632611,33.6123832,M6.5+/-0.5,2800.00,0.100900,0.123000
SR 12 AB c,SR 12 AB,1,Imaging,2010,,,12.30000000,4131.62000000,112.31721584,246.8312363,-24.6946687,,3828.93,,1.103075
SWEEPS-11 b,SWEEPS-11,1,Transit,2006,1.79600000000,0.0300000000,12.66600000,3082.82000000,8500.00000000,269.7583333,-29.1981944,,,1.100000,1.450000
SWEEPS-4 b,SWEEPS-4,1,Transit,2006,4.20000000000,0.0550000000,9.07900000,1207.70000000,8500.00000000,269.7246667,-29.1890556,,,1.240000,1.180000
TAP 26 b,TAP 26,1,Radial Velocity,2017,10.79000000000,0.0968000000,13.50000000,527.59780000,121.40200000,64.7154450,17.3878826,,4620.00,1.040000,1.170000
tau Boo b,tau Boo,1,Radial Velocity,1996,3.31245680000,0.0490000000,12.80000000,1891.00000000,15.65210000,206.8134593,17.4571647,F7 V,6466.27,1.320000,1.425880
tau Cet f,tau Cet,3,Radial Velocity,2017,636.13000000000,1.3340000000,1.81000000,3.93000000,3.60304000,26.0093029,-15.9337987,G8.5V,5310.00,0.783000,0.830000
tau Cet g,tau Cet,3,Radial Velocity,2017,20.00000000000,0.1330000000,1.18000000,1.75000000,3.60304000,26.0093029,-15.9337987,G8.5V,5310.00,0.783000,0.830000
tau Cet h,tau Cet,3,Radial Velocity,2017,49.41000000000,0.2430000000,1.19000000,1.83000000,3.60304000,26.0093029,-15.9337987,G8.5V,5310.00,0.783000,0.830000
tau Gem b,tau Gem,1,Radial Velocity,2013,305.50000000000,1.1700000000,12.10000000,6547.00000000,112.53700000,107.7847232,30.2449545,K2 III,4388.00,2.300000,26.800000
TCP J05074264+2447555 b,TCP J05074264+2447555,1,Microlensing,2018,,0.9400000000,4.72000000,20.00000000,505.00000000,76.9280000,24.7989611,,5805.00,0.586000,1.424870
Teegarden's Star b,Teegarden's Star,3,Radial Velocity,2019,4.90634000000,0.0259000000,1.05000000,1.16000000,3.83078000,43.2691449,16.8649024,M7.0 V,3034.00,0.097000,0.120000
Teegarden's Star c,Teegarden's Star,3,Radial Velocity,2019,11.41600000000,0.0455000000,1.02000000,1.05000000,3.83078000,43.2691449,16.8649024,M7.0 V,3034.00,0.097000,0.120000
Teegarden's Star d,Teegarden's Star,3,Radial Velocity,2024,26.13000000000,0.0791000000,0.95400000,0.82000000,3.83078000,43.2691449,16.8649024,M7.0 V,3034.00,0.097000,0.120000
TIC 117642575 b,TIC 117642575,1,Transit,2026,4.94459060181,,2.82716337,8.38000000,188.75800000,9.4800698,-37.0662905,,5719.98,1.060000,1.081020
TIC 139270665 b,TIC 139270665,2,Transit,2024,23.62400000000,0.1630000000,7.22979255,147.15455244,189.87500000,124.0338967,33.2914532,G2,5844.00,1.035000,1.016000
TIC 139270665 c,TIC 139270665,2,Radial Velocity,2024,1010.00000000000,2.0000000000,12.90000000,1554.18091023,189.87500000,124.0338967,33.2914532,G2,5844.00,1.035000,1.016000
TIC 139702105 b,TIC 139702105,1,Transit,2026,6.83601903383,,2.45316949,6.59000000,91.78840000,66.4980340,-18.2145450,,5742.35,0.900000,1.254230
TIC 142589416 b,TIC 142589416,1,Transit,2026,2.09518466313,,2.67899519,7.65000000,168.93300000,168.2439697,73.8301439,,4396.27,0.641000,0.713832
TIC 147027702 b,TIC 147027702,1,Transit,2026,44.40523000000,0.2740000000,10.92875618,346.43296363,457.18600000,161.7728559,-43.9317971,,6410.00,1.406000,2.136000
TIC 150070085 b,TIC 150070085,1,Transit,2026,10.47423000000,,3.62000000,12.80000000,204.36800000,110.1432005,53.5469842,,5999.00,1.160000,1.086000
TIC 153919886 b,TIC 153919886,1,Transit,2026,2.10510492329,,2.70601108,7.78000000,132.33000000,171.8440734,68.1810449,,4137.16,0.581261,0.591697
TIC 154870955 b,TIC 154870955,1,Transit,2026,7.96987471280,,3.09467466,9.77000000,226.46300000,191.7456685,88.8298759,,4739.58,0.828000,0.724328
TIC 160113658 b,TIC 160113658,1,Transit,2026,6.72952262077,,3.49015778,12.00000000,200.15600000,59.4555606,-41.6320332,,4817.31,0.760000,0.789834
TIC 161045582 b,TIC 161045582,1,Transit,2026,8.85577189959,,2.24566738,5.67000000,162.24600000,223.6258514,49.0977250,,5683.87,1.040000,1.079760
TIC 172900988 b,TIC 172900988 Aa,1,Transit,2021,200.45200000000,0.9028100000,11.25000000,942.00000000,250.95600000,128.6616644,31.5539793,F9,6050.00,1.238400,1.384200
TIC 178172313 b,TIC 178172313,1,Transit,2026,4.37318161360,,2.80405322,8.27000000,178.13700000,43.4062672,-32.0770480,,5405.59,0.910000,0.843450
TIC 183374187 b,TIC 183374187,1,Transit,2026,5.05907000000,,14.03364384,177.98390792,1208.75000000,357.6160382,-41.4124228,,5768.00,0.853000,1.344000
TIC 188624430 b,TIC 188624430,1,Transit,2026,6.21860433132,,3.64811843,12.90000000,300.74300000,258.5566927,53.7060189,,5369.46,0.929000,0.786574
TIC 18942729 b,TIC 18942729,1,Transit,2026,0.99817838064,,2.00021315,4.66000000,115.16900000,119.2150697,16.6772341,,4360.11,0.652000,0.825257
TIC 198190129 b,TIC 198190129,1,Transit,2026,7.94804910667,,2.92284949,8.87000000,130.03500000,246.3322839,60.3771414,,4377.53,0.638000,0.640675
TIC 206466666 b,TIC 206466666,1,Transit,2026,9.10486865159,,2.14817673,5.26000000,127.83700000,56.7694828,-52.3667509,,4620.30,0.760000,0.667193
TIC 231949697 b,TIC 231949697,1,Transit,2026,0.90720448719,,1.52831855,2.95000000,50.24080000,94.2576817,-43.3661845,,3451.32,0.490679,0.492584
TIC 237913194 b,TIC 237913194,1,Transit,2020,15.16886500000,0.1207000000,12.52045300,617.22586000,306.06300000,22.4458116,-60.7399096,G3,5788.00,1.026000,1.088000
TIC 241249530 b,TIC 241249530,1,Transit,2024,165.77190000000,0.6410000000,13.29385111,1582.78546686,324.44800000,95.3088995,53.2950203,,6166.00,1.271000,1.397000
TIC 245076932 b,TIC 245076932,1,Transit,2026,21.61389000000,0.1570000000,10.87271128,162.09248757,303.96000000,198.0634857,-51.2144330,,6130.00,1.117000,1.288000
TIC 24750448 b,TIC 24750448,2,Transit,2026,3.59159193029,,2.43722231,6.51000000,178.14600000,26.1958598,-68.6447552,,4545.43,0.690000,0.713599
TIC 24750448 c,TIC 24750448,2,Transit,2026,10.14385270726,,3.09028272,9.75000000,178.14600000,26.1958598,-68.6447552,,4545.43,0.690000,0.713599
TIC 249022743 b,TIC 249022743,1,Transit,2026,2.25719681538,,4.79568155,20.60000000,396.46000000,78.5762192,-3.4466123,,5567.58,1.000000,1.208400
TIC 257060897 b,TIC 257060897,1,Transit,2021,3.66003639000,0.0492200000,17.26183028,201.50321004,505.70300000,227.5321527,72.7103128,F,5993.00,1.187000,1.863000
TIC 260969020 b,TIC 260969020,1,Transit,2026,8.48584501953,,2.22686612,5.59000000,121.22200000,74.9407148,-79.5859489,,4572.94,0.750000,0.689880
TIC 270471727 b,TIC 270471727,1,Transit,2026,10.45623256647,,2.75029559,8.00000000,182.10400000,97.2114071,-78.4730589,,5271.39,0.900000,0.997091
TIC 279401253 b,TIC 279401253,2,Transit,2023,76.80000000000,0.3690000000,11.20898070,1951.46641898,285.58400000,57.6572277,-15.0262251,,5951.00,1.130000,1.060000
TIC 279401253 c,TIC 279401253,2,Transit,2023,155.30000000000,0.5910000000,12.60000000,2548.98382414,285.58400000,57.6572277,-15.0262251,,5951.00,1.130000,1.060000
TIC 290487717 b,TIC 290487717,1,Transit,2026,3.40081822900,,6.63777941,35.70000000,395.57400000,139.0870563,2.5508053,,5328.97,0.920000,0.943767
TIC 294329732 b,TIC 294329732,1,Transit,2026,9.75658761810,,2.07692266,4.97000000,189.33300000,109.1177907,-58.2371507,,5201.93,0.890000,0.920172
TIC 32032563 b,TIC 32032563,1,Transit,2026,13.83460487791,,3.47739942,11.90000000,507.85800000,56.0905221,-68.8580554,,5567.93,1.050000,1.001880
TIC 320419023 b,TIC 320419023,1,Transit,2026,5.26375651589,,2.77280763,8.11000000,288.89300000,118.0726215,11.8241773,,5703.36,1.056000,0.952319
TIC 34085383 b,TIC 34085383,1,Transit,2026,3.47793368523,,3.91982296,14.60000000,149.12000000,59.2353630,-7.3757198,,4694.84,0.733000,0.809951
TIC 349520724 b,TIC 349520724,1,Transit,2026,7.94044635021,,2.82626313,8.38000000,241.10500000,111.2314215,-64.6398433,,5098.60,0.890000,0.818771
TIC 356227008 b,TIC 356227008,1,Transit,2026,2.96147448702,,2.39024009,6.30000000,387.60900000,267.2508238,50.1308080,,5731.86,1.020000,0.959792
TIC 365102760 b,TIC 365102760,1,Transit,2024,4.21285367000,0.0622000000,6.21000000,19.20000000,555.54600000,305.8398236,54.3943194,,4900.00,1.170000,3.130000
TIC 38825265 b,TIC 38825265,1,Transit,2026,3.31336980985,,2.18869476,5.43000000,165.63800000,68.2492759,-65.2039666,,4375.52,0.640000,0.664503
TIC 38828280 b,TIC 38828280,1,Transit,2026,4.85558984762,,2.62701629,7.40000000,286.41500000,68.3926457,-62.1697135,,5046.63,0.840000,0.741147
TIC 390586021 b,TIC 390586021,1,Transit,2026,2.74703755819,,2.86009388,8.55000000,114.55800000,199.8225789,-31.4655097,,4434.81,0.648000,0.726565
TIC 393818343 b,TIC 393818343,1,Transit,2024,16.24921000000,0.1291000000,12.18416202,1379.37528638,93.73450000,310.2917002,3.6382967,G0,5756.00,1.082000,1.086000
TIC 423703298 b,TIC 423703298,1,Transit,2026,4.03712711976,,2.77230429,8.11000000,136.19100000,22.9360486,-17.0135676,,4540.37,0.691000,0.729825
TIC 434398831 b,TIC 434398831,2,Transit,2025,3.68550400000,0.0464100000,3.51000000,12.10000000,217.01100000,93.9592639,16.0238459,G4 V,5638.00,0.992000,0.909000
TIC 434398831 c,TIC 434398831,2,Transit,2025,6.21029100000,0.0657200000,5.63000000,27.00000000,217.01100000,93.9592639,16.0238459,G4 V,5638.00,0.992000,0.909000
TIC 437041147 b,TIC 437041147,1,Transit,2026,3.82301421497,,2.21526814,5.54000000,246.60000000,132.9480195,6.7648369,,5224.36,0.931000,0.961092
TIC 445839811 b,TIC 445839811,1,Transit,2026,11.10862603180,,2.47771211,6.70000000,235.65500000,200.1188173,48.4072699,,5408.25,0.950000,0.850041
TIC 46432937 b,TIC 46432937,1,Transit,2024,1.44044527000,0.0206500000,13.31626907,1017.05090240,90.53690000,83.8689794,-14.5971909,,3572.00,0.563000,0.529900
TIC 4672985 b,TIC 4672985,1,Transit,2024,69.04800000000,0.3300000000,11.50041420,4049.13390518,253.38500000,38.4706782,-10.6573827,,5757.00,1.010000,1.150000
TIC 52059926 b,TIC 52059926,1,Transit,2026,175.53200000000,0.5530000000,10.71000000,5380.00000000,216.58100000,16.7726869,-68.3681031,K4.5 V,4505.00,0.730000,0.720000
TIC 62895484 b,TIC 62895484,1,Transit,2026,2.83985434327,,3.49391667,12.00000000,294.85700000,116.6385519,22.5903733,,5520.79,0.980000,0.874291
TIC 65612701 b,TIC 65612701,1,Transit,2026,10.22467974953,,5.07802804,22.70000000,151.62400000,310.4738195,36.3388288,,5692.29,1.060000,1.737090
TIC 67686059 b,TIC 67686059,1,Transit,2026,3.52163529551,,2.59125922,7.23000000,249.20300000,19.8843370,-35.2930148,,5090.09,0.860000,0.820458
TIC 77319217 b,TIC 77319217,1,Transit,2026,7.54830765124,,3.10879526,9.85000000,267.62000000,71.0406969,-39.8976018,,5961.52,1.160000,1.184390
TIC 77552382 b,TIC 77552382,1,Transit,2026,3.51025904942,,5.69176189,27.50000000,373.41500000,152.5133767,-4.9035250,,4981.07,0.830000,0.886956
TIC 86380416 b,TIC 86380416,1,Transit,2026,6.04086434610,,2.41236120,6.40000000,244.68000000,145.1603760,65.7327948,,5723.74,1.070000,0.989724
TIC 87422071 b,TIC 87422071,1,Transit,2026,11.36492900000,0.1060000000,10.86150230,409.99864503,384.75800000,273.0346013,-44.2434042,,6150.00,1.239000,1.489000
TIC 88692598 b,TIC 88692598,1,Transit,2026,2.64909436758,,1.81295951,3.94000000,73.52580000,149.2109097,47.7706699,,3483.17,0.529218,0.532473
TIC 88785435 b,TIC 88785435,1,Transit,2025,10.50884300000,0.0843200000,5.03000000,22.30000000,122.38600000,224.2838576,-30.8800273,K7 V,3998.00,0.724000,0.911000
TIC 9344899 b,TIC 9344899,1,Transit,2026,8.58215660000,0.0815000000,9.16000000,6170.00000000,532.22800000,72.7939340,-8.4473205,G3 V,5800.00,0.980000,1.060000
TOI-1011 b,TOI-1011,1,Transit,2025,2.47049800000,,1.45000000,4.04000000,52.62000000,113.9847611,-32.8419988,,5475.00,0.910000,0.920000
TOI-1036 b,TOI-1036,1,Transit,2026,3.77952125496,,6.28499593,32.50000000,184.01500000,157.8671116,-42.2404483,,5664.68,1.030000,1.175540
TOI-1052 b,TOI-1052,2,Transit,2023,9.13970300000,0.0910300000,2.87000000,16.90000000,129.80400000,337.5102738,-75.6465606,,6146.00,1.204000,1.264000
TOI-1052 c,TOI-1052,2,Radial Velocity,2023,35.80600000000,0.2263000000,6.48000000,34.30000000,129.80400000,337.5102738,-75.6465606,,6146.00,1.204000,1.264000
TOI-1054.01,TOI-1054,1,Transit,2021,15.50778550000,,2.43432000,6.50000000,88.43430000,302.1141738,-54.3175014,,6122.00,1.140000,1.170000
TOI-1062 b,TOI-1062,2,Transit,2021,4.11296000000,0.0520000000,2.26500000,10.15000000,82.17330000,38.1209678,-78.0236828,G9 V,5328.00,0.940000,0.840000
TOI-1062 c,TOI-1062,2,Radial Velocity,2021,7.97200000000,0.0800000000,3.10000000,9.78000000,82.17330000,38.1209678,-78.0236828,G9 V,5328.00,0.940000,0.840000
TOI-1064 b,TOI-1064,2,Transit,2022,6.44386800000,0.0615200000,2.58700000,13.50000000,68.07260000,296.0039349,-47.5620305,,4734.00,0.748000,0.726000
TOI-1064 c,TOI-1064,2,Transit,2022,12.22657400000,0.0942900000,2.65100000,2.50000000,68.07260000,296.0039349,-47.5620305,,4734.00,0.748000,0.726000
TOI-1075 b,TOI-1075,1,Transit,2022,0.60473280000,0.0115900000,1.79100000,9.95000000,61.45920000,309.9712091,-65.4496994,K9 V/M0 V,3875.00,0.604000,0.581000
TOI-1080 b,TOI-1080,1,Transit,2026,3.96524820000,0.0272000000,1.20000000,10.70000000,25.55900000,276.3683249,-52.2145730,M4.0&plusmn;1.0 V,3065.00,0.166700,0.201900
TOI-1105 b,TOI-1105,1,Transit,2026,10.86818410933,,3.05823658,9.58000000,79.52250000,146.0539694,-89.4715133,,4678.46,0.740000,0.755833
TOI-1107 b,TOI-1107,1,Transit,2022,4.07823870000,0.0561000000,14.57167491,1064.72516345,281.31400000,155.6078632,-82.2188693,F6 V,6311.00,1.350000,1.810000
TOI-1117 b,TOI-1117,3,Transit,2025,2.22816000000,0.0330000000,2.46000000,8.90000000,167.59800000,273.6020606,-66.4199742,G5 V,5635.00,0.970000,1.050000
TOI-1117 c,TOI-1117,3,Radial Velocity,2025,4.57900000000,0.0534000000,2.91000000,8.78000000,167.59800000,273.6020606,-66.4199742,G5 V,5635.00,0.970000,1.050000
TOI-1117 d,TOI-1117,3,Radial Velocity,2025,8.66500000000,0.0817000000,3.27000000,10.71000000,167.59800000,273.6020606,-66.4199742,G5 V,5635.00,0.970000,1.050000
TOI-1130 b,TOI-1130,2,Transit,2020,4.07455400000,0.0453000000,3.66000000,19.80000000,58.26090000,286.3760037,-41.4376399,K6-K7,4360.00,0.745000,0.697000
TOI-1130 c,TOI-1130,2,Transit,2020,8.35018980000,0.0731000000,13.00000000,336.00000000,58.26090000,286.3760037,-41.4376399,K6-K7,4360.00,0.745000,0.697000
TOI-1135 b,TOI-1135,1,Transit,2024,8.02773270000,0.0815000000,9.91994792,58.79825529,114.04800000,193.3963704,85.1294952,G0,6320.00,1.119000,1.202000
TOI-1136 b,TOI-1136,6,Transit,2022,4.17270000000,0.0510600000,1.90000000,3.50000000,84.53620000,192.1848981,64.8552755,,5770.00,1.022000,0.968000
TOI-1136 c,TOI-1136,6,Transit,2022,6.25740000000,0.0669000000,2.87900000,6.32000000,84.53620000,192.1848981,64.8552755,,5770.00,1.022000,0.968000
TOI-1136 d,TOI-1136,6,Transit,2022,12.51990000000,0.1062000000,4.62700000,8.35000000,84.53620000,192.1848981,64.8552755,,5770.00,1.022000,0.968000
TOI-1136 e,TOI-1136,6,Transit,2022,18.80100000000,0.1400000000,2.63900000,6.07000000,84.53620000,192.1848981,64.8552755,,5770.00,1.022000,0.968000
TOI-1136 f,TOI-1136,6,Transit,2022,26.32100000000,0.1740000000,3.73591482,9.70000000,84.53620000,192.1848981,64.8552755,,5770.00,1.022000,0.968000
TOI-1136 g,TOI-1136,6,Transit,2022,39.54500000000,0.2290000000,2.53000000,5.60000000,84.53620000,192.1848981,64.8552755,,5770.00,1.022000,0.968000
TOI-1173 b,TOI-1173,1,Transit,2024,7.06466000000,0.0696000000,9.19000000,27.40000000,132.35300000,197.6830975,70.7680117,G9,5350.00,0.911000,0.934000
TOI-1174 b,TOI-1174,1,Transit,2024,8.95348768300,0.0799400000,2.56200000,32.00000000,94.63750000,209.2171751,68.6182106,,5030.00,0.850000,0.760000
TOI-1180 b,TOI-1180,1,Transit,2024,9.68676037800,0.0807990000,3.07200000,10.00000000,72.02380000,214.5557741,82.1937642,,4738.00,0.750000,0.730000
TOI-1181 b,TOI-1181,1,Transit,2022,2.10318900000,0.0364000000,17.02644168,374.71969185,302.81900000,297.2158166,64.3543506,F9 IV,6054.00,1.467000,1.961000
TOI-1184 b,TOI-1184,1,Transit,2024,5.74843380300,0.0560270000,2.39000000,6.80000000,58.59460000,272.2045196,60.6787845,,4534.00,0.710000,0.690000
TOI-1194 b,TOI-1194,1,Transit,2023,2.31064460000,0.0340000000,8.71664516,120.00000000,149.66700000,167.8214811,69.9647749,,5394.00,0.983500,0.960800
TOI-1199 b,TOI-1199,1,Transit,2024,3.67146300000,0.0498800000,10.51402390,75.96098927,248.42700000,166.8806581,61.3525723,,5710.00,1.230000,1.450000
TOI-1201 b,TOI-1201,1,Transit,2021,2.49198630000,0.0287000000,2.41500000,6.28000000,37.88710000,42.2476999,-14.5372835,M2.0 V,3476.00,0.512000,0.508000
TOI-1203 b,TOI-1203,4,Radial Velocity,2025,4.15728880000,0.0486900000,1.52000000,3.51000000,64.99430000,168.2267358,-34.4069371,G3 V,5737.00,0.886000,1.179000
TOI-1203 c,TOI-1203,4,Radial Velocity,2025,13.07660000000,,2.20000000,5.46000000,64.99430000,168.2267358,-34.4069371,G3 V,5737.00,0.886000,1.179000
TOI-1203 e,TOI-1203,4,Radial Velocity,2025,204.59000000000,,7.31000000,42.10000000,64.99430000,168.2267358,-34.4069371,G3 V,5737.00,0.886000,1.179000
TOI-1203.01,TOI-1203,4,Transit,2021,25.50267200000,0.1632000000,2.91800000,7.39000000,64.99430000,168.2267358,-34.4069371,G3 V,5737.00,0.886000,1.179000
TOI-122 b,TOI-122,1,Transit,2020,5.07803000000,0.0392000000,2.72000000,7.85000000,62.11800000,332.9482355,-58.9460850,M3 V,3403.00,0.312000,0.334000
TOI-1221 b,TOI-1221,1,Transit,2023,91.68278000000,0.3870000000,2.91000000,1112.39942450,138.41100000,107.9210254,-65.5088568,,5592.00,0.930000,1.031000
TOI-1224 b,TOI-1224,2,Transit,2024,4.17827450000,0.0355000000,2.10400000,5.08000000,37.33120000,37.1978356,-80.8991053,,3326.00,0.400000,0.404000
TOI-1224 c,TOI-1224,2,Transit,2024,17.94546600000,,2.88400000,8.67000000,37.33120000,37.1978356,-80.8991053,,3326.00,0.400000,0.404000
TOI-1226 b,TOI-1226,1,Transit,2026,3.92880881576,,2.41011120,6.39000000,257.93000000,103.7548364,-69.8671293,,5434.91,1.010000,0.986943
TOI-1227 b,TOI-1227,1,Transit,2022,27.36397000000,0.0886000000,9.57246952,66.50000000,100.64100000,186.7673635,-72.4518501,M4.5V-M5V,3072.00,0.170000,0.560000
TOI-1230.01,TOI-1230,1,Transit,2021,25.05713123288,,3.23968384,10.60000000,143.13800000,118.1295936,-83.8250629,,5696.00,1.140000,1.152810
TOI-1231 b,TOI-1231,1,Transit,2021,24.24558600000,0.1288000000,3.65000000,15.40000000,27.62270000,156.7472600,-52.4678724,M3 V,3553.00,0.485000,0.476000
TOI-1232 b,TOI-1232,2,Transit,2026,14.25600000000,0.1170000000,10.92875618,220.57291446,328.60400000,116.5013990,-61.8797935,G1 V,5823.00,1.058000,1.072000
TOI-1232 c,TOI-1232,2,Transit Timing Variations,2026,30.35600000000,0.1940000000,8.88000000,58.48042689,328.60400000,116.5013990,-61.8797935,G1 V,5823.00,1.058000,1.072000
TOI-1233.01,HD 108236,5,Transit,2021,14.17568500000,0.1074000000,2.53900000,6.98000000,64.59780000,186.5740627,-51.3630519,G3 V,5660.00,0.869000,0.877000
TOI-1235 b,TOI-1235,1,Transit,2020,3.44471400000,0.0384500000,1.69000000,6.69000000,39.63450000,152.2182549,69.2766204,M0.5 V,3997.00,0.630000,0.619000
TOI-1238 b,TOI-1238,2,Transit,2022,0.76459700000,0.0139000000,1.21000000,3.76000000,70.71450000,201.3823387,68.8360678,K7/M0,4089.00,0.590000,0.580000
TOI-1238 c,TOI-1238,2,Transit,2022,3.29473600000,0.0370000000,2.11000000,8.32000000,70.71450000,201.3823387,68.8360678,K7/M0,4089.00,0.590000,0.580000
TOI-1243 b,TOI-1243,1,Transit,2026,4.65947790000,,2.33000000,7.70000000,43.18650000,135.7326412,71.6364158,M2.0 V,3515.00,0.515000,0.511000
TOI-1244 b,TOI-1244,1,Transit,2024,6.40031648300,0.0606940000,2.46700000,6.60000000,102.55100000,256.2795590,69.5190930,,4599.00,0.730000,0.721000
TOI-1246 b,TOI-1246,4,Transit,2022,4.30744000000,0.0490000000,3.01000000,8.10000000,169.42200000,251.1158702,70.4299917,K V,5151.00,0.870000,0.860000
TOI-1246 c,TOI-1246,4,Transit,2022,5.90413700000,0.0610000000,2.45109846,9.10000000,169.42200000,251.1158702,70.4299917,K V,5213.00,0.888900,0.864900
TOI-1246 d,TOI-1246,4,Transit,2022,18.65487400000,0.1320000000,3.43139739,5.40000000,169.42200000,251.1158702,70.4299917,K V,5213.00,0.888900,0.864900
TOI-1246 e,TOI-1246,4,Transit,2022,37.92548000000,0.2120000000,3.51418750,14.50000000,169.42200000,251.1158702,70.4299917,K V,5213.00,0.888900,0.864900
TOI-1248 b,TOI-1248,1,Transit,2024,4.36015610000,0.0510000000,6.80848590,27.40000000,168.73500000,259.0235918,63.1056072,,5205.00,0.904200,0.868600
TOI-1249 b,TOI-1249,1,Transit,2024,13.07915100000,0.1090000000,3.27103010,11.90000000,139.49000000,200.5615762,66.3085331,,5497.00,1.006200,0.978500
TOI-125 b,TOI-125,3,Transit,2019,4.65382000000,0.0518600000,2.72600000,9.50000000,111.05900000,23.5934253,-66.6763495,K0 V,5320.00,0.859000,0.848000
TOI-125 c,TOI-125,3,Transit,2019,9.15059000000,0.0814000000,2.75900000,6.63000000,111.05900000,23.5934253,-66.6763495,K0 V,5320.00,0.859000,0.848000
TOI-125 d,TOI-125,3,Transit,2020,19.98000000000,0.1370000000,2.93000000,13.60000000,111.05900000,23.5934253,-66.6763495,K0 V,5320.00,0.859000,0.848000
TOI-1259 A b,TOI-1259 A,1,Transit,2021,3.47797920000,0.0408000000,11.60000000,141.00000000,118.10600000,282.1001665,79.2564761,,4775.00,0.746000,0.715000
TOI-1260 b,TOI-1260,3,Transit,2021,3.12746300000,0.0367000000,2.41000000,8.56000000,73.59770000,157.1440712,65.8541986,K6 V,4227.00,0.679000,0.672000
TOI-1260 c,TOI-1260,3,Transit,2021,7.49313400000,0.0657000000,2.76000000,13.20000000,73.59770000,157.1440712,65.8541986,K6 V,4227.00,0.679000,0.672000
TOI-1260 d,TOI-1260,3,Transit,2022,16.60816400000,0.1116000000,3.12000000,11.84000000,73.59770000,157.1440712,65.8541986,K6 V,4227.00,0.679000,0.672000
TOI-1266 b,TOI-1266,3,Transit,2020,10.89450000000,0.0730000000,2.52000000,4.46000000,36.01180000,197.9965833,65.8336973,M2,3563.00,0.437000,0.423200
TOI-1266 c,TOI-1266,3,Transit,2020,18.80270000000,0.1050000000,1.98000000,3.17000000,36.01180000,197.9965833,65.8336973,M2,3563.00,0.437000,0.423200
TOI-1266 d,TOI-1266,3,Transit Timing Variations,2025,32.50900000000,0.1513000000,1.74000000,3.68000000,36.01180000,197.9965833,65.8336973,M2,3563.00,0.437000,0.423200
TOI-1268 b,TOI-1268,1,Transit,2022,8.15770940000,0.0711000000,9.10000000,96.40000000,109.55700000,198.3885831,62.3053799,K1-K2,5300.00,0.960000,0.920000
TOI-1269 b,TOI-1269,2,Transit,2024,4.25299130000,0.0496000000,2.40144286,6.40000000,172.13800000,249.6966397,64.5591810,,5499.00,0.902700,0.852100
TOI-1269 c,TOI-1269,2,Transit,2026,9.23786144195,,2.22999162,5.60000000,172.13800000,249.6966397,64.5591810,,5554.02,0.902700,0.848906
TOI-1272 b,TOI-1272,1,Transit,2022,3.31597650000,0.0410000000,4.26000000,24.10000000,137.57200000,199.1962036,49.8610591,K2 V - K3 V,4985.00,0.828000,0.800000
TOI-1273 b,TOI-1273,1,Transit,2024,4.63129600000,0.0549000000,11.09689089,70.55790635,177.11800000,214.1208564,58.3902534,,5690.00,1.060000,1.060000
TOI-1278 b,TOI-1278,1,Transit,2021,14.47567000000,0.0950000000,12.21778896,5879.82552950,75.57590000,320.4784442,35.6486250,M0 V,3799.00,0.540000,0.573000
TOI-1279 b,TOI-1279,1,Transit,2024,9.61419000000,0.0850000000,2.66146528,10.60000000,107.05500000,185.0628734,56.2014094,,5457.00,0.878400,0.842600
TOI-128.01,TOI-128,1,Transit,2024,4.94046810000,0.0538101900,2.21898000,5.56000000,68.47270000,79.5209381,-80.9643840,,6086.00,0.851969,1.130000
TOI-1288 b,TOI-1288,2,Transit,2022,2.69982790000,0.0374000000,4.96846551,44.10000000,114.86500000,313.1670294,65.6087833,G V,5388.00,0.955200,0.958300
TOI-1288 c,TOI-1288,2,Radial Velocity,2022,416.00000000000,1.0700000000,11.10000000,85.70000000,114.86500000,313.1670294,65.6087833,G V,5388.00,0.955200,0.958300
TOI-1291 b,TOI-1291,1,Transit,2026,7.16200975510,,5.63826391,27.10000000,428.12300000,245.8180089,62.9251213,,6139.95,1.200000,1.810900
TOI-1294 b,TOI-1294,2,Transit,2024,3.91529200000,0.0510000000,10.12369881,63.90000000,332.64800000,223.0926408,70.4765573,,5718.00,1.157800,1.556600
TOI-1294 c,TOI-1294,2,Radial Velocity,2024,159.90000000000,0.6100000000,14.30000000,147.00000000,332.64800000,223.0926408,70.4765573,,5718.00,1.157800,1.556600
TOI-1295 b,TOI-1295,1,Transit,2024,3.19688380000,0.0470000000,15.69257298,451.31633794,388.22700000,256.6722026,67.8715032,F,6280.00,1.380000,1.700000
TOI-1296 b,TOI-1296,1,Transit,2021,3.94437360000,0.0510000000,14.11645916,95.30000000,323.26500000,256.7706392,70.2384806,,5567.00,1.157600,1.703100
TOI-1298 b,TOI-1298,1,Transit,2021,4.53714300000,0.0570000000,9.65807033,99.00000000,319.03600000,241.3229012,70.1900397,,5752.00,1.218700,1.453600
TOI-1301.01,TOI-1301,1,Transit,2024,6.09640720900,0.0598660000,2.47700000,6.70000000,90.86930000,275.8625432,71.5817479,,4820.00,0.770000,0.732000
TOI-132 b,TOI-132,1,Transit,2020,2.10970190000,0.0260000000,3.42000000,22.40000000,163.67800000,338.3996623,-43.4368720,G8 V,5397.00,0.970000,0.900000
TOI-1333 b,TOI-1333,1,Transit,2021,4.72021900000,0.0626000000,15.64776400,753.25710000,200.49200000,325.0145363,48.4067674,,6274.00,1.464000,1.925000
TOI-1338 b,TOI-1338 A,2,Transit,2020,95.40010000000,0.4607000000,7.66100000,11.30000000,399.01700000,92.1330955,-59.5409853,F8,5723.20,1.093600,1.313000
TOI-1338 c,TOI-1338 A,2,Radial Velocity,2023,215.79000000000,0.7940000000,10.30000000,75.40000000,399.01700000,92.1330955,-59.5409853,F8,5723.20,1.093600,1.313000
TOI-1346 b,TOI-1346,2,Transit,2025,1.76225380000,,2.39000000,6.30000000,115.45000000,256.6226752,68.8433031,,5099.00,0.820000,0.780000
TOI-1346 c,TOI-1346,2,Transit,2025,5.50255800000,,2.23000000,5.60000000,115.45000000,256.6226752,68.8433031,,5099.00,0.820000,0.780000
TOI-1347 b,TOI-1347,2,Transit,2024,0.84742346000,0.0171000000,1.80000000,11.10000000,147.47600000,280.3266806,70.2900536,,5464.00,0.913000,0.830000
TOI-1347 c,TOI-1347,2,Transit,2024,4.84196200000,0.0546000000,1.60000000,6.40000000,147.47600000,280.3266806,70.2900536,,5464.00,0.913000,0.830000
TOI-1386 b,TOI-1386,2,Transit,2024,25.84010000000,0.1730000000,6.21638650,45.80000000,146.85800000,334.5041029,54.3190454,G5V,5735.00,1.036300,1.023500
TOI-1386 c,TOI-1386,2,Radial Velocity,2024,232.00000000000,0.7500000000,10.30000000,75.20000000,146.85800000,334.5041029,54.3190454,G5V,5735.00,1.036300,1.023500
TOI-139 b,TOI-139,1,Transit,2023,11.07085000000,,2.45660000,6.60000000,42.40610000,336.4024144,-34.9097131,,4570.00,0.690000,0.700700
TOI-1408 b,TOI-1408,2,Transit,2023,4.42587000000,0.0577800000,25.00000000,593.00000000,139.48400000,313.5110469,72.5806455,F8 V,6117.00,1.312000,1.530000
TOI-1408 c,TOI-1408,2,Transit Timing Variations,2024,2.16640000000,0.0358700000,2.22000000,7.60000000,139.48400000,313.5110469,72.5806455,F8 V,6117.00,1.312000,1.530000
TOI-1410 c,TOI-1410,2,Radial Velocity,2024,47.56000000000,0.2390000000,5.63000000,27.00000000,72.75120000,334.8828486,42.5603141,,4635.00,0.794100,0.755800
TOI-1410.01,TOI-1410,2,Transit,2024,1.21687000000,0.0207000000,3.10083009,12.50000000,72.75120000,334.8828486,42.5603141,,4635.00,0.794100,0.755800
TOI-1411 b,TOI-1411,1,Transit,2022,1.45205270000,0.0212200000,1.19880592,2.00000000,32.47780000,232.9460470,47.0555507,,4115.00,0.604500,0.614000
TOI-1416 b,TOI-1416,1,Transit,2023,1.06975680000,0.0190000000,1.62000000,3.48000000,55.01350000,216.9234892,41.9529862,G9 V,4884.00,0.798000,0.793000
TOI-1420 b,TOI-1420,1,Transit,2023,6.95610630000,0.0710000000,11.89000000,25.10000000,201.91800000,322.9418092,66.3490054,,5510.00,0.987000,0.923000
TOI-1422 b,TOI-1422,2,Transit,2022,12.99894000000,0.1070000000,3.83000000,9.50000000,155.14100000,354.2408290,39.6392793,G2 V,5840.00,0.990300,1.019000
TOI-1422 c,TOI-1422,2,Radial Velocity,2025,34.56330000000,0.2050000000,2.61000000,14.00000000,155.14100000,354.2408290,39.6392793,G2 V,5840.00,0.990300,1.019000
TOI-1431 b,TOI-1431,1,Transit,2021,2.65023700000,0.0460000000,16.70138124,991.62462984,148.92500000,316.2036922,55.5880221,Am C,7690.00,1.900000,1.920000
TOI-1437 b,TOI-1437,1,Transit,2024,18.84094200000,0.1400000000,2.24000000,9.60000000,103.29700000,256.1387513,56.8425490,,6008.00,1.100000,1.170000
TOI-1438 b,TOI-1438,2,Transit,2025,5.13967000000,0.0553000000,3.04000000,9.40000000,110.51300000,280.9237844,74.9378327,K0 V,5230.00,0.876000,0.820000
TOI-1438 c,TOI-1438,2,Transit,2025,9.42808900000,0.0830000000,2.75000000,10.60000000,110.51300000,280.9237844,74.9378327,K0 V,5230.00,0.876000,0.820000
TOI-1439 b,TOI-1439,1,Transit,2024,27.64400000000,0.1920000000,4.24278610,38.50000000,230.30600000,241.7639371,67.8776404,,5841.00,1.231300,1.618400
TOI-1442 b,TOI-1442,1,Transit,2022,0.40906770000,0.0071000000,1.17000000,1.71000000,41.16590000,287.2921006,74.1742762,,3330.00,0.290000,0.310000
TOI-1443 b,TOI-1443,1,Transit,2024,23.54067800000,0.1470000000,2.30381001,30.00000000,85.80340000,297.3986780,76.1391776,,5224.00,0.766300,0.751100
TOI-1444 b,TOI-1444,1,Transit,2021,0.47027430000,0.0116000000,1.41792246,3.58000000,125.46300000,305.4749252,70.9437054,G,5460.00,0.951300,0.910500
TOI-1448 b,TOI-1448,1,Transit,2024,8.11224500000,0.0567000000,2.74900000,19.50000000,73.33450000,316.3240030,57.7710946,,3412.00,0.372000,0.380000
TOI-1450 A b,TOI-1450 A,2,Transit,2024,2.04392740000,,1.13000000,1.25800000,22.44670000,286.8540627,59.0866254,M3.0 V,3437.00,0.480000,0.483000
TOI-1450 A c,TOI-1450 A,2,Transit,2024,5.06880000000,,1.13000000,1.52700000,22.44670000,286.8540627,59.0866254,M3.0 V,3437.00,0.480000,0.483000
TOI-1451 b,TOI-1451,1,Transit,2024,16.53794400000,0.1270000000,2.61143902,15.20000000,91.93620000,186.5242821,61.2589289,,5801.00,1.002200,1.016200
TOI-1452 b,TOI-1452,1,Transit,2022,11.06201000000,0.0610000000,1.67200000,4.82000000,30.52120000,290.1739741,73.1951082,M4 +/- 0.5 V,3185.00,0.249000,0.275000
TOI-1453 b,TOI-1453,2,Transit,2025,4.31352250000,,1.17300000,2.32000000,78.74150000,258.2232705,57.1977779,,4975.00,0.715000,0.720000
TOI-1453 c,TOI-1453,2,Transit,2025,6.58869820000,,2.22400000,2.95000000,78.74150000,258.2232705,57.1977779,,4975.00,0.715000,0.720000
TOI-1466 b,TOI-1466,1,Transit,2026,1.87190602231,,2.46741991,6.65000000,86.57830000,307.3965319,61.5507253,,4435.39,0.660000,0.749646
TOI-1467 b,TOI-1467,1,Transit,2024,5.97114713000,0.0507480000,1.92000000,9.00000000,37.44180000,19.1146441,49.2331382,,3834.00,0.489000,0.491000
TOI-1468 b,TOI-1468,2,Transit,2022,1.88052010000,0.0210700000,1.40100000,3.04000000,24.73990000,16.6538724,19.2249195,M3.0 V,3376.00,0.352700,0.371400
TOI-1468 c,TOI-1468,2,Transit,2022,15.53247700000,0.0860800000,2.12600000,4.10000000,24.73990000,16.6538724,19.2249195,M3.0 V,3376.00,0.352700,0.371400
TOI-1470 b,TOI-1470,2,Transit,2023,2.52709300000,0.0285000000,2.18000000,7.32000000,51.95030000,10.0891431,61.2133868,M1.5 V,3709.00,0.471000,0.469000
TOI-1470 c,TOI-1470,2,Transit,2023,18.08816000000,0.1060000000,2.47000000,7.24000000,51.95030000,10.0891431,61.2133868,M1.5 V,3709.00,0.471000,0.469000
TOI-1472 b,TOI-1472,2,Transit,2024,6.36338574000,0.0640000000,4.05800000,18.05000000,121.84000000,14.1142611,48.6375168,,5100.00,0.870000,0.840000
TOI-1472 c,TOI-1472,2,Radial Velocity,2025,15.53817470000,0.1160000000,3.33400000,21.13000000,121.84000000,14.1142611,48.6375168,,5100.00,0.870000,0.840000
TOI-1478 b,TOI-1478,1,Transit,2021,10.18021170000,0.0818000000,11.99360935,279.68899816,152.89200000,126.4337428,-13.5595485,,5597.00,0.947000,1.048000
TOI-150.01,TOI-150,1,Transit,2019,5.85748700000,0.0703700000,14.06729500,797.75330000,336.26700000,112.9654210,-73.6060358,F,6255.00,1.351000,1.526000
TOI-1516 b,TOI-1516,1,Transit,2022,2.05601400000,,15.24421375,1004.33776612,247.05400000,340.0846204,69.5037313,F8 V,6520.00,1.140000,1.140000
TOI-1518 b,TOI-1518,1,Transit,2021,1.90261131000,0.0371200000,21.05046575,581.62598481,225.88800000,352.2675207,67.0348062,F0,7299.00,1.880000,1.942000
TOI-1533 b,TOI-1533,2,Transit,2026,3.64579740000,0.0445000000,2.89000000,28.10000000,100.05100000,355.2467209,57.4852417,,5146.00,0.880000,0.849000
TOI-1533 c,TOI-1533,2,Transit,2026,8.06379260000,0.0760000000,7.50000000,36.60000000,100.05100000,355.2467209,57.4852417,,5146.00,0.880000,0.849000
TOI-157 b,TOI-157,1,Transit,2020,2.08454350000,0.0313800000,14.41477400,375.03940000,355.68300000,73.7014398,-76.6806061,G9 IV,5404.00,0.948000,1.167000
TOI-159 b,TOI-159,1,Transit,2026,3.76283960000,0.0560000000,18.18000000,1110.00000000,347.59300000,51.7822676,-78.5498308,F0 V,7287.00,1.661000,1.620000
TOI-1601 b,TOI-1601,1,Transit,2021,5.33175000000,0.0690000000,14.19902343,387.00000000,336.60800000,38.3615690,41.0134321,,5982.00,1.505500,2.195000
TOI-163 b,TOI-163,1,Transit,2019,4.23130600000,0.0580000000,16.69020100,387.75260000,411.71900000,79.7682532,-71.8955269,F,6495.00,1.435200,1.648000
TOI-1630.01,TOI-1630,1,Transit,2024,12.05573473300,0.1011510000,2.41700000,6.42000000,66.09290000,352.0166759,75.5526069,,5504.00,0.950000,0.830000
TOI-1634 b,TOI-1634,2,Transit,2021,0.98934551000,0.0154400000,1.75900000,4.90000000,35.27360000,56.3906096,37.1122803,M2,3550.00,0.502000,0.450000
TOI-1634 c,TOI-1634,2,Radial Velocity,2022,103.00000000000,,,,35.27360000,56.3906096,37.1122803,M2,3472.00,0.451000,0.450000
TOI-1648 b,TOI-1648,1,Transit,2025,7.33160200000,0.0694000000,2.54000000,7.40000000,69.83500000,45.4011794,69.2299235,,4850.00,0.830000,0.810000
TOI-1659.01,TOI-1659,1,Transit,2024,5.87755632800,0.0657570000,2.25500000,5.71000000,122.49400000,277.9251938,82.3059487,,5977.00,1.100000,1.006000
TOI-1669 b,TOI-1669,2,Radial Velocity,2023,500.00000000000,1.2700000000,14.10000000,191.00000000,111.27600000,45.9564744,83.5874273,,5497.00,0.986700,1.056100
TOI-1669 c,TOI-1669,2,Transit,2024,2.68005350000,0.0376000000,2.29639770,13.00000000,111.27600000,45.9564744,83.5874273,,5497.00,0.986700,1.056100
TOI-1670 b,TOI-1670,2,Transit,2022,10.98462000000,0.1030000000,2.06000000,41.31769291,168.06700000,259.0172522,72.1611806,F7 V,6170.00,1.210000,1.316000
TOI-1670 c,TOI-1670,2,Transit,2022,40.74976000000,0.2490000000,11.06326395,200.23189641,168.06700000,259.0172522,72.1611806,F7 V,6170.00,1.210000,1.316000
TOI-1680 b,TOI-1680,1,Transit,2023,4.80263450000,0.0314400000,1.46600000,2.75000000,37.22090000,292.3139790,65.9738018,M4.5+/-0.5,3225.00,0.179800,0.210600
TOI-1683.01,TOI-1683,1,Transit,2024,3.05753560000,0.0365075930,2.63820000,7.45000000,51.18840000,65.9796504,27.8223701,,4402.00,0.694661,0.700000
TOI-1685 b,TOI-1685,1,Transit,2021,0.66913923000,0.0116400000,1.42100000,3.07000000,37.61530000,68.5939529,43.0370395,M3 V,3470.00,0.466000,0.462000
TOI-169 b,TOI-169,1,Transit,2020,2.25544770000,0.0352400000,12.17297400,251.40353000,407.84000000,16.7786879,-75.1989452,G1 V,5880.00,1.147000,1.288000
TOI-1691 b,TOI-1691,1,Transit,2024,16.73688893500,0.1293650000,3.66000000,14.60000000,111.44500000,272.4041179,86.8603430,,5759.00,1.030000,1.000000
TOI-1693 b,TOI-1693,1,Transit,2022,1.76669570000,0.0226000000,1.41000000,2.57000000,30.79470000,90.3083455,34.7730904,,3499.00,0.490000,0.460000
TOI-1694 b,TOI-1694,2,Transit,2023,3.77013890000,0.0445000000,5.27000000,28.24000000,124.68000000,97.7487104,66.3605956,K2 V - K3 V,5005.00,0.828000,0.812000
TOI-1694 c,TOI-1694,2,Radial Velocity,2023,386.25000000000,0.9740000000,13.80000000,316.55709337,124.68000000,97.7487104,66.3605956,K2 V - K3 V,5005.00,0.828000,0.812000
TOI-1695 b,TOI-1695,1,Transit,2022,3.13427910000,0.0335480000,1.90000000,6.36000000,45.13090000,21.9217346,72.2966148,M1 V,3690.00,0.513000,0.515000
TOI-1696 b,TOI-1696,1,Transit,2022,2.50031100000,0.0229000000,3.09000000,48.80000000,64.91720000,65.2806480,48.8198312,M5V,3185.00,0.255000,0.277500
TOI-1710 b,TOI-1710,1,Transit,2022,24.28336000000,0.1630000000,5.25800000,13.20000000,81.22710000,94.2838373,76.2110200,G5 V,5730.00,1.025800,0.968000
TOI-1716.01,TOI-1716,1,Transit,2024,8.08237655400,0.0804960000,3.14300000,10.00000000,104.15800000,105.0833291,56.8241941,,5879.00,1.070000,1.240000
TOI-1718 b,TOI-1718,1,Transit,2026,5.58703768615,,4.10824994,15.80000000,52.30440000,112.0180254,30.3217322,,5304.91,0.930000,0.939285
TOI-172 b,TOI-172,1,Transit,2019,9.47725000000,0.0914000000,10.81668500,1722.63860000,342.83100000,316.6318791,-26.6928654,,5645.00,1.128000,1.777000
TOI-1722 b,TOI-1722,1,Transit,2026,9.60523206943,,4.38298108,17.60000000,136.41900000,114.3452126,61.1539249,,5999.55,1.162000,1.094140
TOI-1723 b,TOI-1723,1,Transit,2024,13.72701264300,0.1134960000,3.43500000,10.40000000,100.72700000,116.7971978,68.4766845,,5777.00,1.040000,1.090000
TOI-1728 b,TOI-1728,1,Transit,2020,3.49151000000,0.0391000000,5.05000000,26.78000000,60.79800000,120.6116787,64.7971531,M0,3980.00,0.646000,0.624300
TOI-1732 b,TOI-1732,1,Transit,2026,4.11923678339,,2.49549787,6.78000000,74.75990000,111.8014509,53.0452684,,4201.93,0.613891,0.632571
TOI-1736 b,TOI-1736,2,Transit,2023,7.07307600000,0.0730000000,3.18175535,12.30000000,88.94820000,43.4344615,69.1013450,,5636.00,1.037300,1.428600
TOI-1736 c,TOI-1736,2,Radial Velocity,2023,571.25000000000,1.3700000000,12.50000000,2800.00000000,88.94820000,43.4344615,69.1013450,,5636.00,1.037300,1.428600
TOI-1739 b,TOI-1739,1,Transit,2024,8.30334140600,0.0738720000,1.94600000,4.45000000,70.98190000,240.1724810,83.2586589,,4814.00,0.780000,0.781000
TOI-1742 b,TOI-1742,1,Transit,2024,21.26908400000,0.1540000000,2.36507598,9.70000000,72.88710000,257.3288678,71.8766724,,5815.00,1.086100,1.131000
TOI-1743 b,TOI-1743,1,Transit,2025,4.26604600000,0.0358900000,1.83000000,4.01000000,41.27580000,257.7473322,71.8722039,M4 V,3277.00,0.339000,0.338000
TOI-1744.01,TOI-1744,1,Transit,2024,22.34170292700,0.1640860000,2.68000000,7.65000000,114.39000000,294.2910707,60.8813020,,6179.00,1.180000,1.140000
TOI-1749 b,TOI-1749,3,Transit,2021,2.38839000000,0.0291000000,1.39000000,57.00000000,99.55610000,282.7372281,64.4194660,M0 V,3985.00,0.580000,0.550000
TOI-1749 c,TOI-1749,3,Transit,2021,4.49290000000,0.0443000000,2.12000000,14.00000000,99.55610000,282.7372281,64.4194660,M0 V,3985.00,0.580000,0.550000
TOI-1749 d,TOI-1749,3,Transit,2021,9.04970000000,0.0707000000,2.52000000,15.00000000,99.55610000,282.7372281,64.4194660,M0 V,3985.00,0.580000,0.550000
TOI-1750 b,TOI-1750,1,Transit,2026,11.33727129656,,2.78943837,8.19000000,162.46000000,240.3019781,68.9373001,,4683.75,0.767000,0.768675
TOI-1751 b,TOI-1751,1,Transit,2024,37.46852000000,0.2150000000,2.95078450,19.50000000,113.33500000,243.4888534,63.5335297,,5970.00,0.938200,1.313700
TOI-1752 b,TOI-1752,2,Transit,2026,0.93518610000,0.0162400000,1.69300000,3.51000000,103.02100000,253.4614861,60.7096197,M1.0&plusmn0.5 V,3762.00,0.524000,0.530000
TOI-1752 c,TOI-1752,2,Transit,2026,32.71443000000,0.1614000000,2.29000000,5.86000000,103.02100000,253.4614861,60.7096197,M1.0&plusmn0.5 V,3762.00,0.524000,0.530000
TOI-1753 b,TOI-1753,1,Transit,2024,5.38461040000,0.0590000000,2.47852533,16.60000000,226.67100000,252.4698351,61.1735768,,5621.00,0.948300,0.971500
TOI-1756 b,TOI-1756,1,Transit,2026,2.78301736297,,1.94225664,4.43000000,86.71590000,306.3287741,77.6364119,,3891.86,0.556454,0.562607
TOI-1758 b,TOI-1758,1,Transit,2024,20.70507468500,0.1414090000,3.62000000,6.90000000,96.62150000,354.7415810,75.6852317,,5169.00,0.880000,0.810000
TOI-1759 b,TOI-1759,1,Transit,2022,18.85019000000,0.1177000000,3.14000000,10.80000000,40.06540000,326.8516615,62.7538164,M0.0 V,4065.00,0.606000,0.597000
TOI-1768.01,TOI-1768,1,Transit,2024,7.33770364900,0.0763810000,3.45300000,11.80000000,157.59700000,152.1027826,55.5399599,,5994.00,1.100000,1.100000
TOI-1772.01,TOI-1772,1,Transit,2024,8.05424687400,0.0783750000,2.90500000,8.78000000,97.75620000,156.8377040,34.3909497,,5583.00,0.990000,0.995000
TOI-1774.01,TOI-1774,2,Transit,2021,16.70988000000,,2.78000000,8.50000000,53.97400000,148.1619305,35.1110080,,5746.00,0.991000,1.130300
TOI-1775 b,TOI-1775,1,Transit,2024,10.24055490000,0.0800000000,8.04728896,96.00000000,149.23400000,150.1151015,39.4577506,,5284.00,0.921800,0.828800
TOI-1776 b,TOI-1776,1,Transit,2024,2.79986800000,0.0378000000,1.21612741,1.40000000,44.64700000,164.7772913,40.9837182,,5785.00,0.919600,0.935600
TOI-1777.01,TOI-1777,1,Transit,2024,14.65011197400,0.1194660000,2.24600000,5.67000000,79.76650000,151.8070320,46.1148814,,5859.00,1.060000,0.980000
TOI-178 b,TOI-178,6,Transit,2021,1.91456010000,0.0260700000,1.20000000,0.96000000,62.69900000,7.3020115,-30.4541159,K,4316.00,0.647000,0.662000
TOI-178 c,TOI-178,6,Transit,2021,3.23848600000,0.0370000000,1.75400000,4.64000000,62.69900000,7.3020115,-30.4541159,K,4316.00,0.647000,0.662000
TOI-178 d,TOI-178,6,Transit,2021,6.55756900000,0.0592000000,2.69500000,5.20000000,62.69900000,7.3020115,-30.4541159,K,4316.00,0.647000,0.662000
TOI-178 e,TOI-178,6,Transit,2021,9.96318000000,0.0783000000,2.30100000,3.48000000,62.69900000,7.3020115,-30.4541159,K,4316.00,0.647000,0.662000
TOI-178 f,TOI-178,6,Transit,2021,15.23335000000,0.1039000000,2.41700000,5.63000000,62.69900000,7.3020115,-30.4541159,K,4316.00,0.647000,0.662000
TOI-178 g,TOI-178,6,Transit,2021,20.71663000000,0.1275000000,2.93900000,4.40000000,62.69900000,7.3020115,-30.4541159,K,4316.00,0.647000,0.662000
TOI-1782.01,TOI-1782,2,Transit,2024,4.98764102800,0.0502400000,2.36800000,6.20000000,95.26490000,213.0787718,74.4117909,,4336.00,0.680000,0.669000
TOI-1782.02,TOI-1782,2,Transit,2024,1.82902422700,0.0257390000,1.83900000,4.04000000,95.26490000,213.0787718,74.4117909,,4336.00,0.680000,0.669000
TOI-1789 b,TOI-1789,1,Transit,2021,3.20866400000,0.0488200000,16.14093221,222.47988490,229.06700000,142.7434060,26.5399951,F,5991.00,1.507000,2.168000
TOI-1794 b,TOI-1794,1,Transit,2024,8.76552800000,0.0820000000,3.29701268,8.70000000,155.79100000,203.3974857,49.0608433,,5631.00,0.969800,1.316200
TOI-1798.01,TOI-1798,2,Transit,2024,8.02152233100,0.0749840000,2.44800000,6.50000000,113.18100000,211.0939367,46.5192825,,5165.00,0.870000,0.780000
TOI-1798.02,TOI-1798,2,Transit,2024,0.43781182200,0.0107890000,1.46400000,5.60000000,113.18100000,211.0939367,46.5192825,,5165.00,0.870000,0.780000
TOI-1799 b,TOI-1799,1,Transit,2024,7.09457086500,0.0725020000,1.64200000,4.00000000,62.12740000,167.2329152,34.3030149,,5690.00,1.010000,0.957000
TOI-1801 b,TOI-1801,1,Transit,2023,10.64387000000,0.0750000000,2.07900000,5.73800000,30.67960000,175.5755995,23.0270335,M0.5+/-0.5 V,3863.00,0.556000,0.547000
TOI-1803 b,TOI-1803,2,Transit,2025,6.29328700000,0.0600000000,2.99000000,10.32000000,119.24000000,178.0461054,35.1718001,,4687.00,0.756000,0.715000
TOI-1803 c,TOI-1803,2,Transit,2025,12.88577900000,0.0970000000,4.29000000,8.00000000,119.24000000,178.0461054,35.1718001,,4687.00,0.756000,0.715000
TOI-1806.01,TOI-1806,1,Transit,2024,15.14546930000,0.0877350440,3.40953670,11.50000000,55.52110000,166.1181474,30.4585763,,3272.00,0.392935,0.401575
TOI-1807 b,TOI-1807,1,Transit,2021,0.54937097000,0.0122000000,1.49681583,2.44000000,42.57750000,201.2826259,38.9223671,,4914.00,0.804800,0.746000
TOI-181 b,TOI-181,1,Transit,2023,4.53200000000,0.0539000000,6.95590000,46.16870000,96.23380000,352.1725409,-34.4914099,K,4994.00,0.822000,0.745000
TOI-1811 b,TOI-1811,1,Transit,2023,3.71307650000,0.0438900000,11.14172682,308.92921160,128.23000000,188.9223576,27.2143766,,4766.00,0.817000,0.769000
TOI-1814 b,TOI-1814,1,Transit,2026,6.36861010462,,5.18536642,23.50000000,362.52200000,236.8168817,77.2326429,,4872.84,,2.389500
TOI-1820 b,TOI-1820,1,Transit,2022,4.86067400000,0.0610000000,12.77823800,731.00533610,248.50400000,187.6867207,27.4520016,,5734.00,1.040000,1.510000
TOI-1823 b,TOI-1823,1,Transit,2024,38.80000000000,0.2120000000,7.54062410,67.40000000,71.64560000,196.2197201,63.7532610,,4927.00,0.841400,0.804900
TOI-1824 b,TOI-1824,1,Transit,2024,22.80853300000,0.1510000000,2.74382690,16.00000000,59.43140000,197.7312286,61.7448492,,5165.00,0.880100,0.812300
TOI-1836 b,TOI-1836,2,Transit,2024,20.38079900000,0.1597000000,8.00321222,38.45723725,191.64900000,245.9079242,54.6900774,,6380.00,1.307000,1.577000
TOI-1836 c,TOI-1836,2,Transit,2024,1.77274710000,0.0308900000,2.59987579,8.00000000,191.64900000,245.9079242,54.6900774,,6237.00,1.251800,1.645400
TOI-1839 b,TOI-1839,2,Transit,2026,1.42378440907,,2.21895097,5.56000000,116.08600000,196.8331106,5.8520458,,5315.91,0.934000,0.848099
TOI-1839 c,TOI-1839,2,Transit,2026,4.02393854207,,2.40867246,6.39000000,116.08600000,196.8331106,5.8520458,,5315.91,0.934000,0.848099
TOI-1842 b,TOI-1842,1,Transit,2021,9.57391810000,0.1000000000,12.34850230,89.40000000,223.46500000,201.9626552,9.0306437,,6039.00,1.464300,2.032000
TOI-1846 b,TOI-1846,1,Transit,2025,3.93067370000,0.0364600000,1.79200000,3.87000000,47.24960000,257.9549645,54.5278483,,3568.00,0.418000,0.397000
TOI-1853 b,TOI-1853,1,Transit,2023,1.24362580000,0.0213000000,3.46000000,73.20000000,165.10500000,211.4593468,16.9923703,K2.5 V,4985.00,0.837000,0.808000
TOI-1855 b,TOI-1855,1,Transit,2024,1.36414864000,0.0239800000,18.49481816,360.09958513,176.83300000,205.3539534,17.6868719,,5359.00,0.987000,1.041000
TOI-1859 b,TOI-1859,1,Transit,2023,63.48347000000,0.3370000000,9.75181321,68.60000000,224.38500000,279.8317644,69.5228726,,6341.00,1.287000,1.360000
TOI-1860 b,TOI-1860,1,Transit,2022,1.06621070000,0.0204000000,1.31000000,2.27000000,45.86400000,226.4567308,64.0476821,G V,5752.00,0.990000,0.940000
TOI-1873 b,TOI-1873,1,Transit,2026,7.00572708834,,2.86356397,8.57000000,182.01400000,212.5684755,84.3718582,,5597.99,1.015000,0.971675
TOI-1883 b,TOI-1883,1,Transit,2024,4.50800000000,0.0423000000,5.65000000,13.70000000,115.36900000,134.0892456,-12.9306438,M,3554.00,0.495000,0.506000
TOI-1898 b,TOI-1898,1,Transit,2024,45.52234000000,0.2690000000,9.39553231,129.00000000,79.66820000,144.5553000,23.5467464,,6241.00,1.248400,1.613100
TOI-1899 b,TOI-1899,1,Transit,2020,29.09031200000,0.1525000000,11.09689089,212.94503269,128.43800000,299.4268472,40.1433462,M0,3926.00,0.632000,0.607000
TOI-1937 A b,TOI-1937 A,1,Transit,2023,0.94667944000,0.0193200000,13.97759893,638.83509807,415.13500000,116.3707214,-52.3832587,,5814.00,1.072000,1.080000
TOI-198 b,TOI-198,1,Transit,2023,10.21521300000,0.0675000000,1.36000000,3.17000000,23.72620000,2.2715087,-27.1217452,M0 V,3801.00,0.417000,0.418000
TOI-199 b,TOI-199,2,Transit,2023,104.85400000000,0.4254000000,9.07927437,54.03082919,102.27000000,80.1058735,-59.8954326,G9 V,5255.00,0.936000,0.820000
TOI-199 c,TOI-199,2,Transit Timing Variations,2023,273.69000000000,0.8070000000,11.40000000,88.99195396,102.27000000,80.1058735,-59.8954326,G9 V,5255.00,0.936000,0.820000
TOI-1994 b,TOI-1994,1,Transit,2024,4.03371420000,0.0613000000,13.67495645,7024.00779470,515.60300000,147.1745753,-51.7565640,,7700.00,1.860000,2.300000
TOI-2000 b,TOI-2000,2,Transit,2023,3.09833000000,0.0427100000,2.70000000,11.00000000,175.71300000,146.3970631,-66.6866307,,5611.00,1.082000,1.134000
TOI-2000 c,TOI-2000,2,Transit,2023,9.12705500000,0.0878000000,8.14000000,81.70000000,175.71300000,146.3970631,-66.6866307,,5611.00,1.082000,1.134000
TOI-2005 b,TOI-2005,1,Transit,2025,17.30590400000,0.1600000000,11.99360935,2034.10180480,328.47500000,164.0316540,-43.3766967,,7130.00,1.590000,2.020000
TOI-201 b,TOI-201,3,Transit,2021,52.97860000000,0.3030000000,11.40000000,164.00000000,113.82500000,87.4017825,-54.9104230,F,6423.00,1.320000,1.310000
TOI-201 c,TOI-201,3,Transit Timing Variations,2025,2890.00000000000,4.3700000000,10.40000000,4990.00000000,113.82500000,87.4017825,-54.9104230,F,6423.00,1.320000,1.310000
TOI-201 d,TOI-201,3,Transit,2026,5.84889000000,0.0698000000,1.39000000,5.80000000,113.82500000,87.4017825,-54.9104230,F,6423.00,1.320000,1.310000
TOI-2010 b,TOI-2010,1,Transit,2023,141.83402500000,0.5516000000,11.81426566,408.72733140,109.19000000,292.1669417,53.4873694,F0,5929.00,1.112000,1.079000
TOI-2015 b,TOI-2015,2,Transit,2023,3.34823700000,0.0293220000,3.30900000,9.20000000,47.34440000,232.1326528,27.3610730,M4 +/- 0.5,3297.00,0.304100,0.327300
TOI-2015 c,TOI-2015,2,Transit Timing Variations,2025,5.58279600000,0.0412320000,2.93000000,8.91000000,47.34440000,232.1326528,27.3610730,M4 +/- 0.5,3297.00,0.304100,0.327300
TOI-2018 b,TOI-2018,1,Transit,2023,7.43558300000,,2.26800000,9.20000000,27.99560000,229.8374423,29.2078771,K V,4174.00,0.570000,0.620000
TOI-2019 b,TOI-2019,1,Transit,2024,15.34440000000,0.1280000000,5.33275337,34.40000000,198.00700000,234.4317651,48.9552060,,5626.00,1.183200,1.745700
TOI-2025 b,TOI-2025,1,Transit,2022,8.87209820000,0.0892000000,11.89272852,1144.18226520,335.98500000,282.7952558,82.2454143,,5977.00,1.199000,1.459000
TOI-2031 A b,TOI-2031 A,1,Transit,2025,5.71548654000,0.0660000000,14.20177855,254.26272560,276.10500000,331.1178077,81.5659509,,6490.00,1.174000,1.241000
TOI-2046 b,TOI-2046,1,Transit,2022,1.49718420000,,16.14093221,731.00533610,289.66800000,16.1849423,74.3313055,F8 V,6250.00,1.130000,1.210000
TOI-2048 b,TOI-2048,1,Transit,2022,13.79019000000,,2.61000000,7.32000000,116.56700000,237.9241066,52.3063083,G V,5185.00,0.830000,0.790000
TOI-205 b,TOI-205,1,Transit,2026,4.25300773815,,2.50121142,6.81000000,177.75900000,7.9754636,-56.9650808,,6302.74,1.200000,1.453820
TOI-206 b,TOI-206,1,Transit,2022,0.73631040000,0.0112000000,1.30000000,2.24000000,47.74650000,73.7382202,-62.5218740,,3383.00,0.350000,0.350000
TOI-2068 b,TOI-2068,1,Transit,2024,7.76891500000,0.0632000000,1.82100000,3.97000000,52.93280000,186.2735600,60.4183455,,3710.00,0.559000,0.535000
TOI-2071 b,TOI-2071,1,Transit,2026,5.67395386982,,2.56484195,7.10000000,231.31100000,256.6011813,57.6610327,,5755.41,1.063000,1.002860
TOI-2076 b,TOI-2076,4,Transit,2021,10.35504000000,0.0878100000,2.59000000,6.70000000,41.90910000,217.3920159,39.7903991,K V,5187.00,0.849000,0.758000
TOI-2076 c,TOI-2076,4,Transit,2021,21.01447000000,0.1407000000,3.54000000,7.20000000,41.90910000,217.3920159,39.7903991,K V,5187.00,0.849000,0.758000
TOI-2076 d,TOI-2076,4,Transit,2021,35.12803000000,0.1982000000,3.27000000,7.30000000,41.90910000,217.3920159,39.7903991,K V,5187.00,0.849000,0.758000
TOI-2076 e,TOI-2076,4,Transit,2025,3.02237530000,0.0386300000,1.30100000,4.70000000,41.90910000,217.3920159,39.7903991,K V,5187.00,0.849000,0.758000
TOI-2081 b,TOI-2081,1,Transit,2022,10.50534000000,0.0752000000,2.04000000,4.82000000,62.34460000,264.3022634,53.0255666,M1.0,3800.00,0.540000,0.534000
TOI-2084 b,TOI-2084,1,Transit,2023,6.07842470000,0.0500600000,2.47000000,6.66000000,114.54900000,259.2545389,72.7470231,M2+/-0.5,3551.00,0.453000,0.475000
TOI-2088 b,TOI-2088,1,Transit,2024,124.72997000000,0.4720000000,3.68311790,37.00000000,126.46000000,261.3748943,75.8822796,,5081.00,0.902700,0.848100
TOI-209 b,TOI-209,1,Transit,2026,4.37943587445,,2.39472090,6.32000000,113.38700000,19.3941777,-66.9030660,,4806.66,0.810000,0.742779
TOI-2092 b,TOI-2092,1,Transit,2026,4.30325528074,,2.94892961,9.00000000,176.75900000,212.5474866,45.5638685,,5842.06,0.956000,1.051900
TOI-2093 b,TOI-2093,2,Radial Velocity,2025,12.83600000000,0.0970000000,3.25000000,10.60000000,82.79820000,302.7375229,70.8696532,K5 V,4426.00,0.745000,0.729000
TOI-2093 c,TOI-2093,2,Transit,2025,53.81149000000,0.2570000000,2.30000000,15.80000000,82.79820000,302.7375229,70.8696532,K5 V,4426.00,0.745000,0.729000
TOI-2094 b,TOI-2094,1,Transit,2026,18.79319300000,0.1360000000,1.90000000,4.27000000,50.02480000,254.1425333,70.0273157,M3 V,3435.00,0.425000,0.384000
TOI-2095 b,TOI-2095,2,Transit,2023,17.66484000000,0.1010000000,1.25000000,4.10000000,41.91760000,285.6365235,75.4185135,M2.5 V,3759.00,0.440000,0.440000
TOI-2095 c,TOI-2095,2,Transit,2023,28.17232000000,0.1370000000,1.33000000,7.40000000,41.91760000,285.6365235,75.4185135,M2.5 V,3759.00,0.440000,0.440000
TOI-2096 b,TOI-2096,2,Transit,2023,3.11906330000,0.0250000000,1.24300000,2.08000000,48.48090000,151.6186989,74.8272107,M4,3300.00,0.231000,0.235000
TOI-2096 c,TOI-2096,2,Transit,2023,6.38784000000,0.0400000000,1.91400000,4.32000000,48.48090000,151.6186989,74.8272107,M4,3300.00,0.231000,0.235000
TOI-2104 b,TOI-2104,1,Transit,2026,5.90437045700,,1.52898127,2.95000000,76.74180000,151.6122146,83.0878397,,4856.13,0.800000,0.723757
TOI-2107 b,TOI-2107,1,Transit,2024,2.45454670000,0.0351500000,13.57407563,263.79757781,236.70500000,286.7965405,-58.6968348,,5627.00,0.961000,0.932000
TOI-2109 b,TOI-2109,1,Transit,2021,0.67247414000,0.0179100000,15.09849700,1595.49860314,262.04100000,253.1862971,16.5799153,F,6540.00,1.453000,1.698000
TOI-2120 b,TOI-2120,1,Transit,2024,5.79981640000,0.0377000000,2.12200000,6.80000000,32.17550000,23.5073150,65.5139877,,3131.00,0.211000,0.245000
TOI-2128 b,TOI-2128,1,Transit,2024,16.34136000000,0.1270000000,2.08874836,4.50000000,36.57800000,256.9817998,32.1053027,,5968.00,1.025100,1.117400
TOI-2133 b,TOI-2133,1,Transit,2026,3.82664720000,0.0410000000,2.37000000,6.21000000,75.19730000,261.2438308,32.7983974,,4250.00,0.644000,0.620000
TOI-2134 b,TOI-2134,2,Transit,2023,9.22920050000,0.0780000000,2.69000000,9.13000000,22.62020000,271.9355015,39.0729269,K5 V,4580.00,0.744000,0.709000
TOI-2134 c,TOI-2134,2,Transit,2023,95.50000000000,0.3710000000,7.27000000,41.89000000,22.62020000,271.9355015,39.0729269,K5 V,4580.00,0.744000,0.709000
TOI-2136 b,TOI-2136,1,Transit,2022,7.85192800000,0.0570000000,2.19000000,6.37000000,33.36310000,281.1763433,36.5631318,M4.5 V,3342.00,0.340000,0.340000
TOI-2141 b,TOI-2141,3,Transit,2023,18.26160800000,0.1322000000,3.14700000,20.10000000,77.68200000,258.7623456,18.3403449,,5635.00,0.896000,0.950000
TOI-2141 c,TOI-2141,3,Radial Velocity,2025,5.46240000000,0.0585000000,2.35000000,6.14000000,77.68200000,258.7623456,18.3403449,,5635.00,0.896000,0.950000
TOI-2141 d,TOI-2141,3,Radial Velocity,2025,60.45000000000,0.2906000000,3.97000000,14.90000000,77.68200000,258.7623456,18.3403449,,5635.00,0.896000,0.950000
TOI-2145 b,TOI-2145,1,Transit,2023,10.26112800000,0.1117000000,12.24020692,1805.26535176,224.73100000,263.7580753,40.6950428,,6206.00,1.710000,2.750000
TOI-2147 b,TOI-2147,1,Transit,2026,26.20518000000,0.1720000000,10.50000000,116.00000000,282.10800000,155.6415937,83.0837241,,5983.00,0.990000,1.390000
TOI-2152 A b,TOI-2152,1,Transit,2023,3.37735120000,0.0506400000,14.35870428,899.45439181,303.00600000,26.3389717,77.7901231,F4 V,6630.00,1.516000,1.612000
TOI-2154 b,TOI-2154,1,Transit,2023,3.82408010000,0.0513000000,16.28664896,292.40213444,296.46000000,71.0281482,84.3642652,,6280.00,1.233000,1.396000
TOI-2158 b,TOI-2158,1,Transit,2022,8.60077000000,0.0750000000,10.76062147,260.61929374,198.47300000,276.8100527,20.5268868,,5673.00,1.120000,1.410000
TOI-216.01,TOI-216,2,Transit,2019,34.52552800000,0.2069000000,10.10000000,177.98390792,177.94500000,73.9800129,-63.2603301,,5026.00,0.770000,0.748000
TOI-216.02,TOI-216,2,Transit,2019,17.16073000000,0.1293000000,8.00000000,18.75187601,177.94500000,73.9800129,-63.2603301,,5026.00,0.770000,0.748000
TOI-2169 A b,TOI-2169 A,1,Transit,2025,8.21482820000,0.0896000000,12.50922246,329.58805806,351.48700000,279.1701117,23.2586193,,6270.00,1.420000,1.820000
TOI-2180 b,TOI-2180,1,Transit,2022,260.79000000000,0.8280000000,11.32107051,875.61726129,116.68500000,277.9436300,56.6506789,G5,5695.00,1.111000,1.636000
TOI-2184 b,TOI-2184,1,Transit,2022,6.90683000000,,11.39953337,206.58846455,788.31700000,100.8331246,-66.9476563,,5966.00,1.530000,2.900000
TOI-2193 A b,TOI-2193 A,1,Transit,2022,2.12257350000,0.0331900000,19.83989584,298.75870258,337.06400000,313.6912320,-72.8046404,,5966.00,1.082000,1.248000
TOI-2194 b,TOI-2194,1,Transit,2023,15.33759700000,,1.98920000,4.61000000,19.57110000,299.1563393,-31.3351812,,4756.00,0.740000,0.690900
TOI-2196 b,TOI-2196,1,Transit,2022,1.19472680000,0.0223400000,3.51000000,26.00000000,259.94700000,312.3400744,-70.4850723,G V,5634.00,1.032000,1.043000
TOI-220 b,TOI-220,1,Transit,2021,10.69526400000,0.0891100000,3.03000000,13.80000000,90.74020000,91.7996988,-61.9972098,K0 V,5298.00,0.825000,0.858000
TOI-2200 b,TOI-2200,1,Transit,2026,2.93602836512,,6.96310517,38.70000000,251.24500000,98.7835071,-72.4567778,,5036.17,0.850000,0.826247
TOI-2202 b,TOI-2202,2,Transit,2021,11.91260750000,0.0956400000,10.95117414,287.31687993,235.93300000,51.2284214,-73.9575458,K8 V,5169.00,0.841000,0.808000
TOI-2202 c,TOI-2202,2,Transit Timing Variations,2021,24.67440000000,0.1554400000,13.40000000,117.27868218,235.93300000,51.2284214,-73.9575458,K8 V,5144.00,0.823000,0.794000
TOI-2207 b,TOI-2207,1,Transit,2022,8.00196800000,0.0854000000,11.15293580,203.41018048,373.34500000,307.5966925,-44.8876181,,6101.00,1.296000,1.564000
TOI-2211.01,TOI-2211,1,Transit,2024,3.09268675700,0.0401100000,1.56100000,3.06000000,70.29320000,308.5390859,-29.6726127,,5253.00,0.900000,0.834000
TOI-2227 b,TOI-2227,1,Transit,2026,4.22175815648,,3.09885187,9.79000000,165.44100000,337.5177563,-67.8501459,,5889.54,1.030000,1.208470
TOI-2236 b,TOI-2236,1,Transit,2022,3.53159020000,0.0500900000,14.36991326,502.16888306,355.59000000,20.1660113,-86.9799650,,6248.00,1.343000,1.573000
TOI-2257 b,TOI-2257,1,Transit,2021,35.18934600000,0.1450000000,2.19400000,5.45000000,57.79110000,194.7396141,77.6617157,M3,3430.00,0.328000,0.313000
TOI-2260 b,TOI-2260,1,Transit,2022,0.35247280000,0.0097000000,1.62000000,3.26000000,101.25100000,247.6669998,49.0467891,G V,5534.00,0.990000,0.940000
TOI-2266 b,TOI-2266,1,Transit,2024,2.32631800000,0.0200000000,1.54000000,2.99000000,51.60040000,245.2800398,31.5770413,M5.0+0.5-0.5,3200.00,0.230000,0.240000
TOI-2267 b,TOI-2267 A,3,Transit,2025,2.28909000000,0.0205000000,1.00000000,0.97200000,22.55000000,65.0614963,84.9008238,M5 V,3030.00,0.171000,0.207500
TOI-2267 c,TOI-2267 A,3,Transit,2025,3.49504120000,0.0263000000,1.14000000,1.55000000,22.55000000,65.0614963,84.9008238,M5 V,3030.00,0.171000,0.207500
TOI-2267 d,TOI-2267 B,3,Transit,2025,2.03446710000,0.0145000000,1.77000000,3.78000000,22.55000000,65.0615000,84.9008250,M6 V,3022.00,0.098900,0.130000
TOI-2274 b,TOI-2274,1,Transit,2024,2.67963000000,0.0500000000,2.45000000,6.57000000,48.87600000,277.4593110,40.5414117,M,3943.00,0.612000,0.631000
TOI-2285 b,TOI-2285,1,Transit,2021,13.63510900000,0.1363000000,1.77000000,19.50000000,42.40900000,332.5632644,58.7060934,,3491.00,0.454000,0.464000
TOI-2295 b,TOI-2295,2,Transit,2024,30.03330200000,0.1992000000,16.47720163,278.09985612,126.27900000,281.5761962,50.4924657,,5730.00,1.168000,1.459000
TOI-2295 c,TOI-2295,2,Radial Velocity,2024,966.50000000000,2.0180000000,12.80000000,1783.01736327,126.27900000,281.5761962,50.4924657,,5730.00,1.168000,1.459000
TOI-2322 b,TOI-2322,2,Transit,2025,11.30717000000,0.0924000000,0.99400000,2.31000000,59.86100000,116.9731027,-71.0019671,K4,4664.00,0.703000,0.662000
TOI-2322 c,TOI-2322,2,Transit,2025,20.22552800000,0.1362000000,1.87400000,18.10000000,59.86100000,116.9731027,-71.0019671,K4,4664.00,0.703000,0.662000
TOI-2328 b,TOI-2328,1,Transit,2025,17.10197000000,0.1270000000,9.97599282,50.85254512,231.78200000,31.6907424,-81.2473760,,5525.00,0.950000,0.900000
TOI-2337 b,TOI-2337,1,Transit,2022,2.99432000000,,10.08808263,508.52545120,536.04600000,290.6198948,60.8539035,,4780.00,1.325000,3.220000
TOI-2338 b,TOI-2338,1,Transit,2023,22.65398000000,0.1580000000,11.20898070,1900.61387386,313.99600000,81.3445824,-34.6682491,,5581.00,0.990000,1.050000
TOI-2345 b,TOI-2345,2,Transit,2025,1.05285730000,0.0170500000,1.50400000,3.49000000,81.65410000,43.8847940,-34.9779745,K,4687.00,0.727000,0.729000
TOI-2345 c,TOI-2345,2,Transit,2025,21.06430200000,0.1257000000,2.45100000,7.27000000,81.65410000,43.8847940,-34.9779745,K,4687.00,0.727000,0.729000
TOI-2346 b,TOI-2346,1,Transit,2025,3.33120290000,0.0473000000,16.11851425,394.10722468,437.48400000,88.0929073,-13.3724686,,6480.00,1.271000,1.380000
TOI-2364 b,TOI-2364,1,Transit,2023,4.01975170000,0.0487100000,8.60849718,71.51139158,219.61400000,89.1300265,-5.0120298,,5306.00,0.954000,0.886000
TOI-2368 b,TOI-2368,1,Transit,2024,5.17500730000,0.0564900000,10.83908434,206.58846455,210.91500000,134.9576234,-48.4884929,,5360.00,0.897000,0.846000
TOI-237 b,TOI-237,2,Transit,2020,5.43609800000,0.0341000000,1.44000000,2.67000000,38.07490000,353.2435381,-29.4164870,M4.5 V,3212.00,0.179000,0.211000
TOI-237 c,TOI-237,2,Transit,2026,1.74486147000,0.0160000000,1.20600000,1.90000000,38.07490000,353.2435381,-29.4164870,M4.5 V,3226.00,0.169800,0.205600
TOI-2373 b,TOI-2373,1,Transit,2023,13.33668000000,0.1120000000,10.42435205,2955.80418510,508.68600000,61.6862197,-16.7557546,,5651.00,1.041000,1.102000
TOI-2374 b,TOI-2374,1,Transit,2024,4.31361930000,0.0481800000,7.48759911,61.65871096,134.65500000,319.4982407,-22.0498228,,5002.00,0.802000,0.711000
TOI-2379 b,TOI-2379,1,Transit,2024,5.46938270000,0.0526300000,11.72459381,1830.69162432,211.24700000,358.0920465,-53.0431560,,3707.00,0.645000,0.622000
TOI-238 b,TOI-238,2,Transit,2024,1.27309900000,0.0212000000,1.55900000,3.37000000,80.54070000,349.2310814,-18.6066463,K2 V,5059.00,0.781000,0.756000
TOI-238 c,TOI-238,2,Radial Velocity,2024,8.46565100000,0.0749000000,2.18000000,6.70000000,80.54070000,349.2310814,-18.6066463,K2V,5059.00,0.790000,0.733000
TOI-2382 b,TOI-2382,1,Transit,2025,4.66120610000,0.0590000000,12.25141591,235.19302118,434.92000000,356.3751852,-16.1141240,,6033.00,1.260000,1.417000
TOI-2384 b,TOI-2384,1,Transit,2024,2.13570304000,0.0279300000,11.48920522,624.85064816,191.51000000,36.1561463,-65.0001957,,3943.00,0.635000,0.611300
TOI-2406 b,TOI-2406,1,Transit,2021,3.07668910000,0.0226700000,2.86000000,15.60000000,55.41900000,8.8060544,-3.3720833,M4 V,3100.00,0.166000,0.204000
TOI-2407 b,TOI-2407,1,Transit,2025,2.70296900000,0.0330000000,4.26000000,16.80000000,92.43660000,49.7465450,-46.4580250,,3530.00,0.548000,0.567000
TOI-2411 b,TOI-2411,1,Transit,2022,0.78269420000,0.0144000000,1.68000000,3.46000000,59.53620000,20.9224567,-8.7017944,,4099.00,0.650000,0.680000
TOI-2416 b,TOI-2416,1,Transit,2023,8.27547900000,0.0831000000,9.86390302,953.48522100,557.73300000,57.3389409,-60.7871861,,5808.00,1.118000,1.236000
TOI-2420 b,TOI-2420,1,Transit,2024,5.84264100000,0.0684000000,15.02003414,294.62693329,435.17400000,14.8268138,-19.7711643,,5707.00,1.158000,2.369000
TOI-2421 b,TOI-2421,1,Transit,2022,4.34740320000,0.0543000000,10.36830715,105.83685953,327.92700000,33.1540208,-35.3909182,,5607.00,1.131000,1.750000
TOI-2427 b,TOI-2427,1,Transit,2022,1.30600110000,0.0202000000,1.80000000,3.89000000,28.51470000,52.2917315,-31.3628665,,4072.00,0.640000,0.650000
TOI-2431 b,TOI-2431,1,Transit,2026,0.22419578000,0.0063000000,1.53400000,6.20000000,36.05590000,37.7652989,8.3816255,K7 V,4109.00,0.661000,0.651000
TOI-244 b,TOI-244,1,Transit,2023,7.39722500000,0.0559000000,1.52000000,2.68000000,22.03370000,10.5697537,-36.7179743,M2.5 V,3433.00,0.428000,0.426000
TOI-2443 b,TOI-2443,1,Transit,2023,15.66858000000,0.1050000000,2.36300000,4.80000000,23.92580000,40.1798608,1.1996757,K5 V,4375.00,0.642000,0.631000
TOI-2445 b,TOI-2445,1,Transit,2022,0.37112810000,0.0064000000,1.25000000,2.10000000,48.58200000,43.3161555,0.0523366,,3333.00,0.250000,0.270000
TOI-2447 b,TOI-2447,1,Transit,2024,69.33684000000,0.3470000000,9.60609646,124.90656395,148.98700000,70.9975864,-31.9066369,,5730.00,1.034000,1.006000
TOI-2449 b,TOI-2449,1,Transit,2025,106.14468000000,0.4500000000,11.24000000,222.00000000,156.78600000,67.9843710,-34.4555327,G,6021.00,1.079000,1.065000
TOI-2453 b,TOI-2453,1,Transit,2026,4.44143463188,,3.24380341,10.60000000,81.90430000,74.8374845,12.9363528,,3720.23,0.500519,0.502498
TOI-2458 b,TOI-2458,2,Transit,2024,3.73659000000,0.0482000000,2.83000000,13.31000000,112.95800000,79.6215290,1.2534390,F9-F9.5,6005.00,1.050000,1.310000
TOI-2458 c,TOI-2458,2,Radial Velocity,2024,16.55300000000,0.1290000000,3.18000000,10.22000000,112.95800000,79.6215290,1.2534390,F9-F9.5,6005.00,1.050000,1.310000
TOI-2459 b,TOI-2459,1,Transit,2023,19.10471800000,,2.95310000,9.03000000,36.61130000,82.1433321,-39.3730456,,4195.00,0.660000,0.675100
TOI-2485 b,TOI-2485,1,Transit,2024,11.23479000000,0.1093000000,12.13932610,766.60211768,397.95300000,205.2043217,22.9839692,,6016.40,1.163000,1.720000
TOI-2497 b,TOI-2497,1,Transit,2023,10.65566900000,0.1166000000,11.14172682,1531.93292174,285.28900000,90.0625878,11.8840577,,7360.00,1.859000,2.360000
TOI-2498 b,TOI-2498,1,Transit,2023,3.73825200000,0.0491000000,6.06000000,34.62000000,275.26500000,95.4162204,11.2516477,,5905.00,1.120000,1.260000
TOI-251 b,TOI-251,1,Transit,2021,4.93777000000,0.0574100000,2.74000000,317.83000000,99.52300000,353.0620655,-37.2558629,,5875.00,1.036000,0.881000
TOI-2518 b,TOI-2518,1,Transit,2026,6.89797425216,,2.26838675,5.77000000,160.82500000,105.4448495,-34.9196867,,5751.20,1.110000,0.993374
TOI-2524 b,TOI-2524,1,Transit,2023,7.18585000000,0.0730000000,11.20898070,203.41018048,438.84200000,160.8868435,-1.9126984,,5831.00,1.007000,1.119000
TOI-2525 b,TOI-2525,2,Transit,2023,23.28560000000,0.1511000000,8.67575106,26.69758619,395.39800000,86.8509737,-60.5213081,K8 V,5096.00,0.849000,0.785000
TOI-2525 c,TOI-2525,2,Transit,2023,49.25190000000,0.2490000000,10.13291855,208.81326340,395.39800000,86.8509737,-60.5213081,K8 V,5096.00,0.849000,0.785000
TOI-2529 b,TOI-2529,1,Transit,2024,64.59490000000,0.3270000000,11.54525012,743.71847238,296.27100000,118.9945352,-52.3548332,,5802.00,1.110000,1.700000
TOI-2537 b,TOI-2537,2,Transit,2024,94.10220000000,0.3715000000,11.25381662,415.40172795,184.98600000,54.3882661,10.0577464,,4870.00,0.771000,0.771000
TOI-2537 c,TOI-2537,2,Radial Velocity,2024,1920.00000000000,2.7800000000,12.70000000,2297.89938261,184.98600000,54.3882661,10.0577464,,4870.00,0.771000,0.771000
TOI-2545 b,TOI-2545,1,Transit,2022,7.99403700000,,2.75000000,8.00000000,107.11800000,135.5458029,-3.4208194,,5846.29,1.055000,1.253240
TOI-2567 b,TOI-2567,1,Transit,2022,5.98394400000,0.0672000000,10.92875618,63.88350981,504.77500000,288.4656683,66.3479375,,5611.00,1.130000,1.686000
TOI-257 b,TOI-257,1,Transit,2021,18.38818000000,0.1528000000,7.16253867,43.86032017,76.90280000,47.5172608,-50.8322632,,6095.00,1.407000,1.867000
TOI-2570 b,TOI-2570,1,Transit,2022,2.98876150000,0.0414500000,13.64132951,260.61929374,361.85700000,87.1880397,32.0840435,,5771.00,1.063000,1.095000
TOI-2580 b,TOI-2580,1,Transit,2024,3.39775000000,0.0480000000,17.37392009,200.23189641,379.25300000,62.1992072,67.1165264,F,6120.00,1.330000,1.810000
TOI-2583 A b,TOI-2583 A,1,Transit,2023,4.52072650000,0.0571000000,14.45958510,79.45710175,566.18900000,272.2670293,45.3368996,,5936.00,1.215000,1.477000
TOI-2587 A b,TOI-2587 A,1,Transit,2023,5.45664000000,0.0635000000,12.07207221,69.28659273,373.67500000,115.9317105,-1.0733330,,5760.00,1.150000,1.726000
TOI-2589 b,TOI-2589,1,Transit,2023,61.62770000000,0.3000000000,12.10569916,1112.39942450,200.27300000,107.4881501,-37.2309480,,5579.00,0.930000,1.070000
TOI-260 b,TOI-260,1,Transit,2024,13.47585300000,0.0943000000,1.71000000,4.23000000,20.18520000,4.7730178,-9.9661505,K8 V,4026.00,0.616000,0.607000
TOI-261.01,TOI-261,2,Transit,2021,3.36392540000,0.0347921890,3.04498630,9.51000000,114.49500000,15.2181412,-24.4239934,,5890.30,0.496728,1.280180
TOI-261.02,TOI-261,2,Transit,2021,13.03935862135,,3.34822227,11.20000000,114.49500000,15.2181412,-24.4239934,,5890.30,1.069000,1.313830
TOI-262 b,TOI-262,1,Transit,2023,11.14529000000,0.1630000000,2.07000000,4.94000000,43.93200000,32.5346870,-31.0706272,K0 V,5310.00,0.913000,0.853000
TOI-2641 b,TOI-2641,1,Transit,2023,4.88097400000,0.0607000000,18.10250383,122.68176510,344.04500000,171.1303716,-42.7321394,F9 V,6100.00,1.160000,1.336000
TOI-2654 b,TOI-2654,1,Transit,2026,2.96760425926,,7.94454164,48.40000000,248.96400000,52.9815377,-47.9946912,,4594.08,0.690000,0.756095
TOI-2669 b,TOI-2669,1,Transit,2022,6.20340000000,,19.72780603,193.87532827,393.44300000,134.7226445,-13.3125792,,4800.00,1.190000,4.100000
TOI-269 b,TOI-269,1,Transit,2021,3.69771040000,0.0345000000,2.77000000,8.80000000,57.02250000,75.8462827,-54.1777213,M2 V,3514.00,0.391700,0.398000
TOI-270 b,TOI-270,3,Transit,2019,3.35992000000,0.0319700000,1.28000000,1.48000000,22.47930000,68.4160804,-51.9573937,M3 V,3506.00,0.386000,0.380000
TOI-270 c,TOI-270,3,Transit,2019,5.66051000000,0.0452600000,2.33000000,6.20000000,22.47930000,68.4160804,-51.9573937,M,3506.00,0.386000,0.380000
TOI-270 d,TOI-270,3,Transit,2019,11.38194000000,0.0721000000,2.00000000,4.20000000,22.47930000,68.4160804,-51.9573937,M3 V,3506.00,0.386000,0.380000
TOI-2714 b,TOI-2714,1,Transit,2024,2.49938700000,0.0360000000,13.72000000,228.00000000,597.87300000,61.4012482,-14.9267458,,5665.00,1.070000,1.250000
TOI-2719 b,TOI-2719,1,Transit,2025,3.37594000000,,5.98000000,29.90000000,588.36800000,71.5549449,-0.8048725,,5762.00,1.020000,1.690000
TOI-2768 b,TOI-2768,1,Transit,2024,1.50801000000,0.0270000000,2.63000000,7.41000000,78.45250000,99.3641336,-15.4812031,M,4008.00,0.630000,0.657000
TOI-277 b,TOI-277,1,Transit,2022,3.99400000000,0.0269000000,2.65000000,7.51000000,64.66920000,19.0766985,-20.9532772,,4031.00,0.160000,0.362000
TOI-2796 b,TOI-2796,1,Transit,2023,4.80849830000,0.0569000000,17.26183028,139.84449908,350.34300000,84.1527191,0.8962788,,5764.00,1.063000,1.069000
TOI-2803 A b,TOI-2803 A,1,Transit,2023,1.96229325000,0.0318500000,18.11371281,309.88269682,494.81800000,93.1147397,-23.4924956,,6280.00,1.118000,1.245000
TOI-2818 b,TOI-2818,1,Transit,2023,4.03970900000,0.0493000000,15.27784069,225.65816897,312.67400000,119.0598183,-35.1167104,,5721.00,0.977000,1.229000
TOI-283 b,TOI-283,1,Transit,2025,17.61745000000,0.1230000000,2.34000000,6.54000000,82.70130000,118.5693065,-65.4414820,K,5213.00,0.800000,0.850000
TOI-2842 b,TOI-2842,1,Transit,2023,3.55140580000,0.0475000000,12.84549188,117.59651059,460.99500000,108.0442066,-10.6393400,,5910.00,1.135000,1.265000
TOI-286 b,TOI-286,2,Transit,2024,4.51172440000,0.0503000000,1.42000000,4.53000000,59.22930000,90.9842762,-60.6663348,K3 V,5152.00,0.832000,0.780000
TOI-286 c,TOI-286,2,Transit,2024,39.36182600000,0.2130000000,1.88000000,3.72000000,59.22930000,90.9842762,-60.6663348,K3 V,5152.00,0.832000,0.780000
TOI-2876 b,TOI-2876,1,Transit,2025,6.29964310000,0.0654000000,9.63972340,54.03082919,225.74400000,110.2473528,-21.1146384,,5271.00,0.939000,0.873000
TOI-2886 b,TOI-2886,1,Transit,2025,1.60200105000,0.0287100000,18.64053490,444.95976980,413.67300000,110.0076569,-10.5698414,,6240.00,1.229000,1.241000
TOI-2969 b,TOI-2969,1,Transit,2025,1.82371460000,0.0261000000,12.32987877,368.68095212,163.99600000,150.0626247,-47.4452436,K3 V,4738.00,0.710000,0.700000
TOI-2977 b,TOI-2977,1,Transit,2023,2.35056140000,0.0338600000,13.15934334,533.95172376,,143.9265177,-60.3574758,,5691.00,0.936000,1.073000
TOI-2981 b,TOI-2981,1,Transit,2024,3.60150100000,0.0480000000,13.40000000,638.00000000,527.78900000,163.4873940,-25.5245988,,5940.00,1.030000,1.080000
TOI-2986 b,TOI-2986,1,Transit,2025,3.27836620000,0.0448900000,9.29224500,96.61983573,563.14900000,163.7715605,-6.4784524,,5906.00,1.122000,1.458000
TOI-2989 b,TOI-2989,1,Transit,2025,3.12283200000,0.0384000000,12.55405838,953.48522100,195.79500000,171.2316754,-27.0623619,K4 V,4672.00,0.770000,0.760000
TOI-2992 b,TOI-2992,1,Transit,2025,3.00781200000,0.0434000000,13.75341932,1058.36859531,542.02600000,164.3165643,-32.3224375,,6000.00,1.210000,1.545000
TOI-3023 b,TOI-3023,1,Transit,2023,3.90149710000,0.0505000000,16.43236571,197.05361234,389.91600000,165.3158231,-72.3567044,,5760.00,1.120000,1.668000
TOI-3071 b,TOI-3071,1,Transit,2024,1.26693800000,0.0249000000,7.16000000,68.20000000,485.21900000,173.2790517,-56.5033871,,6177.00,1.290000,1.310000
TOI-3082 b,TOI-3082,1,Transit,2023,1.92690700000,,3.66210000,13.00000000,113.04800000,195.9080719,-19.2189845,,4263.00,0.664000,0.684700
TOI-3135 b,TOI-3135,1,Transit,2025,3.70655850000,0.0475600000,13.65253849,327.36325921,221.67300000,207.8592276,-69.7725635,,5890.00,1.044000,0.985000
TOI-3160 A b,TOI-3160 A,1,Transit,2025,3.97128100000,0.0505000000,13.76462830,378.21580433,567.67800000,224.5658555,-27.6825503,,6190.00,1.088000,1.346000
TOI-3235 b,TOI-3235,1,Transit,2023,2.59261842000,0.0270900000,11.39953337,211.35589065,72.81100000,207.4738488,-46.0665139,M V,3388.80,0.393900,0.369700
TOI-3261 b,TOI-3261,1,Transit,2024,0.88313310000,0.0171400000,3.82000000,30.30000000,300.14100000,47.7285242,-73.5319720,K1.5+/-1,5068.00,0.861000,0.849000
TOI-3288 b,TOI-3288,1,Transit,2025,1.43386470000,0.0228500000,12.24020692,536.17652261,200.50000000,297.1103158,-43.0180008,M0&plusmn;0.5,4072.00,0.643000,0.672000
TOI-329 b,TOI-329,1,Transit,2024,5.70439000000,0.0638000000,4.94057819,40.40000000,284.38800000,351.3210955,-15.6346313,,5614.00,1.067800,1.532600
TOI-332 b,TOI-332,1,Transit,2023,0.77703800000,0.0159000000,3.20000000,57.20000000,222.85200000,348.0589516,-44.8764852,K0 V,5251.00,0.880000,0.870000
TOI-3321 b,TOI-3321,1,Transit,2024,3.65251450000,0.0470000000,15.55806521,176.07693748,285.89500000,265.7603351,-65.0082516,,5850.00,1.041000,1.549000
TOI-333 b,TOI-333,1,Transit,2025,3.78525030000,0.0490000000,4.26000000,20.10000000,352.26900000,353.3574989,-41.1715206,,6241.00,1.200000,1.100000
TOI-3331 A b,TOI-3331 A,1,Transit,2022,2.01802310000,0.0314400000,12.97999965,721.47048389,217.19300000,271.3241672,-34.1071710,,5609.00,1.016000,0.952000
TOI-3353.01,TOI-3353,1,Transit,2024,4.66579650000,0.0601182180,2.66675550,7.59000000,78.75770000,106.5298146,-75.8195594,,6365.00,1.332089,1.020700
TOI-3362 b,TOI-3362,1,Transit,2021,18.09547000000,0.1530000000,12.80065596,1598.35905880,366.98700000,155.9841428,-56.8431169,,6532.00,1.445000,1.830000
TOI-3364 b,TOI-3364,1,Transit,2023,5.87689180000,0.0675000000,12.22899794,530.77343969,277.89900000,144.5377709,-49.3352226,,5706.00,1.186000,1.419000
TOI-3457 b,TOI-3457,1,Transit,2026,32.60026800000,0.2001000000,10.64000000,797.74930157,370.66600000,183.2082686,-79.7572043,,6300.00,1.040000,1.474000
TOI-3464 b,TOI-3464,1,Transit,2025,3.65155680000,0.0515000000,13.76462830,397.28550875,597.77400000,234.4830357,-44.7899772,,6370.00,1.363000,1.560000
TOI-3474 b,TOI-3474,1,Transit,2025,3.87951050000,0.0502000000,14.67255574,193.87532827,420.12300000,233.5033482,-47.9636597,,6020.00,1.121000,1.256000
TOI-3486 b,TOI-3486,1,Transit,2025,2.21778105000,0.0313800000,10.57006880,99.16246298,154.71500000,249.4432035,-59.3051077,,4930.00,0.837000,0.788000
TOI-3493 b,TOI-3493,1,Transit,2025,8.15946670000,,3.22000000,8.97000000,96.72240000,205.7990331,-22.5854441,G1/2 V,5844.00,1.023000,1.228000
TOI-3523 A b,TOI-3523 A,1,Transit,2025,2.30458952000,0.0355900000,15.97279750,435.42491759,645.29400000,304.2834581,42.9065338,,6450.00,1.131000,1.448000
TOI-3540 A b,TOI-3540 A,1,Transit,2022,3.11999900000,0.0428900000,23.53885947,375.03752026,,328.9113712,28.1794996,,5810.00,1.081000,1.228000
TOI-3568 b,TOI-3568,1,Transit,2024,4.41796500000,0.0485000000,5.30000000,26.40000000,197.90600000,322.6023682,34.7395805,,4969.00,0.780000,0.719000
TOI-3593 b,TOI-3593,1,Transit,2025,3.82128670000,0.0481000000,11.02963701,565.73456446,226.63000000,331.5063640,34.2116583,,5550.00,1.015000,0.918000
TOI-3629 b,TOI-3629,1,Transit,2022,3.93655100000,0.0430000000,8.29464572,82.63538582,130.09100000,359.7933851,39.3142556,M1,3870.00,0.630000,0.600000
TOI-3664 b,TOI-3664,1,Transit,2026,3.29748390000,0.0431000000,13.69737442,114.41822652,464.74800000,35.3084940,59.7118568,,5593.00,0.980000,1.110000
TOI-3682 b,TOI-3682,1,Transit,2025,3.34624060000,0.0480000000,12.80065596,69.28659273,404.21100000,50.2752271,25.2972658,,5703.00,1.320000,1.735000
TOI-3688 A b,TOI-3688 A,1,Transit,2023,3.24607500000,0.0456000000,13.08088048,311.47183886,396.37800000,39.2823371,54.8512152,,5950.00,1.199000,1.302000
TOI-3693 b,TOI-3693,1,Transit,2022,9.08851600000,0.0813000000,12.59889431,324.18497514,176.43600000,15.6543938,51.3038918,,5321.00,0.867000,0.791000
TOI-3714 b,TOI-3714,1,Transit,2022,2.15484900000,0.0270000000,11.32107051,222.47988490,112.71000000,69.5523415,39.4580035,M2,3660.00,0.530000,0.510000
TOI-375 b,TOI-375,3,Transit,2026,9.45469000000,0.0990000000,10.77183045,236.78216321,396.21300000,47.1499034,-77.3833275,,5259.90,1.441000,2.900000
TOI-375 c,TOI-375,3,Radial Velocity,2026,115.50000000000,0.5240000000,13.40000000,669.34662514,396.21300000,47.1499034,-77.3833275,,5259.90,1.441000,2.900000
TOI-375 d,TOI-375,3,Radial Velocity,2026,297.90000000000,0.9840000000,13.60000000,445.59542661,396.21300000,47.1499034,-77.3833275,,5259.90,1.441000,2.900000
TOI-3757 b,TOI-3757,1,Transit,2022,3.43875300000,0.0384500000,12.00000000,85.30000000,181.13900000,91.0036423,55.0199793,M0 V,3913.00,0.640000,0.620000
TOI-3785 b,TOI-3785,1,Transit,2023,4.67473730000,0.0430000000,5.14000000,14.95000000,79.76340000,130.9002258,63.0780768,M2 V,3576.00,0.520000,0.500000
TOI-3807 b,TOI-3807,1,Transit,2023,2.89897270000,0.0421000000,18.49481816,330.54154328,421.74500000,139.1125648,69.0741284,,5772.00,1.181000,1.468000
TOI-3819 b,TOI-3819,1,Transit,2023,3.24431410000,0.0461100000,13.13692538,352.78953177,558.14100000,121.8632568,29.3886446,,5859.00,1.242000,1.538000
TOI-3837 b,TOI-3837,1,Transit,2025,11.88865000000,0.0990000000,10.87271128,187.51876013,311.70500000,152.6662832,24.2731213,,5905.00,0.890000,1.200000
TOI-3856 b,TOI-3856,1,Transit,2025,2.04360352000,0.0325000000,13.59649359,171.62733978,314.44300000,145.2229223,27.9501580,,5622.00,1.096000,1.055000
TOI-3862 b,TOI-3862,1,Transit,2026,1.55745774000,0.0253900000,5.53000000,53.70000000,249.02000000,185.9005633,50.5446246,,5300.00,0.900000,0.920000
TOI-3877 b,TOI-3877,1,Transit,2025,4.12359600000,0.0529000000,11.67975789,99.79811980,493.77000000,170.4544727,33.9913822,,5731.00,1.160000,1.445000
TOI-3884 b,TOI-3884,1,Transit,2022,4.54458280000,0.0361000000,6.43000000,32.59000000,43.14480000,181.5718341,12.5070258,M4,3180.00,0.298000,0.302000
TOI-3894 b,TOI-3894,1,Transit,2024,4.33454000000,0.0535400000,15.27784069,260.61929374,417.36500000,201.3748265,52.7681036,,6000.00,1.138000,1.502000
TOI-3896 b,TOI-3896,1,Transit,2026,4.37730369667,,3.14949237,10.10000000,181.65300000,187.9302395,63.9085462,,5110.91,0.860000,0.747752
TOI-3912 b,TOI-3912,1,Transit,2023,3.49362640000,0.0463000000,14.28024141,129.03833324,465.99200000,215.8014956,24.0765639,,5725.00,1.088000,1.392000
TOI-3919 b,TOI-3919,1,Transit,2024,7.43323400000,0.0795000000,12.31866979,1233.17421916,604.59100000,208.9447534,40.3918061,,6100.00,1.208000,1.319000
TOI-3976 A b,TOI-3976 A,1,Transit,2023,6.60766200000,0.0743000000,12.27383387,55.61997123,516.08700000,224.3560083,44.2743223,,5975.00,1.254000,1.501000
TOI-3980 b,TOI-3980,1,Transit,2025,3.60892540000,0.0494000000,14.45958510,187.51876013,486.72100000,12.8419374,59.5758606,,5840.00,1.240000,1.626000
TOI-3984 A b,TOI-3984 A,1,Transit,2023,4.35332600000,0.0410000000,7.90000000,44.00000000,108.88300000,226.3371468,36.7869747,M4+/-0.5,3476.00,0.490000,0.470000
TOI-4010 b,TOI-4010,4,Transit,2023,1.34833500000,0.0229000000,3.02000000,11.00000000,177.50400000,20.2148196,66.0722009,K V,4960.00,0.880000,0.830000
TOI-4010 c,TOI-4010,4,Transit,2023,5.41465400000,0.0580000000,5.93000000,20.31000000,177.50400000,20.2148196,66.0722009,K V,4960.00,0.880000,0.830000
TOI-4010 d,TOI-4010,4,Transit,2023,14.70886000000,0.1130000000,6.18000000,38.15000000,177.50400000,20.2148196,66.0722009,K V,4960.00,0.880000,0.830000
TOI-4010 e,TOI-4010,4,Radial Velocity,2023,762.00000000000,1.5700000000,13.30000000,692.00000000,177.50400000,20.2148196,66.0722009,K V,4960.00,0.880000,0.830000
TOI-4029 b,TOI-4029,1,Transit,2026,5.88498234631,,6.73756618,36.60000000,274.43600000,239.2337189,16.9802854,,5662.53,1.018000,1.178340
TOI-4030 b,TOI-4030,1,Transit,2026,2.50900199461,,5.84625590,28.80000000,571.61500000,277.6228367,56.7704522,,5640.37,0.980000,0.991737
TOI-4034 b,TOI-4034,1,Transit,2026,1.80209320000,0.0328900000,17.71018951,276.51071409,745.14500000,335.1469845,71.7673462,,5891.00,1.190000,1.830000
TOI-406 c,TOI-406,2,Transit,2024,3.30744100000,0.0322000000,1.32000000,2.08000000,31.05970000,49.2626428,-42.2441492,M3,3392.00,0.408000,0.410000
TOI-406.01,TOI-406,2,Transit,2024,13.17568200000,0.0809000000,2.08000000,6.57000000,31.05970000,49.2626428,-42.2441492,M3,3392.00,0.408000,0.410000
TOI-4087 b,TOI-4087,1,Transit,2023,3.17748350000,0.0446900000,13.04725353,232.01473711,301.67600000,217.9257785,83.3727061,,6060.00,1.178000,1.112000
TOI-411 b,HD 22946,3,Transit,2022,4.04029500000,0.0572700000,1.36200000,13.71000000,62.77920000,54.8195380,-42.7630276,F7/F8V,6169.00,1.098000,1.117000
TOI-411 c,HD 22946,3,Transit,2022,9.57308300000,0.1017000000,2.32800000,9.72000000,62.77920000,54.8195380,-42.7630276,F7/F8V,6169.00,1.098000,1.117000
TOI-4127 b,TOI-4127,1,Transit,2023,56.39870000000,0.3030000000,12.07000000,743.71847238,319.63200000,105.4045516,72.4149297,F V,6096.00,1.230000,1.293000
TOI-4137 b,TOI-4137,1,Transit,2022,3.80161220000,0.0522200000,13.57407563,457.67290608,334.99300000,77.6128790,70.3910790,,6202.00,1.313000,1.438000
TOI-4145 A b,TOI-4145 A,1,Transit,2023,4.06644280000,0.0482300000,13.30506009,136.66621501,205.38700000,39.4297435,80.2673838,,5281.00,0.905000,0.859000
TOI-4153 b,TOI-4153,1,Transit,2024,4.61741410000,0.0631100000,16.11851425,365.50266805,423.84000000,335.3934698,82.2160792,,6860.00,1.572000,1.605000
TOI-4155 b,TOI-4155,1,Transit,2025,3.32072900000,,3.21000000,10.40000000,240.73700000,325.6362269,77.7343836,,5724.00,1.160000,0.950000
TOI-4156 b,TOI-4156,2,Transit,2026,4.46189034133,,2.53823825,6.98000000,213.71900000,230.7808336,76.3318816,,5971.64,1.100000,1.039630
TOI-4156 c,TOI-4156,2,Transit,2026,12.82282706375,,2.92303762,8.87000000,213.71900000,230.7808336,76.3318816,,5971.64,1.100000,1.039630
TOI-4184 b,TOI-4184,1,Transit,2023,4.90198040000,0.0336000000,2.43000000,6.48000000,69.36490000,43.8284749,-79.4147039,M5.5+/-0.5,3238.00,0.210900,0.234700
TOI-4201 b,TOI-4201,1,Transit,2023,3.58191940000,0.0400000000,13.67495645,788.21444936,189.01100000,90.4747237,-13.4613710,M1.0+/-0.5,3794.00,0.610000,0.630000
TOI-421 b,TOI-421,2,Transit,2020,5.19757600000,0.0554000000,2.64000000,6.70000000,74.79690000,81.8532824,-14.2767404,G9 V,5291.00,0.833000,0.866000
TOI-421 c,TOI-421,2,Transit,2020,16.06754100000,0.1170000000,5.09000000,14.10000000,74.79690000,81.8532824,-14.2767404,G9 V,5291.00,0.833000,0.866000
TOI-4214 b,TOI-4214,1,Transit,2025,3.49138850000,0.0501800000,10.68215861,165.27077164,346.88100000,110.2495104,-13.9262649,,6370.00,1.382000,1.434000
TOI-4308 b,TOI-4308,1,Transit,2023,9.15120100000,,2.41890000,6.43000000,108.93200000,327.7530693,-43.5623642,,5243.00,0.900000,0.793400
TOI-431 b,TOI-431,3,Transit,2021,0.49004700000,0.0113000000,1.28000000,3.07000000,32.56860000,83.2692502,-26.7238698,,4850.00,0.780000,0.731000
TOI-431 c,TOI-431,3,Radial Velocity,2021,4.84940000000,0.0520000000,1.49000000,2.83000000,32.56860000,83.2692502,-26.7238698,,4850.00,0.780000,0.731000
TOI-431 d,TOI-431,3,Transit,2021,12.46103000000,0.0980000000,3.29000000,9.90000000,32.56860000,83.2692502,-26.7238698,,4850.00,0.780000,0.731000
TOI-4311 b,TOI-4311,2,Transit,2026,0.99027380000,0.0181700000,1.37600000,4.50000000,134.98800000,41.6855224,-31.1793201,K,5063.00,0.816000,0.844100
TOI-4311 c,TOI-4311,2,Transit,2026,15.07042500000,0.1116000000,2.47000000,13.58000000,134.98800000,41.6855224,-31.1793201,K,5063.00,0.816000,0.844100
TOI-4329 b,TOI-4329,1,Transit,2022,2.92230000000,,16.81347105,143.02278315,717.12800000,329.5639152,71.1316048,,6000.00,1.538000,2.310000
TOI-4336 A b,TOI-4336 A,2,Transit,2024,16.33635100000,0.0849000000,2.13700000,3.33000000,22.54550000,206.1070129,-40.3373505,M3.5 V,3307.00,0.306000,0.326000
TOI-4336 A c,TOI-4336 A,2,Transit,2026,7.58726600000,0.0509200000,1.25100000,1.55000000,22.54550000,206.1070129,-40.3373505,M3.5 V,3307.00,0.306000,0.326000
TOI-4342 b,TOI-4342,2,Transit,2023,5.53825920000,0.0519000000,2.32900000,7.30000000,61.52040000,324.3894196,-77.9791468,M0 V,3866.00,0.587000,0.598000
TOI-4342 c,TOI-4342,2,Transit,2023,10.68866200000,0.0804000000,2.34900000,4.80000000,61.52040000,324.3894196,-77.9791468,M0 V,3866.00,0.587000,0.598000
TOI-4363 b,TOI-4363,1,Transit,2026,2.11867592279,,1.76689273,3.77000000,77.77510000,37.1105554,-12.5493631,,4278.45,0.620000,0.691320
TOI-4364 b,TOI-4364,1,Transit,2025,5.42401900000,0.0475300000,2.01000000,4.70000000,43.96620000,80.0669270,-4.2392481,M4 V,3528.00,0.487000,0.468400
TOI-4377 b,TOI-4377,1,Transit,2023,4.37808100000,0.0579000000,15.10970598,304.16178550,455.82000000,164.9324709,-82.2213501,,4974.00,1.360000,3.520000
TOI-4379 b,TOI-4379,1,Transit,2024,3.25352000000,,16.69017226,353.74301699,645.15800000,252.0478813,-32.4337532,,6020.00,1.372000,1.976000
TOI-4405 b,TOI-4405,1,Transit,2026,5.92143995316,,2.55505441,7.06000000,155.50100000,101.5953368,-75.4441271,,4467.38,0.680000,0.687025
TOI-4406 b,TOI-4406,1,Transit,2023,30.08364000000,0.2010000000,11.20898070,95.34852210,261.83400000,18.0485164,-56.9253875,,6219.00,1.190000,1.290000
TOI-4438 b,TOI-4438,1,Transit,2024,7.44628000000,0.0534000000,2.52000000,5.40000000,30.03460000,270.3172389,35.5948992,M3.5 V,3422.00,0.368000,0.372000
TOI-444 b,TOI-444,1,Transit,2023,17.96360000000,0.1330000000,2.77000000,8.10000000,57.39730000,64.1839982,-26.7664071,K1/2 V,5225.00,0.960000,0.779000
TOI-4443.01,TOI-4443,1,Transit,2024,1.84985670000,0.0299626450,1.71932650,3.60000000,56.07390000,274.2686643,21.9095459,,5834.00,1.049133,1.017330
TOI-4463 A b,TOI-4463 A,1,Transit,2023,2.88071980000,0.0403600000,13.26022417,252.35575516,173.11700000,279.3581286,18.7299522,,5640.00,1.056000,1.062000
TOI-4465 b,TOI-4465,1,Transit,2025,101.94054000000,0.4160000000,14.01122587,1872.00931723,121.13900000,276.1340312,15.8418856,G V,5545.00,0.930000,1.014000
TOI-4479 b,TOI-4479,1,Transit,2022,1.15890000000,0.0164000000,2.82000000,8.35000000,80.65320000,316.0969388,24.6536739,M3.0,3400.00,0.452000,0.451000
TOI-4487 A b,TOI-4487 A,1,Transit,2025,3.95407090000,0.0544800000,14.60530185,397.28550875,479.14500000,306.4220814,45.9710306,,6206.00,1.378000,1.634000
TOI-4495 b,TOI-4495,2,Transit,2026,2.56699000000,0.0395700000,2.48300000,7.70000000,132.21400000,286.3624951,37.0259902,,6210.00,1.247000,1.309000
TOI-4495 c,TOI-4495,2,Transit,2024,5.18553000000,0.0632300000,4.03000000,23.20000000,132.21400000,286.3624951,37.0259902,,6210.00,1.247000,1.309000
TOI-4504 b,TOI-4504,3,Transit,2024,2.42614000000,0.0339200000,2.69100000,7.71000000,342.60500000,114.4673065,-62.0782776,K1 V,5315.00,0.890000,0.920000
TOI-4504 c,TOI-4504,3,Transit,2024,82.97213000000,0.3569000000,11.09689089,1197.32317485,342.60500000,114.4673065,-62.0782776,K1 V,5315.00,0.890000,0.920000
TOI-4504 d,TOI-4504,3,Transit Timing Variations,2024,40.56340000000,0.2219000000,13.60000000,450.23572136,342.60500000,114.4673065,-62.0782776,K1 V,5315.00,0.890000,0.920000
TOI-4507 b,TOI-4507,1,Transit,2025,104.61611000000,0.4560000000,8.20000000,20.00000000,178.26000000,80.4513677,-69.9882175,F,6260.00,1.110000,1.040000
TOI-451 b,TOI-451,3,Transit,2020,1.85870330000,0.0274000000,1.84000000,4.70000000,123.73900000,62.9663850,-37.9397300,G8 V,5490.00,0.930000,0.850000
TOI-451 c,TOI-451,3,Transit,2020,9.19246300000,0.0795000000,2.93000000,3.70000000,123.73900000,62.9663850,-37.9397300,G8 V,5490.00,0.930000,0.850000
TOI-451 d,TOI-451,3,Transit,2020,16.36496200000,0.1168000000,3.93000000,10.20000000,123.73900000,62.9663850,-37.9397300,G8 V,5490.00,0.930000,0.850000
TOI-4511 b,TOI-4511,1,Transit,2026,10.98090968596,,2.75304932,8.01000000,121.83200000,49.3052786,15.5017268,,5418.77,1.017000,1.001450
TOI-4513 b,TOI-4513,1,Transit,2026,9.76042253684,,2.34587608,6.11000000,102.60900000,18.0905179,13.7550796,,5623.93,0.979000,0.796628
TOI-4515 b,TOI-4515,1,Transit,2024,15.26644600000,0.1180000000,12.17000000,637.00000000,193.49900000,21.1861778,21.5130638,G8/G9,5433.00,0.949000,0.860000
TOI-4527.01,TOI-4527,1,Transit,2024,0.39944450000,0.0083323530,0.90866170,0.68900000,18.10370000,19.4722574,5.4711996,M2V:,3702.00,0.483901,0.485948
TOI-4529 b,TOI-4529,1,Transit,2026,5.87957700000,,1.77000000,4.90000000,28.38400000,16.9688462,12.8809549,M1.5 V,3697.00,0.482000,0.480000
TOI-4551 b,TOI-4551,1,Transit,2023,9.95581000000,0.0994000000,11.85910158,473.56432643,215.98600000,184.9787579,-25.8278531,,4896.00,1.310000,3.550000
TOI-4552 b,TOI-4552,1,Transit,2026,0.30110032000,0.0056255000,1.11000000,1.83000000,27.26840000,264.7142556,-47.6370457,M4.5 V,3258.00,0.261900,0.286900
TOI-4559 b,TOI-4559,1,Transit,2024,3.96599100000,0.0359000000,1.41500000,2.59000000,31.63540000,211.0135378,-30.0141252,,3558.00,0.392000,0.374000
TOI-4561 b,TOI-4561,1,Transit,2026,8.93547936706,,1.77789214,3.81000000,179.00800000,60.9618951,-76.0214574,,5537.93,1.000000,0.851957
TOI-4562 b,TOI-4562,2,Transit,2023,225.10640000000,0.7680000000,12.53000000,732.00000000,339.60500000,112.0100593,-63.5177788,F7 V,6096.00,1.192000,1.152000
TOI-4562 c,TOI-4562,2,Transit Timing Variations,2024,3990.00000000000,5.2190000000,12.80000000,1833.86990839,339.60500000,112.0100593,-63.5177788,F7 V,6096.00,1.192000,1.152000
TOI-4578 b,TOI-4578,1,Transit,2026,8.62392630369,,2.26974262,5.77000000,182.24900000,184.2109675,75.1402358,,5951.32,1.077000,0.878735
TOI-4582 b,TOI-4582,1,Transit,2023,31.03400000000,,10.53644186,168.44905571,383.84600000,256.8601374,68.8656263,,5190.00,1.340000,2.500000
TOI-4588 b,TOI-4588,1,Transit,2026,13.11881173651,0.1376000000,2.92922558,8.90000000,225.18100000,282.0004201,48.5422560,,7746.12,2.018000,1.574580
TOI-4600 b,TOI-4600,2,Transit,2023,82.68690000000,0.3490000000,6.80000000,959.84178914,216.05600000,258.4503674,64.5661727,K V,5170.00,0.890000,0.810000
TOI-4600 c,TOI-4600,2,Transit,2023,482.81910000000,1.1520000000,9.42000000,2946.26933289,216.05600000,258.4503674,64.5661727,K V,5170.00,0.890000,0.810000
TOI-4602.01,TOI-4602,1,Transit,2024,3.98129990000,0.0474700000,2.45000000,5.53000000,63.06370000,60.6003316,31.3298354,G5,5966.00,0.900000,1.080000
TOI-4603 b,TOI-4603,1,Transit,2023,7.24599000000,0.0888000000,11.67975789,4096.80816623,225.64300000,83.8659288,21.2942417,F,6264.00,1.765000,2.738000
TOI-4633 c,TOI-4633,1,Transit,2024,271.94450000000,0.8470000000,3.20000000,123.00000000,95.20160000,256.8431021,62.4755480,G V,5800.00,1.100000,1.050000
TOI-4638.01,TOI-4638,1,Transit,2024,10.28391878700,0.0930130000,2.93300000,8.92000000,168.24800000,12.8206627,12.7879858,,5700.00,1.020000,0.895000
TOI-4640 b,TOI-4640,1,Transit,2026,2.68566015238,,2.84326517,8.46000000,245.08900000,38.2053190,10.0724659,,5743.01,1.100000,1.067150
TOI-4641 b,TOI-4641,1,Transit,2023,22.09341000000,0.1730000000,8.18255591,1229.99593509,86.35010000,42.5582023,25.3335334,,6560.00,1.410000,1.720000
TOI-4662 b,TOI-4662,1,Transit,2026,4.70343764575,,2.87998299,8.65000000,111.04700000,57.5160311,-31.0940247,,4520.41,0.703000,0.693750
TOI-4666 b,TOI-4666,1,Transit,2025,2.90891650000,0.0340000000,12.53164042,155.41809102,154.74900000,56.2898862,-39.0631799,M2&plusmn;0.5,3793.00,0.576000,0.585000
TOI-469.01,TOI-469,3,Transit,2021,13.63082050000,0.1110000000,3.41000000,9.10000000,68.19200000,93.0578446,-14.6493167,,5289.00,0.901000,0.980000
TOI-470 b,TOI-470,1,Transit,2023,12.19148000000,0.1190000000,4.34000000,17.40000000,130.46000000,94.0099043,-25.0314111,G,5190.00,0.870000,0.831000
TOI-4734 b,TOI-4734,1,Transit,2025,6.23563300000,0.0740000000,10.91754720,61.65871096,563.06800000,90.3581219,12.5478825,,6070.00,1.391000,1.857000
TOI-4747 b,TOI-4747,1,Transit,2026,5.21924158592,,3.95803201,14.80000000,304.61500000,86.4276650,-45.0292291,,5595.08,1.010000,0.988751
TOI-4773 b,TOI-4773,1,Transit,2025,1.74528510000,0.0321600000,15.22179579,1687.66884117,492.88800000,114.9426489,-21.4856184,,6740.00,1.452000,1.550000
TOI-4791 b,TOI-4791,1,Transit,2023,4.28088000000,0.0555000000,12.44196858,734.18362017,328.80200000,109.3883818,-19.8289392,,6058.00,1.242000,1.409000
TOI-4794 b,TOI-4794,1,Transit,2025,3.56581160000,0.0492000000,14.35870428,308.29355479,543.00800000,110.4835517,-12.5654781,,6390.00,1.250000,1.451000
TOI-480 b,TOI-480,1,Transit,2024,6.86619600000,0.0770000000,2.85372018,20.80000000,54.53060000,88.3784618,-16.2653974,,6174.00,1.279300,1.487700
TOI-481 b,TOI-481,1,Transit,2020,10.33111000000,0.0970000000,11.09691000,486.27990000,179.36600000,110.5126861,-57.3849980,G,5735.00,1.140000,1.660000
TOI-4860 b,TOI-4860,1,Transit,2023,1.52275910000,0.0180800000,8.70000000,86.70000000,80.14230000,183.5639610,-13.1748411,M3.5 V,3260.00,0.340000,0.358000
TOI-4898 b,TOI-4898,1,Transit,2026,2.76520470167,,3.71979540,13.40000000,98.59580000,197.3416711,-32.8294537,,4201.57,0.619077,0.639344
TOI-4914 b,TOI-4914,1,Transit,2024,10.60057000000,0.0980000000,12.87000000,227.00000000,299.89000000,204.5426717,-28.1429206,,5805.00,1.030000,1.000000
TOI-4930 b,TOI-4930,1,Transit,2026,6.78130241498,,6.93277225,38.40000000,413.75700000,208.6418883,-45.1544786,,5624.72,1.040000,1.159260
TOI-4940 b,TOI-4940,1,Transit,2025,25.86781100000,0.1650000000,6.61000000,89.00000000,345.65900000,58.2511684,-62.4079681,G8 V,5504.00,1.012000,1.163000
TOI-4961 b,TOI-4961,1,Transit,2025,7.47918200000,0.0726000000,12.34108775,572.09113260,213.07300000,192.5018624,-59.8919345,,5380.00,0.912000,0.912000
TOI-4994 b,TOI-4994,1,Transit,2024,21.49198400000,0.1515000000,8.54124329,88.99195396,329.30400000,283.1325335,-78.4344302,,5640.00,1.005000,1.055000
TOI-500 b,TOI-500,4,Transit,2022,0.54817700000,0.0118900000,1.16600000,1.42000000,47.39240000,106.5590980,-47.5878156,K6 V,4440.00,0.740000,0.678000
TOI-500 c,TOI-500,4,Radial Velocity,2022,6.63560000000,,2.09000000,5.03000000,47.39240000,106.5590980,-47.5878156,K6 V,4440.00,0.740000,0.678000
TOI-500 d,TOI-500,4,Radial Velocity,2022,26.23300000000,,6.35000000,33.12000000,47.39240000,106.5590980,-47.5878156,K6 V,4440.00,0.740000,0.678000
TOI-500 e,TOI-500,4,Radial Velocity,2022,61.30000000000,,3.99000000,15.05000000,47.39240000,106.5590980,-47.5878156,K6 V,4440.00,0.740000,0.678000
TOI-5005 b,TOI-5005,1,Transit,2024,6.30850440000,0.0661400000,6.25000000,32.70000000,207.89100000,238.1081940,-48.1451000,G2 V,5749.00,0.970000,0.930000
TOI-5007 b,TOI-5007,1,Transit,2026,2.54337100000,0.0307000000,11.07447293,211.03806225,203.35200000,236.0638704,-61.0413649,M1&plusmn;0.5,3793.00,0.632000,0.656000
TOI-5027 b,TOI-5027,1,Transit,2025,10.24368000000,0.0930000000,10.76062147,642.01338214,204.42900000,243.8850212,-69.2170972,,5909.00,1.020000,0.920000
TOI-5076 b,TOI-5076,1,Transit,2024,23.44316200000,0.1481000000,3.48935569,16.14568308,82.85700000,50.5104166,17.2392094,K2 V,4780.00,0.789000,0.844000
TOI-5082.01,TOI-5082,1,Transit,2024,4.24012200000,0.0512048420,2.54811000,7.03000000,43.14060000,106.5695780,22.6831477,,5670.00,0.996650,0.930000
TOI-5108 b,TOI-5108,1,Transit,2025,6.75358100000,0.0730000000,6.60000000,32.00000000,130.91900000,166.2695041,11.2464069,,5808.00,1.100000,1.290000
TOI-5110 b,TOI-5110,1,Transit,2024,30.15857700000,0.2157000000,11.98240037,921.70238030,392.25900000,94.4042694,31.6103309,,6160.00,1.469000,2.333000
TOI-512 b,TOI-512,1,Transit,2025,7.18886000000,,1.54000000,3.57000000,67.39750000,96.6467023,-38.6072095,,5277.00,0.740000,0.890000
TOI-5126 b,TOI-5126,2,Transit,2023,5.45883850000,0.0651900000,4.74000000,20.20000000,160.41400000,151.6597827,18.6340631,F V,6150.00,1.240000,1.241000
TOI-5126 c,TOI-5126,2,Transit,2023,17.89990000000,0.1439000000,3.86000000,14.20000000,160.41400000,151.6597827,18.6340631,F V,6150.00,1.240000,1.241000
TOI-5143 c,TOI-5143,1,Transit,2025,5.20971180000,0.0560200000,16.25302201,,181.38000000,165.3651202,5.1394812,K V,5183.00,0.864000,0.852000
TOI-5153 b,TOI-5153,1,Transit,2022,20.33003000000,0.1580000000,11.88151954,1036.12060682,390.48400000,91.5403204,-19.9534443,F8 V,6300.00,1.240000,1.400000
TOI-5159 b,TOI-5159,1,Transit,2026,5.83639428843,,1.54732112,3.01000000,55.17880000,142.7859562,20.0193431,,5156.16,0.900000,0.854084
TOI-5160 b,TOI-5160,1,Transit,2026,4.28077325600,,2.39729851,6.33000000,151.46500000,114.6393985,31.3944536,,5622.14,1.003000,1.033150
TOI-5174 b,TOI-5174,1,Transit,2022,12.21428600000,,5.35100000,24.80000000,197.24300000,174.1094967,-2.0233506,,5643.77,1.000000,1.094570
TOI-5181 A b,TOI-5181 A,1,Transit,2025,3.89222950000,0.0522000000,13.34989601,330.54154328,480.15500000,280.6774738,21.6998203,,6060.00,1.250000,1.530000
TOI-519 b,TOI-519,1,Transit,2021,1.26523280000,0.0159000000,11.54525012,147.15455244,115.55700000,124.6067582,-19.6627918,M V,3322.00,0.335000,0.350000
TOI-5205 b,TOI-5205,1,Transit,2023,1.63075700000,0.0199000000,11.60000000,343.00000000,86.44930000,313.7706819,24.3609770,M4.0,3430.00,0.392000,0.394000
TOI-521 b,TOI-521,1,Transit,2025,1.54285047000,0.0195000000,1.98000000,5.30000000,60.94250000,123.3442567,12.2221079,M3,3544.00,0.420000,0.421000
TOI-5210 b,TOI-5210,1,Transit,2025,4.56610610000,0.0557000000,10.72699453,81.99972901,302.08600000,314.3169230,21.9502055,,5723.00,1.105000,1.209000
TOI-5218 b,TOI-5218,1,Transit,2024,4.29145200000,0.0469000000,9.86000000,657.00000000,377.48300000,292.6634642,71.7629612,,4230.00,0.739000,0.708000
TOI-5232 b,TOI-5232,1,Transit,2024,4.09666920000,0.0559300000,12.77823800,743.71847238,609.38800000,294.3374248,35.2764934,,6500.00,1.389000,1.785000
TOI-5238 b,TOI-5238,1,Transit,2022,4.87217100000,,5.22000000,23.70000000,290.64600000,223.3588909,68.8594720,,5631.00,1.000000,1.022830
TOI-5261 b,TOI-5261,1,Transit,2025,4.15097680000,0.0513400000,11.60129502,3651.84839643,377.05400000,305.4585453,19.4358468,,5790.00,1.037000,1.021000
TOI-5292 A b,TOI-5292 A,1,Transit,2026,2.02191000000,0.0279000000,12.64373023,412.85910069,337.09500000,344.2223631,-8.1197473,M0&plusmn;0.5,3919.00,0.596000,0.611000
TOI-5293 A b,TOI-5293 A,1,Transit,2023,2.93028900000,0.0340000000,11.90000000,170.40000000,162.22900000,355.8286820,-2.0450945,M3+/-1,3586.00,0.540000,0.520000
TOI-530 b,TOI-530,1,Transit,2021,6.38759700000,0.0520000000,9.30345398,127.13136280,148.76200000,103.4128333,12.8815784,M0.5 V,3659.00,0.530000,0.540000
TOI-5300 b,TOI-5300,1,Transit,2025,2.26219600000,0.0295000000,9.86390302,190.69704420,162.51000000,356.4811370,0.4587978,K4 V,4610.00,0.670000,0.650000
TOI-5301 b,TOI-5301,1,Transit,2024,5.85885800000,0.0730000000,13.09208946,1182.32167404,629.16100000,12.9908008,13.0783712,,6240.00,1.483000,2.190000
TOI-5319 b,TOI-5319,1,Transit,2024,4.07853000000,0.0506000000,2.83000000,8.40000000,61.17100000,35.2135563,23.5204408,M,3580.00,0.500000,0.485000
TOI-532 b,TOI-532,1,Transit,2021,2.32665080000,0.0296000000,5.82000000,61.50000000,135.04700000,85.0800537,11.5626373,,3927.00,0.639000,0.612000
TOI-5322 b,TOI-5322,1,Transit,2025,5.42332070000,0.0604000000,16.61170940,184.02264765,476.89900000,6.5293373,14.3364283,,5692.00,0.998000,1.462000
TOI-5335 b,TOI-5335,1,Transit,2026,3.61365988443,,4.02422162,15.30000000,331.28900000,46.9523734,15.3590831,,5528.92,0.945000,0.916633
TOI-5340 b,TOI-5340,1,Transit,2025,4.93943920000,0.0628000000,15.07607904,270.15414595,532.62900000,59.3094816,22.3783373,,5990.00,1.350000,1.842000
TOI-5344 b,TOI-5344,1,Transit,2023,3.79262200000,0.0404100000,10.60369574,130.94530368,138.36700000,63.2662165,20.9151568,,3747.00,0.612000,0.588000
TOI-5349 b,TOI-5349,1,Transit,2026,3.31792100000,0.0369000000,10.20000000,127.40000000,188.33600000,52.7125703,20.8796279,M1+/-0.5,3751.00,0.610000,0.580000
TOI-5350 b,TOI-5350,1,Transit,2025,7.58136700000,0.0796000000,12.41955062,2094.48920213,277.41900000,74.4023015,21.6019759,,6220.00,1.167000,1.263000
TOI-5380 b,TOI-5380,1,Transit,2026,3.77229247873,,3.48093238,11.90000000,286.78100000,112.7611492,73.1287844,,6400.78,1.343000,1.562100
TOI-5386 A b,TOI-5386 A,1,Transit,2025,3.62156552000,0.0485600000,14.70618268,155.10026262,394.48600000,226.1069193,60.5362318,,6094.00,1.165000,1.245000
TOI-5388.01,TOI-5388,1,Transit,2024,2.59467480000,0.0243358550,0.99000000,2.20000000,18.52260000,152.1765169,35.5475571,M3.0 V,3440.00,0.292000,0.300000
TOI-5398 b,TOI-5398,2,Transit,2022,10.59054700000,0.0980000000,10.30000000,58.70000000,130.85500000,161.8795569,36.3294345,G V,6000.00,1.146000,1.051000
TOI-5398 c,TOI-5398,2,Transit,2023,4.77271000000,0.0570000000,3.52000000,11.80000000,130.85500000,161.8795569,36.3294345,G V,6000.00,1.146000,1.051000
TOI-540 b,TOI-540,1,Transit,2020,1.23914910000,0.0122300000,0.90300000,0.67400000,14.00220000,76.3096949,-47.9375391,M V,3216.00,0.159000,0.189500
TOI-5422 b,TOI-5422,1,Transit,2026,5.37721900000,0.0619000000,9.10169233,8899.19539600,346.14100000,86.8436173,25.6260342,,5820.00,1.066000,1.474000
TOI-544 b,TOI-544,2,Transit,2022,1.54835200000,0.0225000000,2.01800000,2.89000000,41.11660000,82.2900716,-0.3428983,,4169.00,0.631000,0.623000
TOI-544 c,TOI-544,2,Radial Velocity,2023,50.08900000000,,4.92000000,21.50000000,41.11660000,82.2900716,-0.3428983,,4169.00,0.631000,0.623000
TOI-5486 b,TOI-5486,1,Transit,2026,2.02470073205,,3.96824928,14.90000000,89.68110000,190.5495041,3.7886012,,3750.17,0.548138,0.553216
TOI-5489 b,TOI-5489,2,Transit,2025,3.15222000000,,1.40000000,2.54000000,45.09070000,128.6912940,11.4895882,,3547.00,0.410000,0.420000
TOI-5489 c,TOI-5489,2,Transit,2025,4.92126000000,,1.28000000,2.18000000,45.09070000,128.6912940,11.4895882,,3547.00,0.410000,0.420000
TOI-5502 b,TOI-5502,1,Transit,2026,11.62592988285,,4.12873780,15.90000000,248.65400000,135.2040560,27.9983339,,6088.71,1.244000,1.323750
TOI-5515 b,TOI-5515,1,Transit,2026,8.59225810839,,2.65362762,7.53000000,135.45900000,139.6163639,16.9899558,,5483.65,0.963000,0.835682
TOI-5532 b,TOI-5532,1,Transit,2026,5.65396594310,,2.52763693,6.93000000,90.99850000,41.3804035,5.1507331,,4208.45,0.636083,0.662052
TOI-5542 b,TOI-5542,1,Transit,2022,75.12375000000,0.3320000000,11.30986153,419.53349724,348.84900000,302.7984228,-61.1354659,G3 V,5700.00,0.890000,1.058000
TOI-5573 b,TOI-5573,1,Transit,2025,8.79758977000,0.0712000000,9.75000000,112.00000000,186.56200000,136.4259999,55.3071309,,3790.00,0.619000,0.594000
TOI-558 b,TOI-558,1,Transit,2021,14.57407100000,0.1291000000,12.17295304,1147.36054927,402.63000000,42.2915093,-58.0246828,F V,6466.00,1.349000,1.496000
TOI-559 b,TOI-559,1,Transit,2021,6.98390950000,0.0723000000,12.22899794,1910.14872607,233.26600000,46.8186159,-31.1629951,G V,5925.00,1.026000,1.233000
TOI-5592 b,TOI-5592,1,Transit,2025,2.60858460000,0.0393500000,17.14974047,285.72773789,597.02600000,106.6800684,65.8572490,,6237.00,1.194000,1.393000
TOI-5595 b,TOI-5595,1,Transit,2026,5.99002553853,,4.73740402,20.10000000,136.95500000,110.4601649,35.2219829,,4417.30,0.645000,0.743344
TOI-5599 b,TOI-5599,1,Transit,2026,5.43691503941,,7.18882120,40.90000000,547.94800000,199.3262375,55.6815392,,6137.02,1.210000,1.913340
TOI-5605 b,TOI-5605,1,Transit,2026,5.91340454843,,2.52611303,6.92000000,95.07350000,150.5380078,50.1453867,,4583.79,0.680000,0.736044
TOI-561 b,TOI-561,4,Transit,2020,0.44656970000,0.0106400000,1.39700000,2.02000000,85.79900000,148.1851516,6.2161030,G9 V,5342.00,0.806000,0.843000
TOI-561 c,TOI-561,4,Transit,2020,10.77883800000,0.0889000000,2.86500000,5.93000000,85.79900000,148.1851516,6.2161030,G9 V,5342.00,0.806000,0.843000
TOI-561 d,TOI-561,4,Transit,2020,25.71268000000,0.1587000000,2.61500000,13.33000000,85.79900000,148.1851516,6.2161030,G9 V,5342.00,0.806000,0.843000
TOI-561 e,TOI-561,4,Transit,2020,77.14400000000,0.3300000000,2.51700000,12.40000000,85.79900000,148.1851516,6.2161030,G9 V,5342.00,0.806000,0.843000
TOI-5614 b,TOI-5614,1,Transit,2026,4.17221328949,,3.21759316,10.40000000,223.01600000,189.4323154,69.4584273,,4553.00,0.674000,0.734919
TOI-5616 b,TOI-5616,1,Transit,2024,2.00284900000,0.0272000000,10.78000000,624.00000000,390.41500000,184.9016378,48.6832895,,3996.00,0.666000,0.646000
TOI-5624 b,TOI-5624,5,Transit,2026,3.39034730000,0.0420100000,2.31400000,9.40000000,101.91300000,180.8443476,49.2512257,,5327.00,0.858000,0.820000
TOI-5624 c,TOI-5624,5,Transit,2026,7.88538500000,0.0737400000,2.47400000,4.80000000,101.91300000,180.8443476,49.2512257,,5327.00,0.858000,0.820000
TOI-5624 d,TOI-5624,5,Transit,2026,13.73146800000,0.1067000000,3.58400000,4.90000000,101.91300000,180.8443476,49.2512257,,5327.00,0.858000,0.820000
TOI-5624 e,TOI-5624,5,Transit,2026,21.48993600000,0.1439000000,3.24700000,8.90000000,101.91300000,180.8443476,49.2512257,,5327.00,0.858000,0.820000
TOI-5624 f,TOI-5624,5,Transit Timing Variations,2026,45.37000000000,0.2366000000,3.66000000,13.00000000,101.91300000,180.8443476,49.2512257,,5327.00,0.858000,0.820000
TOI-5630 b,TOI-5630,1,Transit,2026,3.22118452536,,2.37117553,6.22000000,134.04700000,236.4538532,40.3748618,,5385.64,0.934000,0.933361
TOI-5634 A b,TOI-5634 A,1,Transit,2024,2.20353730000,0.0272000000,10.42000000,588.00000000,306.14400000,175.6436366,20.9652921,,3896.00,0.556000,0.540000
TOI-564 b,TOI-564,1,Transit,2020,1.65114400000,0.0273400000,11.43318000,464.98529000,199.58100000,130.2951535,-16.0363275,,5640.00,0.998000,1.088000
TOI-5678 b,TOI-5678,1,Transit,2023,47.73022000000,0.2490000000,4.91000000,20.00000000,165.39300000,47.3841872,-34.1984808,G7 V,5485.00,0.905000,0.938000
TOI-5688 A b,TOI-5688 A,1,Transit,2024,2.94815527000,0.0337900000,10.30000000,124.00000000,226.31800000,266.9231001,47.7050486,,3713.00,0.600000,0.570000
TOI-5704 b,TOI-5704,1,Transit,2023,3.77111600000,,3.22740000,10.50000000,89.63700000,169.8248694,44.9890782,,4590.00,0.730000,0.757500
TOI-5713 b,TOI-5713,1,Transit,2024,10.44198900000,0.0600800000,1.77000000,3.78000000,40.86680000,208.4587323,52.6027628,M3.5+/-0.5,3225.00,0.265300,0.299200
TOI-5716 b,TOI-5716,1,Transit,2025,6.76630000000,,0.96000000,0.84000000,39.41220000,201.9007989,73.1774325,,3436.00,0.190000,0.220000
TOI-5720 b,TOI-5720,1,Transit,2024,1.43445550000,0.0182880000,1.09000000,4.30000000,35.82560000,170.3135774,25.2732942,M3.5 +/- 1.0,3325.00,0.383000,0.383000
TOI-5726.01,TOI-5726,1,Transit,2024,5.49112521500,0.0621860000,2.55400000,7.05000000,108.84800000,123.3950504,68.5745899,,5874.00,1.060000,1.106000
TOI-5728 b,TOI-5728,1,Transit,2025,11.49761000000,,1.31000000,2.27000000,54.70450000,260.3509363,67.5504212,,3419.00,0.360000,0.370000
TOI-5734 b,TOI-5734,1,Transit,2026,6.18418760000,0.0592100000,2.10000000,9.10000000,32.51020000,111.2558179,37.2311218,K3-K4 V,4750.00,0.724000,0.639000
TOI-5736 b,TOI-5736,1,Transit,2025,0.64899000000,,1.56000000,3.05000000,92.36040000,213.7583971,49.5009379,,3949.00,0.570000,0.580000
TOI-5777 b,TOI-5777,1,Transit,2026,6.91716177373,,3.09551273,9.78000000,114.27700000,141.0022390,82.8586961,,4408.03,0.658000,0.671912
TOI-5786 b,TOI-5786,1,Transit,2025,12.77910700000,0.1140000000,8.54000000,73.00000000,192.47500000,293.3223259,30.7042468,,6235.00,1.230000,1.360000
TOI-5788 b,TOI-5788,2,Transit,2026,6.34075800000,0.0640000000,1.52800000,3.72000000,97.61400000,287.4249017,31.7615284,,5615.00,0.870000,0.870000
TOI-5788 c,TOI-5788,2,Transit,2026,16.21336200000,0.1197000000,2.27200000,6.40000000,97.61400000,287.4249017,31.7615284,,5615.00,0.870000,0.870000
TOI-5789 b,TOI-5789,4,Radial Velocity,2026,2.76369000000,0.0360800000,1.26000000,2.12000000,20.45810000,302.7734475,16.1897138,K1 V,5185.00,0.821000,0.833000
TOI-5789 c,TOI-5789,4,Transit,2026,12.92774800000,0.1009000000,2.86000000,5.00000000,20.45810000,302.7734475,16.1897138,K1 V,5185.00,0.821000,0.833000
TOI-5789 d,TOI-5789,4,Radial Velocity,2026,29.65000000000,0.1756000000,1.91000000,4.29000000,20.45810000,302.7734475,16.1897138,K1 V,5185.00,0.821000,0.833000
TOI-5789 e,TOI-5789,4,Radial Velocity,2026,62.98000000000,0.2901000000,3.43000000,11.61000000,20.45810000,302.7734475,16.1897138,K1 V,5185.00,0.821000,0.833000
TOI-5795 b,TOI-5795,1,Transit,2025,6.14063250000,0.0640000000,5.62000000,23.66000000,156.53000000,304.8687820,-7.5476595,G3 V,5715.00,0.901000,1.082000
TOI-5799 b,TOI-5799,2,Transit,2024,4.16450700000,0.0348000000,1.73300000,3.65000000,27.81230000,301.6301790,15.9891418,M2 V,3452.00,0.325000,0.321000
TOI-5799 c,TOI-5799,2,Transit,2025,14.01044900000,0.0782000000,1.76000000,3.75000000,27.81230000,301.6301790,15.9891418,M2 V,3452.00,0.325000,0.321000
TOI-5800 b,TOI-5800,1,Transit,2025,2.62788380000,0.0344000000,2.46000000,9.50000000,42.90520000,305.0655462,-7.4119237,K3 V,4850.00,0.778000,0.773000
TOI-5803 b,TOI-5803,1,Transit,2023,5.38305000000,,3.27320000,10.70000000,84.01260000,327.2487497,6.2781777,,5134.00,0.870000,0.762500
TOI-5817 b,TOI-5817,1,Transit,2025,15.61031000000,0.1223000000,3.08000000,10.30000000,80.75420000,322.3777987,21.4745270,G2 IV-V,5770.00,0.970000,1.427000
TOI-5882 b,TOI-5882,1,Transit,2025,7.14897200000,0.0804000000,11.46678726,6995.40323807,416.10400000,311.8886385,34.7374918,,5920.00,1.334000,2.260000
TOI-5916 b,TOI-5916,1,Transit,2026,2.36712800000,0.0262000000,11.35469745,226.61165419,199.72400000,325.2995114,9.5990534,M2&plusmn;0.5,3613.00,0.477000,0.480000
TOI-5926 b,TOI-5926,1,Transit,2026,3.81122794237,,7.56807148,44.60000000,275.10300000,308.0784435,15.5030795,,5388.92,0.946000,0.890046
TOI-5938 b,TOI-5938,1,Transit,2026,2.26042400000,0.0308000000,3.82000000,14.00000000,114.03500000,303.9088422,28.6592261,,4650.00,0.744000,0.712000
TOI-6000 b,TOI-6000,1,Transit,2025,0.44895900000,,0.94000000,0.77900000,75.76640000,292.6062979,68.1545924,,3419.00,0.370000,0.380000
TOI-6002 b,TOI-6002,1,Transit,2024,10.90482100000,0.0572200000,1.65000000,3.36000000,32.02660000,299.6142524,32.2871702,M3.5+/-0.5,3229.00,0.210100,0.243200
TOI-6008 b,TOI-6008,1,Transit,2024,0.85743470000,0.0107770000,1.03000000,4.00000000,23.10080000,310.4487344,49.6468992,M5.0,3075.00,0.230000,0.242000
TOI-6016 b,TOI-6016,1,Transit,2024,4.02368700000,0.0550000000,13.67495645,371.85923619,364.71500000,4.5239602,59.7661983,F,6110.00,1.310000,1.510000
TOI-6019 b,TOI-6019,1,Transit,2026,14.54795200000,0.1212000000,12.30000000,149.00000000,260.34200000,355.0913498,35.9408402,,5561.00,1.130000,2.020000
TOI-6029 b,TOI-6029,1,Transit,2024,5.79870000000,,14.39233122,519.64944544,603.11900000,8.3862555,61.8607659,,6223.00,1.548000,2.338000
TOI-6034 b,TOI-6034,1,Transit,2024,2.57618400000,0.0294900000,11.92000000,254.00000000,117.99200000,317.9001392,68.4020762,,3635.00,0.514000,0.489000
TOI-6038 A b,TOI-6038 A,1,Transit,2025,5.82673110000,0.0690000000,6.41000000,78.50000000,179.14700000,51.6572691,40.8172704,,6110.00,1.291000,1.648000
TOI-6041 b,TOI-6041,2,Transit,2025,26.04945000000,0.1651000000,4.55000000,28.90000000,72.47310000,46.0610334,43.5576668,G7,5445.00,0.885000,0.879000
TOI-6041 c,TOI-6041,2,Radial Velocity,2025,88.00000000000,0.3721000000,10.50000000,77.90000000,72.47310000,46.0610334,43.5576668,G7,5445.00,0.885000,0.879000
TOI-6054.01,TOI-6054,2,Transit,2024,7.50142800000,0.0763000000,2.64000000,12.50000000,79.40700000,56.3370070,60.3509170,,6047.00,1.107000,1.662000
TOI-6054.02,TOI-6054,2,Transit,2024,12.56363600000,0.1079000000,2.82000000,9.30000000,79.40700000,56.3370070,60.3509170,,6047.00,1.107000,1.662000
TOI-6080 b,TOI-6080,1,Transit,2026,8.05562348084,,3.32424168,11.00000000,188.18300000,266.6044226,38.0787076,,5775.46,1.010000,1.062210
TOI-6086 b,TOI-6086,1,Transit,2024,1.38887250000,0.0154100000,1.18000000,1.76000000,31.45660000,265.3704236,30.3037755,M3.0,3200.00,0.254000,0.259000
TOI-6109 b,TOI-6109,2,Transit,2025,5.69047600000,0.0599000000,4.87040000,21.10000000,151.73800000,50.1319206,42.6069564,G3,5660.00,1.030000,1.021000
TOI-6109 c,TOI-6109,2,Transit,2025,8.53887800000,0.0786000000,4.83260000,20.80000000,151.73800000,50.1319206,42.6069564,G3,5660.00,1.030000,1.021000
TOI-6130 b,TOI-6130,1,Transit,2024,2.39267900000,0.0360000000,14.34749530,333.71982735,220.88200000,339.2050832,16.8271941,F,6110.00,1.310000,1.510000
TOI-615 b,TOI-615,1,Transit,2023,4.66159830000,0.0678000000,18.97680433,138.25535705,360.40800000,133.4086892,-40.5437010,F2 V,6850.00,1.449000,1.732000
TOI-620 b,TOI-620,1,Transit,2022,5.09881790000,0.0482500000,3.76000000,13.60000000,33.02310000,142.1734459,-12.1671652,M2.5 V,3708.00,0.577000,0.550000
TOI-622 b,TOI-622,1,Transit,2023,6.40251300000,0.0708000000,9.23620010,96.30200732,123.29700000,125.3050544,-46.4842959,F6 V,6400.00,1.313000,1.415000
TOI-6223 b,TOI-6223,1,Transit,2025,3.85521900000,0.0401800000,5.07000000,22.60000000,133.12200000,355.9505977,33.0672361,M0 V,3895.00,0.582000,0.576000
TOI-6255 b,TOI-6255,1,Transit,2024,0.23818244000,,1.07900000,1.44000000,20.31670000,331.5031606,39.2988284,,3421.00,0.353000,0.370000
TOI-628 b,TOI-628,1,Transit,2021,3.40956750000,0.0486000000,11.88154000,2011.86390000,178.68000000,99.2630608,1.7675497,,6250.00,1.311000,1.345000
TOI-6281 b,TOI-6281,1,Transit,2026,1.05426244177,,1.92416074,4.36000000,57.74510000,172.3785238,-40.6094246,,4533.23,0.650000,0.874219
TOI-6303 b,TOI-6303,1,Transit,2025,9.48523600000,0.0761000000,11.59000000,2493.00000000,152.21900000,46.7806502,40.1471740,,3977.00,0.644000,0.609000
TOI-6324 b,TOI-6324,1,Transit,2025,0.27922100000,,1.05900000,1.17000000,20.54880000,330.8445430,67.4986773,,3247.00,0.269000,0.293000
TOI-6330 b,TOI-6330,1,Transit,2025,6.85002460000,0.0576300000,10.89000000,3179.00000000,139.04200000,22.1679816,53.6860778,,3539.00,0.531000,0.490000
TOI-6383 A b,TOI-6383 A,1,Transit,2024,1.79058695000,0.0229200000,11.29000000,331.00000000,171.31900000,60.4246951,60.8913677,M3,3444.00,0.458000,0.457000
TOI-6393 b,TOI-6393,1,Transit,2026,9.53176110329,,2.75958542,8.04000000,186.22900000,141.2436918,68.7883127,,5008.20,0.835000,0.766023
TOI-640 b,TOI-640,1,Transit,2021,5.00377700000,0.0660800000,19.27944680,181.16219199,341.99700000,99.7345935,-36.6461300,,6460.00,1.536000,2.082000
TOI-6420 b,TOI-6420,1,Transit,2025,6.96150800000,0.0753000000,11.93756445,2606.19293740,634.71200000,125.5443036,-19.1242852,,6020.00,1.165000,1.312000
TOI-6448 b,TOI-6448,1,Transit,2025,14.84426100000,0.1310000000,8.47398941,54.00000000,386.87900000,110.1704109,-33.9223285,,5910.00,1.030000,0.897000
TOI-6478 b,TOI-6478,1,Transit,2025,34.00501900000,0.1136000000,4.60000000,19.20000000,38.60570000,149.9918059,-16.1597935,M4.0+/-0.5,3230.00,0.230000,0.234000
TOI-654.01,TOI-654,1,Transit,2024,1.52756100000,0.0194400000,2.37800000,8.71000000,57.75530000,164.7245509,-5.5475446,M2 V,3521.00,0.419000,0.430000
TOI-6564 b,TOI-6564,1,Transit,2026,3.98541300000,0.0542000000,16.39873876,222.16205649,191.37200000,205.8178791,-56.1564491,,5943.00,1.180000,1.700000
TOI-6628 b,TOI-6628,1,Transit,2025,18.18424000000,0.1340000000,10.98480109,235.19302118,320.52700000,225.8370504,-35.2305793,,5463.00,0.970000,1.010000
TOI-663 b,TOI-663,3,Transit,2024,2.59890200000,0.0295000000,2.27000000,4.45000000,64.23080000,160.0658525,-8.5110827,M1 V,3681.00,0.514000,0.512000
TOI-663 c,TOI-663,3,Transit,2024,4.69555070000,0.0437000000,2.26000000,3.65000000,64.23080000,160.0658525,-8.5110827,M1 V,3681.00,0.514000,0.512000
TOI-663 d,TOI-663,3,Transit,2024,7.10272680000,0.0576000000,1.92000000,5.20000000,64.23080000,160.0658525,-8.5110827,M1 V,3681.00,0.514000,0.512000
TOI-6651 b,TOI-6651,1,Transit,2024,5.05697300000,0.0633000000,5.09000000,61.00000000,212.12800000,15.7885904,35.3890405,,5940.00,1.323000,1.721000
TOI-6677 b,TOI-6677,1,Transit,2026,5.45060661625,,5.83507112,28.70000000,340.52000000,290.4719117,-46.8749591,,6572.28,1.450000,1.571670
TOI-669 b,TOI-669,1,Transit,2023,3.94515200000,0.0480000000,2.58606487,10.00000000,142.86700000,158.9007013,-5.1813735,,5597.00,0.924500,0.988200
TOI-6692 b,TOI-6692,1,Transit,2026,131.12500000000,0.5120000000,11.67975789,197.05361234,312.90300000,312.6940436,-81.2723982,,5890.00,1.047000,1.385000
TOI-6695 b,TOI-6695,2,Transit,2025,80.38900000000,0.4020000000,9.52763359,66.74396547,282.53600000,129.5720221,-23.5502170,F5V-G0V,6400.00,1.338000,1.517000
TOI-6695 c,TOI-6695,2,Radial Velocity,2025,242.40000000000,0.8380000000,13.60000000,460.85119015,282.53600000,129.5720221,-23.5502170,F5V-G0V,6400.00,1.338000,1.517000
TOI-6699 b,TOI-6699,1,Transit,2026,5.32005926761,,2.32645266,6.02000000,85.84630000,317.0695839,-63.2504996,,4705.10,0.750000,0.753090
TOI-6707 b,TOI-6707,1,Transit,2026,3.83479363758,,5.72673066,27.80000000,641.46700000,109.7634707,-58.1155263,,6289.49,1.140000,1.582020
TOI-6716 b,TOI-6716,1,Transit,2026,4.71858980000,0.0319000000,0.98200000,0.91100000,18.88730000,111.6570820,-30.5521801,M4,3110.00,0.223000,0.231000
TOI-672 b,TOI-672,1,Transit,2023,3.63358100000,0.0376000000,5.31000000,50.90000000,66.90710000,167.9908627,-39.3281151,M0 V,3810.00,0.540000,0.540000
TOI-674 b,TOI-674,1,Transit,2021,1.97714300000,0.0250000000,5.25000000,23.60000000,46.08510000,164.5865592,-36.8581092,M2 V,3514.00,0.420000,0.420000
TOI-677 b,TOI-677,1,Transit,2020,11.23659850000,0.1041000000,13.11450742,392.20025424,141.81200000,144.1193594,-50.4630933,F8,6295.00,1.181000,1.280000
TOI-682.01,TOI-682,1,Transit,2021,6.83923880000,,3.74186000,13.50000000,83.15480000,167.8854300,-22.0727803,,5085.00,0.850000,1.080000
TOI-6884 b,TOI-6884,1,Transit,2026,4.80826400000,0.0629000000,10.39072511,8365.24367224,562.37600000,193.0087935,26.6739510,,6330.00,1.410000,1.840000
TOI-6894 b,TOI-6894,1,Transit,2025,3.37077196000,0.0260400000,9.58367850,53.39517238,73.81310000,173.4691418,12.4510906,,3007.00,0.207000,0.227600
TOI-6954 b,TOI-6954,1,Transit,2026,4.02074127419,,3.63524486,12.80000000,190.04200000,168.3240591,-2.7877643,,5170.87,0.834000,0.947112
TOI-697 b,TOI-697,1,Transit,2026,8.60788713593,,2.35859364,6.16000000,93.77140000,69.7042208,-36.6813257,,5681.95,0.970000,0.968149
TOI-700 b,TOI-700,4,Transit,2020,9.97721900000,0.0677000000,0.91400000,0.70400000,31.12650000,97.0957165,-65.5786149,M2.5 V,3459.00,0.415000,0.421000
TOI-700 c,TOI-700,4,Transit,2020,16.05113700000,0.0929000000,2.60000000,7.27000000,31.12650000,97.0957165,-65.5786149,M2.5 V,3459.00,0.415000,0.421000
TOI-700 d,TOI-700,4,Transit,2020,37.42396000000,0.1633000000,1.07300000,1.25000000,31.12650000,97.0957165,-65.5786149,M2.5 V,3459.00,0.415000,0.421000
TOI-700 e,TOI-700,4,Transit,2023,27.80978000000,0.1340000000,0.95300000,0.81800000,31.12650000,97.0957165,-65.5786149,M2.5 V,3459.00,0.415000,0.421000
TOI-7008 b,TOI-7008,1,Transit,2026,0.84069041367,,4.94735276,21.70000000,410.46700000,216.9882531,79.4503960,,5116.06,0.880000,0.952550
TOI-7009 b,TOI-7009,1,Transit,2026,2.32066120000,0.0287000000,3.71000000,13.30000000,184.12000000,299.5131334,55.6510291,,4080.00,0.583000,0.564000
TOI-7041 b,TOI-7041,1,Transit,2025,9.69100000000,,11.43316031,114.41822652,439.52000000,357.8021716,-50.8698618,,4700.00,1.070000,4.100000
TOI-707 b,TOI-707,1,Transit,2026,52.79918000000,0.2750000000,2.41600000,6.42000000,130.95900000,98.7295889,-67.5372743,,5424.00,0.990000,0.978000
TOI-712 b,TOI-712,3,Transit,2022,9.53136100000,0.0792800000,2.04900000,4.85000000,58.62120000,92.9361063,-65.8258386,K4.5 V,4622.00,0.732000,0.674000
TOI-712 c,TOI-712,3,Transit,2022,51.69906000000,0.2447000000,2.70100000,7.76000000,58.62120000,92.9361063,-65.8258386,K4.5 V,4622.00,0.732000,0.674000
TOI-712 d,TOI-712,3,Transit,2022,84.83960000000,0.3405000000,2.47400000,6.68000000,58.62120000,92.9361063,-65.8258386,K4.5 V,4622.00,0.732000,0.674000
TOI-7149 b,TOI-7149,1,Transit,2025,2.65206166000,0.0260300000,13.20000000,224.00000000,126.12600000,244.7384657,19.1758116,M4 V,3363.00,0.344000,0.351000
TOI-715 b,TOI-715,1,Transit,2023,19.28800400000,0.0830000000,1.55000000,3.02000000,42.40480000,113.8523276,-73.5774089,M4,3075.00,0.225000,0.240000
TOI-7155 b,TOI-7155,1,Transit,2026,3.89489711981,,2.40821473,6.38000000,144.75100000,12.4454481,79.2878555,,4673.03,0.755000,0.670748
TOI-7166 b,TOI-7166,1,Transit,2025,12.92063621000,0.0619100000,2.01000000,4.70000000,35.41530000,320.6806363,8.8893975,M4.5+/-0.5,3099.00,0.190000,0.222000
TOI-733 b,TOI-733,1,Transit,2023,4.88476500000,0.0618000000,1.99200000,5.72000000,75.20920000,159.4093183,-40.8882590,G,5585.00,0.956000,0.949000
TOI-7333 b,TOI-7333,1,Transit,2026,6.26449803661,,2.09469416,5.04000000,157.21700000,243.5319622,75.9166315,,4586.87,0.721000,0.666066
TOI-7384 b,TOI-7384,1,Transit,2026,6.23402580000,0.0439000000,3.56000000,12.40000000,66.79020000,83.1031834,-39.8342501,M4,3185.00,0.318000,0.319000
TOI-7510 b,TOI-7510,3,Transit,2025,11.53086900000,0.1019000000,7.31000000,18.10000000,249.00600000,273.7281880,-54.4340547,G3,5720.00,1.063000,1.035000
TOI-7510 c,TOI-7510,3,Transit,2025,22.56874230000,0.1595000000,10.81000000,131.00000000,249.00600000,273.7281880,-54.4340547,G3,5720.00,1.063000,1.035000
TOI-7510 d,TOI-7510,3,Transit,2025,48.86446800000,0.2672000000,10.52000000,190.00000000,249.00600000,273.7281880,-54.4340547,G3,5720.00,1.063000,1.035000
TOI-756 b,TOI-756,2,Transit,2025,1.23924950000,0.0180000000,2.81000000,9.83000000,86.17590000,192.1037380,-45.4704709,M1 V,3657.00,0.505000,0.505000
TOI-756 c,TOI-756,2,Radial Velocity,2025,149.40000000000,0.4390000000,13.00000000,1287.20504835,86.17590000,192.1037380,-45.4704709,M1 V,3657.00,0.505000,0.505000
TOI-757 b,TOI-757,1,Transit,2024,17.46819000000,0.1220000000,2.50000000,10.50000000,60.34180000,187.9948428,-35.5544523,K0 V,5278.00,0.800000,0.780000
TOI-762 A b,TOI-762 A,1,Transit,2024,3.47168260000,0.0341800000,8.33948164,79.77493016,98.44580000,166.0747423,-47.8214964,,3266.00,0.442000,0.425000
TOI-763 b,TOI-763,2,Transit,2020,5.60570000000,0.0600000000,2.28000000,9.79000000,95.12740000,194.4680980,-39.7580613,G,5450.00,0.917000,0.897000
TOI-763 c,TOI-763,2,Transit,2020,12.27370000000,0.1011000000,2.63000000,9.32000000,95.12740000,194.4680980,-39.7580613,G,5450.00,0.917000,0.897000
TOI-771 b,TOI-771,2,Transit,2024,2.32601550000,0.0208000000,1.36000000,2.47000000,25.27880000,164.1138903,-72.9851736,M3,3370.00,0.220000,0.232000
TOI-771 c,TOI-771,2,Radial Velocity,2025,7.61000000000,0.0460000000,1.50000000,2.87000000,25.27880000,164.1138903,-72.9851736,M3,3370.00,0.220000,0.232000
TOI-776 b,TOI-776,2,Transit,2020,8.24662000000,0.0653000000,1.79800000,5.00000000,27.17010000,178.5779970,-37.5533568,M1 V,3725.00,0.542000,0.547000
TOI-776 c,TOI-776,2,Transit,2020,15.66532300000,0.1001000000,2.04700000,6.90000000,27.17010000,178.5779970,-37.5533568,M1 V,3725.00,0.542000,0.547000
TOI-778 b,TOI-778,1,Transit,2023,4.63361100000,0.0600000000,15.40000000,878.00000000,161.74300000,199.3338503,-15.2737046,F3 V,6643.00,1.400000,1.710000
TOI-782 b,TOI-782,1,Transit,2024,8.02400150000,0.0578000000,2.73400000,19.10000000,52.51220000,183.9203614,-18.9103377,,3370.00,0.397000,0.413000
TOI-784 b,HD 307842,1,Transit,2023,2.79703650000,0.0380000000,1.93000000,9.67000000,64.59970000,159.3412205,-63.6556923,G,5558.00,0.910000,0.907000
TOI-791 b,TOI-791,2,Transit,2026,139.29931000000,0.6020000000,11.13051784,9.50000000,341.22100000,118.4347574,-69.7017359,F7,6294.00,1.280000,1.474000
TOI-791 c,TOI-791,2,Transit,2026,232.01570000000,0.8630000000,12.94637271,18.60000000,341.22100000,118.4347574,-69.7017359,F7,6294.00,1.280000,1.474000
TOI-799 b,TOI-799,1,Transit,2026,5.54519139676,,2.06631784,4.92000000,158.52600000,98.4691249,-52.4602958,,5662.81,1.000000,0.915519
TOI-808 b,TOI-808,1,Transit,2026,9.73944854026,,2.20344362,5.49000000,98.18480000,133.7485497,-44.2886304,,5078.20,0.870000,0.833198
TOI-813 b,TOI-813,1,Transit,2020,83.89110000000,0.4230000000,6.71000000,36.40000000,263.14500000,72.6940102,-60.9054608,G0 IV,5907.00,1.320000,1.940000
TOI-815 b,TOI-815,2,Transit,2024,11.19725900000,0.0903000000,2.94000000,7.60000000,59.71170000,155.8719377,-43.8349248,K3 V,4869.00,0.776000,0.770000
TOI-815 c,TOI-815,2,Transit,2024,34.97614500000,0.1930000000,2.62000000,23.50000000,59.71170000,155.8719377,-43.8349248,K3 V,4869.00,0.776000,0.770000
TOI-824 b,TOI-824,1,Transit,2020,1.39297800000,0.0217700000,2.92600000,18.46700000,63.92620000,222.1654705,-57.5888666,K4 V,4600.00,0.710000,0.695000
TOI-833 b,TOI-833,1,Transit,2022,1.04187770000,0.0171000000,1.27000000,2.15000000,41.71480000,145.6454720,-62.4758857,,3920.00,0.610000,0.600000
TOI-836 b,TOI-836,2,Transit,2023,3.81673000000,0.0422000000,1.70400000,4.53000000,27.50240000,225.0798831,-24.4542022,K V,4552.00,0.678000,0.665000
TOI-836.01,TOI-836,2,Transit,2021,8.59545000000,0.0750000000,2.58700000,9.60000000,27.50240000,225.0798831,-24.4542022,K V,4552.00,0.678000,0.665000
TOI-837 b,TOI-837,1,Transit,2020,8.32491130000,0.0888000000,9.16894621,120.45696625,142.48800000,157.0372806,-64.5052107,F9/G0,5995.00,1.142000,1.052000
TOI-849 b,TOI-849,1,Transit,2020,0.76554800000,0.0155000000,3.64000000,41.80000000,225.73400000,28.7157956,-29.4217086,G,5257.00,0.970000,0.970000
TOI-858 B b,TOI-858 B,1,Transit,2023,3.27971780000,0.0443500000,14.06727078,349.61124770,250.48900000,60.1998256,-54.5929177,G0,5842.00,1.081000,1.308000
TOI-871 b,TOI-871,1,Transit,2024,14.36256500000,0.1054000000,1.66400000,3.41000000,68.04730000,74.7376264,-50.6274153,,4929.00,0.758000,0.719000
TOI-880 c,TOI-880,2,Transit,2025,6.38727030000,0.0635000000,4.95000000,21.70000000,60.66790000,94.1644734,-13.9873370,K,5050.00,0.870000,0.830000
TOI-880.02,TOI-880,2,Transit,2024,2.57571000000,0.0349000000,2.19000000,5.43000000,60.66790000,94.1644734,-13.9873370,K,5050.00,0.870000,0.830000
TOI-883 b,TOI-883,1,Transit,2026,10.05771848538,,7.17166228,40.70000000,102.63700000,103.3690609,-6.5078349,,5713.15,1.003000,1.014770
TOI-892 b,TOI-892,1,Transit,2020,10.62656000000,0.0920000000,11.99363000,301.93850000,340.54300000,86.7382280,-11.2353401,F,6261.00,1.280000,1.390000
TOI-904 b,TOI-904,2,Transit,2023,10.87720000000,0.0560000000,2.42600000,6.46000000,46.08910000,89.3712733,-83.1297264,,3770.20,0.557000,0.527000
TOI-904 c,TOI-904,2,Transit,2023,83.99970000000,0.3120000000,2.16700000,5.34000000,46.08910000,89.3712733,-83.1297264,,3770.20,0.557000,0.527000
TOI-905 b,TOI-905,1,Transit,2020,3.73949400000,0.0466600000,13.12573900,211.99261000,158.64900000,227.6586754,-71.3616316,,5570.00,0.968000,0.918000
TOI-907.01,TOI-907,1,Transit,2024,4.58491290000,0.0552254810,9.61588510,67.00000000,312.52900000,262.1834072,-62.8403830,,6272.00,1.069357,2.059789
TOI-908 b,TOI-908,1,Transit,2023,3.18379200000,0.0416570000,3.18600000,16.13700000,175.74800000,53.1594266,-81.2507450,G V,5626.00,0.950000,1.028000
TOI-912 b,TOI-912,1,Transit,2025,4.67806910000,0.0410000000,1.93000000,5.10000000,26.10720000,229.3285665,-80.4733446,M3,3572.00,0.418000,0.419000
TOI-913 b,TOI-913,1,Transit,2023,11.09864400000,,2.45280000,6.59000000,65.17690000,234.5723244,-80.8034265,,4969.00,0.820000,0.732500
TOI-921 b,TOI-921,1,Transit,2026,5.12871907628,,3.53409617,12.20000000,294.01500000,99.6742038,-56.2205396,,6011.66,1.130000,1.141650
TOI-929 b,TOI-929,1,Transit,2026,5.83015366944,,2.68983343,7.70000000,114.42100000,45.9071657,-39.9307758,,4457.16,0.700000,0.717414
TOI-938 b,TOI-938,1,Transit,2026,8.80733882211,,4.82401567,20.80000000,215.03400000,63.0323442,-12.1188357,,5829.42,1.100000,0.985134
TOI-941 b,TOI-941,1,Transit,2026,8.51460888787,,6.51165317,34.60000000,263.38600000,78.3005249,6.5459146,,5745.88,1.078000,1.184900
TOI-942 b,TOI-942,2,Transit,2020,4.32421000000,0.0486600000,3.89000000,16.00000000,152.60100000,76.6496172,-20.2456126,K2.5 V,4969.00,0.822000,0.894000
TOI-942 c,TOI-942,2,Transit,2020,10.15627200000,0.0859800000,4.67000000,794.57500000,152.60100000,76.6496172,-20.2456126,K2.5 V,4969.00,0.822000,0.894000
TOI-954 b,TOI-954,1,Transit,2020,3.68497290000,0.0496300000,9.55006800,55.30242000,238.76800000,61.9410587,-25.2088028,,5710.00,1.201000,1.892000
TOI-969 b,TOI-969,2,Transit,2022,1.82373050000,0.0263600000,2.76500000,9.10000000,77.25540000,115.1366858,2.0985879,K V,4435.00,0.734000,0.671000
TOI-969 c,TOI-969,2,Radial Velocity,2022,1700.00000000000,2.5200000000,12.40000000,3591.46099910,77.25540000,115.1366858,2.0985879,K V,4435.00,0.734000,0.671000
TRAPPIST-1 b,TRAPPIST-1,7,Transit,2016,1.51082600000,0.0115400000,1.11600000,1.37400000,12.42988881,346.6263919,-5.0434618,M8.0 V,2566.00,0.089800,0.119200
TRAPPIST-1 c,TRAPPIST-1,7,Transit,2016,2.42193700000,0.0158000000,1.09700000,1.30800000,12.42988881,346.6263919,-5.0434618,M8.0 V,2566.00,0.089800,0.119200
TRAPPIST-1 d,TRAPPIST-1,7,Transit,2016,4.04921900000,0.0222700000,0.78800000,0.38800000,12.42988881,346.6263919,-5.0434618,M8.0 V,2566.00,0.089800,0.119200
TRAPPIST-1 e,TRAPPIST-1,7,Transit,2017,6.10101300000,0.0292500000,0.92000000,0.69200000,12.42988881,346.6263919,-5.0434618,M8.0 V,2566.00,0.089800,0.119200
TRAPPIST-1 f,TRAPPIST-1,7,Transit,2017,9.20754000000,0.0384900000,1.04500000,1.03900000,12.42988881,346.6263919,-5.0434618,M8.0 V,2566.00,0.089800,0.119200
TRAPPIST-1 g,TRAPPIST-1,7,Transit,2017,12.35244600000,0.0468300000,1.12900000,1.32100000,12.42988881,346.6263919,-5.0434618,M8.0 V,2566.00,0.089800,0.119200
TRAPPIST-1 h,TRAPPIST-1,7,Transit,2017,18.77286600000,0.0618900000,0.75500000,0.32600000,12.42988881,346.6263919,-5.0434618,M8.0 V,2566.00,0.089800,0.119200
TrES-1 b,TrES-1,1,Transit,2004,3.03007000000,0.0392500000,12.66617000,266.97720000,159.65800000,286.0408755,36.6325360,K0 V,5230.00,1.040000,0.850000
TrES-2 b,TrES-2,1,Transit,2006,2.47063000000,0.0356800000,15.24424000,473.56670000,215.32000000,286.8085258,49.3164211,G0 V,5850.00,1.360000,1.120000
TrES-3 b,TrES-3,1,Transit,2007,1.30618581000,0.0228200000,14.97500000,607.03000000,231.33700000,268.0291106,37.5463268,G4 V,5650.00,0.928000,0.829000
TrES-4 b,TrES-4,1,Transit,2007,3.55395000000,0.0508400000,18.04649000,247.90740000,515.98000000,268.3043361,37.2117397,F8 V,6200.00,1.080000,1.660000
TrES-5 b,TrES-5,1,Transit,2011,1.48224686000,0.0245900000,13.38354600,568.91570000,360.31300000,305.2219454,59.4489033,,5171.00,0.901000,0.868000
TWA 7 b,TWA 7,1,Imaging,2025,,52.0000000000,12.70000000,108.06165838,33.99580000,160.6248102,-33.6712596,,3509.00,0.460000,0.917173
TYC 0434-04538-1 b,TYC 0434-04538-1,1,Radial Velocity,2021,193.20000000000,0.6600000000,12.70000000,1938.76300000,613.42200000,271.3396528,2.0622774,,4679.00,1.040000,9.990000
TYC 1422-614-1 b,TYC 1422-614-1,2,Radial Velocity,2014,198.40000000000,0.6900000000,13.30000000,794.50000000,672.41000000,154.2777769,19.5584068,,4806.00,1.150000,6.850000
TYC 1422-614-1 c,TYC 1422-614-1,2,Radial Velocity,2014,559.30000000000,1.3700000000,12.50000000,3178.00000000,672.41000000,154.2777769,19.5584068,,4806.00,1.150000,6.850000
TYC 2187-512-1 b,TYC 2187-512-1,1,Radial Velocity,2022,691.90000000000,1.2200000000,12.50000000,104.88337431,15.47440000,320.5266829,22.9319351,M1.0 V,3734.00,0.498000,0.495000
TYC 3318-01333-1 b,TYC 3318-01333-1,1,Radial Velocity,2018,562.00000000000,1.4140000000,13.10000000,1086.97860000,490.61000000,45.5825716,49.7441421,,4776.00,1.190000,5.900000
TYC 3667-1280-1 b,TYC 3667-1280-1,1,Radial Velocity,2016,26.46800000000,0.2100000000,12.80000000,1716.28200000,477.51600000,12.8875757,58.4261485,,5130.00,1.870000,6.260000
TYC 4282-00605-1 b,TYC 4282-00605-1,1,Radial Velocity,2017,101.54000000000,0.4220000000,12.40000000,3426.20740000,464.12800000,343.8721029,62.2391907,,4300.00,0.970000,16.210000
TYC 8998-760-1 b,TYC 8998-760-1,2,Imaging,2020,,146.0000000000,12.10000000,6928.65927260,94.61770000,201.3001096,-64.9391566,K3 IV,4573.00,1.000000,0.953811
TYC 8998-760-1 c,TYC 8998-760-1,2,Imaging,2020,,320.0000000000,12.32990000,1906.98000000,94.61770000,201.3001096,-64.9391566,K3 IV,4573.00,1.000000,0.953811
UCAC3 113-933 b,UCAC3 113-933,1,Imaging,2024,,6100.0000000000,12.10000000,6674.39654700,52.58290000,5.2758121,-33.8031679,M0,3864.00,0.610000,0.564484
UCAC4 328-061594 b,UCAC4 328-061594,1,Imaging,2024,,19000.0000000000,12.10000000,6674.39654700,39.90890000,152.6991091,-24.4532674,DC,,1.190000,
UKIRT-2017-BLG-001L b,UKIRT-2017-BLG-001L,1,Microlensing,2018,,4.1800000000,13.70000000,407.00000000,6300.00000000,266.6540830,-29.2113609,,,0.810000,
ups And b,ups And,3,Radial Velocity,1996,4.61703300000,0.0592216600,14.00000000,218.53100000,13.40540000,24.1983534,41.4038147,F8 V,6156.77,1.300000,1.560000
ups And c,ups And,3,Radial Velocity,1999,241.25800000000,0.8277740000,12.30000000,4443.24112986,13.40540000,24.1983534,41.4038147,F8 V,6156.77,1.300000,1.560000
ups And d,ups And,3,Radial Velocity,1999,1276.46000000000,2.5132900000,12.50000000,3257.74117175,13.40540000,24.1983534,41.4038147,F8 V,6156.77,1.300000,1.560000
ups Leo b,ups Leo,1,Radial Velocity,2021,385.20000000000,1.1800000000,14.20000000,162.09248757,52.59730000,174.2372188,-0.8235643,G9 III,4836.00,1.480000,11.220000
USco CTIO 108 b,USco CTIO 108,1,Imaging,2008,,670.0000000000,12.30000000,4449.62000000,144.01900000,241.4752653,-18.3124167,M7,2700.00,0.060000,0.345365
USco1556 b,USco1556 A,1,Imaging,2019,,3500.0000000000,12.30000000,4767.45000000,140.63500000,239.1037198,-25.6890476,M3.0 V,3410.00,0.330000,0.668108
USco1621 b,USco1621 A,1,Imaging,2019,,2880.0000000000,12.20000000,5085.28000000,137.90100000,245.3730855,-25.4954265,M2.5 V,3460.00,0.360000,0.710071
UZ For b,UZ For,2,Eclipse Timing Variations,2011,5840.00000000000,5.9000000000,,2002.20000000,239.60387482,53.8694682,-25.7393857,,5286.90,0.700000,
UZ For c,UZ For,2,Eclipse Timing Variations,2011,1916.25000000000,2.8000000000,,2447.20000000,239.60387482,53.8694682,-25.7393857,,5286.90,0.700000,
V0391 Peg b,V0391 Peg,1,Pulsation Timing Variations,2007,1170.00000000000,1.7000000000,13.10000000,1017.05600000,1195.98000000,331.0504119,26.4188227,sdBV,29300.00,0.500000,0.230000
V1298 Tau b,V1298 Tau,4,Transit,2019,24.14000600000,0.1685000000,9.41000000,13.10000000,108.19900000,61.3316540,20.1570318,K1,4970.00,1.100000,1.320000
V1298 Tau c,V1298 Tau,4,Transit,2019,8.24916400000,0.0824000000,5.08000000,4.70000000,108.19900000,61.3316540,20.1570318,K1,4970.00,1.100000,1.320000
V1298 Tau d,V1298 Tau,4,Transit,2019,12.40139400000,0.1081000000,6.53000000,6.00000000,108.19900000,61.3316540,20.1570318,K1,4970.00,1.100000,1.320000
V1298 Tau e,V1298 Tau,4,Transit,2019,48.67771400000,0.2689000000,10.17000000,15.30000000,108.19900000,61.3316540,20.1570318,K1,4970.00,1.100000,1.320000
V2376 Ori b,V2376 Ori,1,Imaging,2025,,71.0000000000,87.20586985,6356.56814000,,83.8398180,-5.3515552,M,,0.450000,
V830 Tau b,V830 Tau,1,Radial Velocity,2016,4.92700000000,0.0570000000,14.00000000,222.48100000,130.11100000,68.2918259,24.5619241,,4250.00,1.000000,2.000000
VHS J125601.92-125723.9 b,VHS J125601.92-125723.9,1,Imaging,2015,5800000.00000000000,350.0000000000,13.67495645,5085.25451200,12.70000000,194.0089640,-12.9560310,M7.5,2620.00,0.070000,
WASP-1 b,WASP-1,1,Transit,2007,2.51994540000,0.0388900000,16.62300000,271.41500000,393.07200000,5.1669536,31.9899732,F7 V,6110.00,1.240000,1.470000
WASP-10 b,WASP-10,1,Transit,2008,3.09276160000,0.0378100000,12.10600000,1001.12000000,140.99800000,348.9930457,31.4627508,K5 V,4675.00,0.750000,0.698000
WASP-100 b,WASP-100,1,Transit,2014,2.84938000000,0.0457400000,14.90797000,400.46580000,364.41100000,68.9598159,-64.0270390,F2,6900.00,0.770000,1.570000
WASP-101 b,WASP-101,1,Transit,2014,3.58572000000,0.0505700000,16.02887000,162.09330000,201.22400000,98.3511016,-23.4860860,F6,6380.00,1.410000,1.310000
WASP-102 b,WASP-102,1,Transit,2025,2.70981300000,0.0410000000,14.90794433,197.68926915,535.68900000,336.4643016,15.8566392,,5990.00,1.080000,1.375000
WASP-103 b,WASP-103,1,Transit,2014,0.92554200000,0.0198500000,17.12700000,473.54700000,375.64700000,249.3148604,7.1833758,F8 V,6110.00,1.220000,1.436000
WASP-104 b,WASP-104,1,Transit,2014,1.75541370000,0.0291800000,12.74500000,404.26300000,185.93200000,160.6023689,7.4350768,G8,5475.00,1.076000,0.963000
WASP-105 b,WASP-105,1,Transit,2017,7.87288000000,0.0750000000,10.76064000,572.09400000,169.27200000,24.1678686,-50.6593080,K2,5070.00,0.890000,0.900000
WASP-106 b,WASP-106,1,Transit,2014,9.28969000000,0.0901000000,12.10569916,613.40882551,352.18100000,166.4296276,-5.0794854,F9 D,6002.00,1.175000,1.470000
WASP-107 b,WASP-107,2,Transit,2017,5.72148760000,0.0550000000,10.53646000,30.51152707,64.74140000,188.3864277,-10.1462141,K6,4425.00,0.683000,0.657000
WASP-107 c,WASP-107,2,Radial Velocity,2020,1066.00000000000,,13.00000000,111.23994245,64.74140000,188.3864277,-10.1462141,K6,4425.00,0.683000,0.657000
WASP-108 b,WASP-108,1,Transit,2020,2.67555212374,,15.13212395,283.50293904,258.77700000,195.8281644,-49.6397727,F9,6783.00,1.167000,1.344150
WASP-11 b,WASP-11,1,Transit,2008,3.72247000000,0.0435000000,12.44199000,251.08570000,124.73000000,47.3689472,30.6733817,K3 V,4800.00,1.420000,0.890000
WASP-110 b,WASP-110,1,Transit,2021,3.77840220000,,13.19297028,154.78243421,274.96000000,305.8724366,-44.0587001,G9,5392.00,0.814000,0.853000
WASP-113 b,WASP-113,1,Transit,2016,4.54216874538,0.0588500000,15.79348100,150.96925000,435.15600000,224.8728589,46.9600996,G1,5890.00,1.318000,1.608000
WASP-114 b,WASP-114,1,Transit,2016,1.54877430000,0.0285100000,15.00885100,562.24127000,523.33700000,327.6656953,10.4629385,G0,5940.00,1.289000,1.430000
WASP-116 b,WASP-116,1,Transit,2025,6.61320000000,0.0650000000,13.67495645,203.41018048,559.24300000,35.2157609,-1.8260419,,6250.00,1.250000,1.426000
WASP-117 b,WASP-117,1,Transit,2014,10.02165000000,0.0945900000,11.88154000,95.34900000,157.96300000,36.7758112,-50.2844247,F9,6040.00,1.290000,1.220000
WASP-118 b,WASP-118,1,Transit,2016,4.04604350000,0.0545300000,16.14096000,163.36462000,376.65800000,19.5505861,2.7027847,F6,6410.00,1.320000,1.696000
WASP-119 b,WASP-119,1,Transit,2016,2.49979000000,0.0363000000,15.69260000,390.93090000,302.44800000,55.9336392,-65.1937800,G5,5650.00,1.020000,1.200000
WASP-12 b,WASP-12,1,Transit,2008,1.09141890100,0.0234000000,22.02564708,467.21010000,427.24600000,97.6366450,29.6722662,,6265.00,1.325000,1.690000
WASP-120 b,WASP-120,1,Transit,2016,3.61126721000,0.0514000000,15.58048317,1541.47550000,381.17400000,62.6160813,-45.8982434,F5,6450.00,1.393000,1.684430
WASP-121 b,WASP-121,1,Transit,2016,1.27492504000,0.0257100000,19.52604438,371.85923619,269.89800000,107.6002312,-39.0972705,F6 V,6628.00,1.330000,1.461000
WASP-123 b,WASP-123,1,Transit,2016,2.97764359000,0.0426300000,15.13212395,285.72917000,197.99600000,289.4792124,-32.8601244,G5,5740.00,1.166000,1.285000
WASP-124 b,WASP-124,1,Transit,2016,3.37265000000,0.0449000000,13.89916000,190.69800000,448.63700000,332.7143373,-30.7497189,F9,6050.00,1.070000,1.020000
WASP-126 b,WASP-126,2,Transit,2016,3.28883000000,0.0449000000,10.51358773,90.30000000,216.52600000,63.3747060,-69.2265926,G2,5800.00,1.120000,1.270000
WASP-126 c,WASP-126,2,Transit Timing Variations,2019,7.63000000000,,9.38000000,64.20000000,216.52600000,63.3747060,-69.2265926,G2,5800.00,1.120000,1.270000
WASP-127 b,WASP-127,1,Transit,2016,4.17806203000,0.0484000000,14.69499900,52.34660100,159.50700000,160.5587646,-3.8349989,,5620.00,0.950000,1.333000
WASP-129 b,WASP-129,1,Transit,2016,5.74814500000,0.0628000000,10.42437000,317.83000000,301.46200000,176.2990518,-42.0639575,G1,5900.00,1.000000,0.900000
WASP-13 b,WASP-13,1,Transit,2009,4.35301000000,0.0536200000,13.67498000,114.41880000,227.53700000,140.1029654,33.8823291,,5950.00,0.720000,1.370000
WASP-130 b,WASP-130,1,Transit,2016,11.55098000000,0.1012000000,9.97601000,390.93090000,172.25600000,203.1060194,-42.4752733,G6,5625.00,1.040000,0.960000
WASP-131 b,WASP-131,1,Transit,2016,5.32201250000,0.0608000000,13.74221034,86.76715511,200.07500000,210.1935714,-30.5836084,G0,5990.00,1.060000,1.561000
WASP-132 b,WASP-132,3,Transit,2016,7.13351640000,0.0674000000,10.09929161,136.03055820,122.91000000,217.6091998,-46.1595160,K4 V,4686.00,0.789000,0.758000
WASP-132 c,WASP-132,3,Transit,2022,1.01153624000,0.0183300000,1.84100000,6.26000000,122.91000000,217.6091998,-46.1595160,K4 V,4686.00,0.789000,0.758000
WASP-132 d,WASP-132,3,Radial Velocity,2024,1816.60000000000,2.7100000000,12.80000000,1639.99458012,122.91000000,217.6091998,-46.1595160,K4 V,4686.00,0.789000,0.758000
WASP-133 b,WASP-133,1,Transit,2016,2.17642300000,0.0345000000,13.56289000,368.68280000,559.08400000,314.5754375,-35.7966224,G4,5700.00,1.160000,1.440000
WASP-135 b,WASP-135,1,Transit,2015,1.40137940000,0.0243000000,14.57170000,603.87700000,298.21400000,267.2848846,29.8790428,G5 V,5675.00,0.980000,0.960000
WASP-136 b,WASP-136,1,Transit,2016,5.21536178778,0.0661000000,16.81347105,479.92089457,275.58700000,0.3257610,-8.9262512,F,6250.00,1.410000,2.390140
WASP-138 b,WASP-138,1,Transit,2016,3.63443300000,0.0494000000,12.21781000,387.75260000,414.23400000,41.6391598,-0.4641252,,6272.00,1.220000,1.360000
WASP-139 b,WASP-139,1,Transit,2016,5.92426200000,0.0620000000,8.96720000,37.18611000,212.47200000,49.5621730,-41.3020235,K0,5310.00,0.920000,0.800000
WASP-14 b,WASP-14,1,Transit,2008,2.24375000000,0.0370000000,15.46842000,2809.61720000,161.99700000,218.2766247,21.8946875,,6475.00,1.620000,1.400000
WASP-140 b,WASP-140,1,Transit,2016,2.23598448000,0.0323000000,14.23540549,775.50520000,117.59800000,60.3855387,-20.4509991,K0,5300.00,0.900000,0.870000
WASP-141 b,WASP-141,1,Transit,2016,3.31065100000,0.0469000000,13.56289000,854.96270000,516.54300000,71.8244347,-17.1151736,F9,5900.00,1.250000,1.370000
WASP-142 b,WASP-142,1,Transit,2016,2.05286800000,0.0347000000,17.14977000,266.97720000,730.93300000,140.5063164,-23.9461020,F8,6010.00,1.330000,1.640000
WASP-144 b,WASP-144,1,Transit,2018,2.27831520000,0.0316000000,9.52765000,139.84520000,355.51300000,320.7628761,-40.0484393,K2 V,5200.00,0.810000,0.810000
WASP-145 A b,WASP-145 A,1,Transit,2018,1.76903810000,0.0261000000,10.08810000,282.86870000,91.29900000,322.2537644,-58.8361466,K2 V,4900.00,0.760000,0.680000
WASP-147 b,WASP-147,1,Transit,2018,4.60273000000,0.0549000000,12.49803500,87.40325000,436.09800000,359.1915117,-22.1532316,G4,5702.00,1.044000,1.429000
WASP-148 b,WASP-148,2,Transit,2020,8.80380900000,0.0821500000,8.47398941,91.21675281,246.35300000,254.1305022,44.3025361,G,5555.00,0.954000,0.912000
WASP-148 c,WASP-148,2,Radial Velocity,2020,34.52400000000,0.2044000000,13.90000000,124.58873554,246.35300000,254.1305022,44.3025361,G,5555.00,0.954000,0.912000
WASP-149 b,WASP-149,1,Transit,2025,1.33281300000,0.0240000000,15.24421375,314.96795134,211.73000000,124.0736810,-8.6865813,,5750.00,1.050000,1.080000
WASP-15 b,WASP-15,1,Transit,2009,3.75210000000,0.0516500000,15.80469000,171.62820000,282.09100000,208.9280111,-32.1597118,F7,6300.00,1.180000,1.480000
WASP-150 b,WASP-150,1,Transit,2020,5.64420700000,0.0694000000,11.99363000,2688.84180000,527.99500000,264.2630197,53.0212751,F8,6218.00,1.394000,1.651000
WASP-151 b,WASP-151,1,Transit,2017,4.53347750000,0.0550000000,13.30506009,100.43377661,453.09900000,349.0634651,0.3066895,G1,5871.00,1.081000,1.181000
WASP-153 b,WASP-153,1,Transit,2017,3.33260900000,0.0480000000,17.37395000,123.95370000,610.17600000,279.2624729,40.0186905,G0,5914.00,1.336000,1.730000
WASP-154 b,WASP-154,1,Transit,2025,3.81167800000,0.0440000000,10.76062147,198.96058278,215.50100000,327.7191734,-8.6359458,,4774.00,0.800000,0.823000
WASP-155 b,WASP-155,1,Transit,2025,3.11041300000,0.0430000000,13.45077684,276.82854250,399.63000000,347.9797230,33.0476125,,5660.00,1.090000,1.240000
WASP-156 b,WASP-156,1,Transit,2017,3.83616230000,0.0458000000,6.02802815,41.80000000,122.06600000,32.7820850,2.4181937,K3,4987.00,0.871200,0.826800
WASP-157 b,WASP-157,1,Transit,2016,3.95162300000,0.0499000000,11.19000000,182.43442000,334.03700000,201.6551525,-8.3176353,G2 V,5772.00,1.060000,1.100000
WASP-158 b,WASP-158,1,Transit,2018,3.65633300000,0.0517000000,11.99363000,886.74570000,524.99300000,4.1463468,-10.9764226,F6 V,6350.00,1.380000,1.390000
WASP-159 b,WASP-159,1,Transit,2018,3.84040100000,0.0538000000,15.46842000,174.80650000,715.38300000,68.1364792,-38.9682973,F9,6120.00,1.410000,2.110000
WASP-16 b,WASP-16,1,Transit,2009,3.11860000000,0.0415000000,13.67498000,394.10920000,194.13400000,214.6830109,-20.2754374,,5700.00,1.780000,1.140000
WASP-160 B b,WASP-160 B,1,Transit,2018,3.76849520000,0.0452000000,12.21781000,88.35674000,288.32600000,87.6795610,-27.6233218,K0 V,5298.00,0.870000,0.868000
WASP-161 b,WASP-161,1,Transit,2018,5.40604250000,0.0673000000,12.81188700,791.39670000,343.08000000,126.3378248,-11.5009889,,6400.00,1.390000,1.712000
WASP-162 b,WASP-162,1,Transit,2018,9.62468000000,0.0871000000,11.20900000,1652.71600000,310.84100000,168.2929079,-17.6577794,K0,5300.00,0.950000,1.110000
WASP-163 b,WASP-163,1,Transit,2018,1.60968840000,0.0266000000,13.47321800,594.34210000,261.38600000,256.5375549,-10.4130071,,5500.00,0.970000,1.015000
WASP-164 b,WASP-164,1,Transit,2018,1.77712550000,0.0281800000,12.64375200,676.97790000,327.50600000,344.8735878,-60.4478194,G2 V,5806.00,0.946000,0.932000
WASP-165 b,WASP-165,1,Transit,2018,3.46550900000,0.0482300000,14.12334000,209.13214000,602.23600000,357.5806472,-17.0775947,G6,5599.00,1.248000,1.750000
WASP-166 b,WASP-166,1,Transit,2019,5.44354000000,0.0641000000,7.06167000,32.10083000,114.17300000,144.8751047,-20.9824191,F9 V,6050.00,1.190000,1.220000
WASP-167 b,WASP-167,1,Transit,2017,2.02195960000,0.0365000000,17.71022000,2542.64000000,423.55200000,196.0437932,-35.5495292,F1 V,7000.00,1.590000,1.790000
WASP-168 b,WASP-168,1,Transit,2018,4.15365800000,0.0519000000,16.81350000,133.48860000,303.94100000,96.7446427,-46.8213635,F9 V,6000.00,1.080000,1.120000
WASP-169 b,WASP-169,1,Transit,2019,5.61141180000,0.0681000000,14.61653600,178.30263000,627.06600000,127.3872297,-12.9447683,F8,6110.00,1.337000,2.011000
WASP-17 b,WASP-17,1,Transit,2009,3.73543000000,0.0515000000,20.96083000,247.90740000,405.90800000,239.9622479,-28.0617941,F4,6550.00,2.280000,1.490000
WASP-170 b,WASP-170,1,Transit,2018,2.34478022000,0.0337000000,12.28506400,508.52800000,305.60300000,135.4163028,-20.7203686,,5600.00,0.930000,0.938000
WASP-171 b,WASP-171,1,Transit,2019,3.81862440000,0.0504000000,10.98482000,344.52772000,757.84000000,171.8450533,-44.0887035,G0,5965.00,1.171000,1.637000
WASP-172 b,WASP-172,1,Transit,2018,5.47743300000,0.0694000000,17.59813000,149.38010000,538.11000000,199.4337420,-47.2375748,F1 V,6900.00,1.490000,1.910000
WASP-173 A b,WASP-173 A,1,Transit,2018,1.38665318000,0.0248000000,13.45080000,1172.79270000,232.98000000,354.1686959,-34.6113042,G3,5800.00,1.050000,1.110000
WASP-174 b,WASP-174,1,Transit,2018,4.23370050000,0.0550300000,16.10730527,104.88337431,410.14900000,195.7940145,-41.3848617,F6 V,6399.00,1.240000,1.347000
WASP-175 b,WASP-175,1,Transit,2019,3.06529070000,0.0440300000,13.54047200,314.65170000,539.36000000,166.3187996,-34.1227453,F7,6229.00,1.212000,1.204000
WASP-176 b,WASP-176,1,Transit,2020,3.89905200000,0.0535000000,16.86954500,271.74465000,568.42000000,313.6872928,9.1790688,F9,5941.00,1.345000,1.925000
WASP-177 b,WASP-177,1,Transit,2019,3.07172200000,0.0395700000,17.71022000,161.45764000,176.81800000,334.7969885,-1.8344301,K2,5017.00,0.876000,0.885000
WASP-178 b,WASP-178,1,Transit,2019,3.34482850000,0.0558000000,20.28829000,527.59780000,427.67800000,227.2703290,-42.7049658,A1 IV-V,9360.00,2.070000,1.670000
WASP-18 b,WASP-18,1,Transit,2009,0.94145223000,0.0202400000,13.89913607,3241.84975140,123.48300000,24.3544618,-45.6777937,F6 IV-V,6432.00,1.294000,1.319000
WASP-180 A b,WASP-180 A,1,Transit,2019,3.40926400000,0.0480000000,13.89916000,286.04700000,253.98500000,123.3922465,-1.9827874,F7 V,6600.00,1.300000,1.190000
WASP-181 b,WASP-181,1,Transit,2019,4.51950640000,0.0542700000,13.27145600,95.03117000,437.49500000,26.7932253,3.1329325,G2,5839.00,1.040000,0.965000
WASP-182 b,WASP-182,1,Transit,2019,3.37698480000,0.0451000000,9.52765000,47.03884000,327.60200000,311.6733450,-41.8209828,G5,5638.00,1.076000,1.340000
WASP-183 b,WASP-183,1,Transit,2019,4.11177710000,0.0463200000,16.47723000,159.55066000,325.37700000,163.7888521,-0.7370663,G9,5313.00,0.784000,0.871000
WASP-184 b,WASP-184,1,Transit,2019,5.18170000000,0.0627000000,14.90797000,181.16310000,663.23100000,209.5170100,-30.3481530,G0 V,6000.00,1.230000,1.650000
WASP-185 b,WASP-185,1,Transit,2019,9.38755000000,0.0904000000,14.01125000,311.47340000,279.35000000,214.0595791,-19.5423062,G0 V,5900.00,1.120000,1.500000
WASP-186 b,WASP-186,1,Transit,2020,5.02679900000,0.0600000000,12.44199000,1341.24260000,278.51400000,18.9953122,21.6169065,F,6361.00,1.220000,1.470000
WASP-187 b,WASP-187,1,Transit,2020,5.14787800000,0.0653000000,18.38276000,254.26400000,371.41400000,17.4747400,25.6816494,F,6150.00,1.540000,2.830000
WASP-188 b,WASP-188,1,Transit,2025,5.74891600000,0.0720000000,14.81827249,458.62639130,675.28100000,278.7819771,36.6156327,,6850.00,1.500000,1.830000
WASP-189 b,WASP-189,1,Transit,2020,2.72403300000,0.0505300000,18.14733975,632.47852993,99.73100000,225.6867320,-3.0314874,,8000.00,2.030000,2.360000
WASP-19 b,WASP-19,1,Transit,2009,0.78883852000,0.0165200000,15.86070769,366.77398168,268.32500000,148.4167672,-45.6591078,G8 V,5616.00,0.965000,1.006000
WASP-190 b,WASP-190,1,Transit,2019,5.36775300000,0.0663000000,12.89035000,317.83000000,542.25100000,7.7095292,-40.5734613,F6 IV-V,6400.00,1.350000,1.600000
WASP-192 b,WASP-192,1,Transit,2019,2.87867650000,0.0408000000,13.78707000,731.00900000,508.88500000,223.6587187,-38.7445469,G0 V,5910.00,1.090000,1.320000
WASP-193 b,WASP-193,1,Transit,2023,6.24634750000,0.0668000000,14.78464554,35.59678158,362.08700000,164.3491401,-29.9971229,F9,6080.00,1.018000,1.213000
WASP-194 b,WASP-194,1,Transit,2025,3.18338700000,0.0470000000,15.47960235,373.13054982,476.83100000,295.3877064,56.2178049,,6405.00,1.290000,1.409000
WASP-195 b,WASP-195,1,Transit,2025,5.05192800000,0.0630000000,10.31226224,33.05415433,484.85200000,247.5496427,49.8957910,,6300.00,1.300000,1.578000
WASP-197 b,WASP-197,1,Transit,2025,5.16722800000,0.0650000000,14.44837612,403.32424848,483.67500000,160.6307133,28.1986255,,6050.00,1.360000,2.112000
WASP-2 b,WASP-2,1,Transit,2007,2.15217500000,0.0314400000,12.11692900,295.89973000,153.24200000,307.7255587,6.4293305,K1,5180.00,0.895000,0.866000
WASP-20 b,WASP-20,1,Transit,2015,4.89964477000,0.0599900000,15.46839337,98.84100000,211.87700000,5.1605621,-23.9357894,F9,5940.00,1.200000,1.242000
WASP-21 b,WASP-21,1,Transit,2010,4.32248200000,0.0520000000,11.99000000,95.34500000,258.42600000,347.4928024,18.3961597,G3 V,5800.00,1.010000,1.060000
WASP-22 b,WASP-22,1,Transit,2010,3.53269000000,0.0470000000,13.78707000,212.94610000,317.65200000,52.8180374,-23.8197924,G1 V,6000.00,1.460000,1.240000
WASP-23 b,WASP-23,1,Transit,2010,2.94442560000,0.0376000000,10.78300000,280.95000000,207.49000000,101.1275033,-42.7622296,,5150.00,0.780000,0.765000
WASP-24 b,WASP-24,1,Transit,2010,2.34121000000,0.0365100000,15.46842000,394.10920000,322.11400000,227.2154975,2.3432860,,6075.00,1.430000,1.420000
WASP-25 b,WASP-25,1,Transit,2010,3.76483370000,0.0473000000,13.80946422,179.25522155,211.41600000,195.3597581,-27.5222273,,5697.00,0.962000,0.884000
WASP-26 b,WASP-26,1,Transit,2010,2.75660000000,0.0400000000,13.56289000,270.15550000,252.75900000,4.6030424,-15.2674044,G0,6034.00,0.860000,1.220000
WASP-28 b,WASP-28,1,Transit,2014,3.40883495000,0.0442000000,13.66374747,282.54945382,348.49400000,353.6162694,-1.5799849,F8,6084.00,0.993000,1.083000
WASP-29 b,WASP-29,1,Transit,2010,3.92273000000,0.0457000000,8.63093000,73.10090000,87.59530000,357.8791976,-39.9071215,,4800.00,0.770000,0.790000
WASP-3 b,WASP-3,1,Transit,2007,1.84683000000,0.0315000000,15.91678000,772.32690000,231.16100000,278.6317411,35.6614312,,6400.00,1.620000,1.440000
WASP-31 b,WASP-31,1,Transit,2010,3.40590960000,0.0465900000,17.36300000,151.91600000,383.82900000,169.4388603,-19.0547781,,6302.00,1.163000,1.252000
WASP-32 b,WASP-32,1,Transit,2010,2.71866000000,0.0394000000,10.76064000,835.89290000,275.99400000,3.9617073,1.2005122,,6140.00,0.720000,0.950000
WASP-33 b,WASP-33,1,Transit,2010,1.21987000000,0.0239000000,17.85593700,665.21819000,121.94400000,36.7127375,37.5504441,A,7430.00,1.495000,1.444000
WASP-34 b,WASP-34,1,Transit,2010,4.31768000000,0.0524000000,11.20900000,177.98480000,132.09600000,165.3993679,-23.8609457,,5700.00,0.960000,0.910000
WASP-35 b,WASP-35,1,Transit,2011,3.16158000000,0.0431700000,14.57170000,225.65930000,202.21800000,76.0818912,-6.2297801,,5990.00,1.050000,1.080000
WASP-36 b,WASP-36,1,Transit,2011,1.53736596000,0.0267700000,14.87434300,750.39663000,386.34600000,131.5803897,-8.0269855,,5959.00,1.081000,0.985000
WASP-37 b,WASP-37,1,Transit,2010,3.57746900000,0.0446000000,13.00200000,572.07000000,392.79100000,221.9438866,1.0650227,,5800.00,0.925000,1.003000
WASP-38 b,WASP-38,1,Transit,2010,6.87188000000,0.0752200000,13.78707000,1093.33520000,136.24000000,243.9597194,10.0324103,F8 V,6180.00,1.760000,1.520000
WASP-39 b,WASP-39,1,Transit,2011,4.05529410000,0.0482800000,14.33631100,89.31023000,213.98200000,217.3266477,-3.4444994,,5485.00,0.913000,0.939000
WASP-4 b,WASP-4,1,Transit,2007,1.33823099400,0.0226100000,15.12091496,381.39408840,267.20600000,353.5629149,-42.0617794,G8,5436.00,0.899000,0.912000
WASP-41 b,WASP-41,2,Transit,2011,3.05240000000,0.0402200000,12.32990000,270.15550000,163.37100000,190.6188034,-30.6398176,,5545.00,0.810000,0.830000
WASP-41 c,WASP-41,2,Radial Velocity,2015,421.00000000000,1.0700000000,13.10000000,1010.69940000,163.37100000,190.6188034,-30.6398176,,5545.00,0.930000,0.870000
WASP-42 b,WASP-42,1,Transit,2012,4.98168190000,0.0561000000,12.57649800,167.49641000,177.29100000,192.9812030,-42.0736165,,5315.00,0.951000,0.892000
WASP-43 b,WASP-43,1,Transit,2011,0.81347500000,0.0142000000,10.42400000,565.71400000,86.74670000,154.9081869,-9.8064431,K7 V,4400.00,0.580000,0.600000
WASP-44 b,WASP-44,1,Transit,2011,2.42380400000,0.0345300000,12.32990000,276.51210000,364.51200000,3.9032733,-11.9382645,G8 V,5420.00,0.935000,0.906000
WASP-45 b,WASP-45,1,Transit,2011,3.12608900000,0.0396300000,10.60371400,306.38812000,211.19600000,5.2377567,-35.9984650,K2 V,5150.00,0.850000,0.855000
WASP-46 b,WASP-46,1,Transit,2011,1.43036763000,0.0233500000,13.15936600,607.05530000,375.31000000,318.7370122,-55.8718634,G6 V,5600.00,0.828000,0.858000
WASP-47 b,WASP-47,4,Transit,2012,4.15915100000,0.0520000000,12.86000000,374.00000000,264.78000000,331.2030920,-12.0190670,G9,5565.00,1.058000,1.156000
WASP-47 c,WASP-47,4,Radial Velocity,2015,589.57000000000,1.3930000000,,447.00000000,264.78000000,331.2030920,-12.0190670,G9,5565.00,1.058000,1.156000
WASP-47 d,WASP-47,4,Transit,2015,9.03050100000,0.0850000000,3.65000000,15.50000000,264.78000000,331.2030920,-12.0190670,G9,5565.00,1.058000,1.156000
WASP-47 e,WASP-47,4,Transit,2015,0.78961000000,0.0167300000,1.83000000,9.00000000,264.78000000,331.2030920,-12.0190670,G9,5565.00,1.058000,1.156000
WASP-48 b,WASP-48,1,Transit,2011,2.14363000000,0.0344400000,16.81350000,254.26400000,454.14400000,291.1623865,55.4730273,,5920.00,0.880000,1.580000
WASP-49 b,WASP-49,1,Transit,2012,2.78174000000,0.0379000000,12.44199000,117.59710000,194.55300000,91.0897193,-16.9653901,G6 V,5600.00,0.920000,0.970000
WASP-5 b,WASP-5,1,Transit,2008,1.62842790000,0.0267000000,12.18400000,502.15000000,309.13700000,359.3490277,-41.2772202,G5,5700.00,0.960000,1.029000
WASP-50 b,WASP-50,1,Transit,2011,1.95510000000,0.0293000000,13.06969400,466.82870400,184.84800000,43.6880738,-10.8980242,,5400.00,0.892000,0.843000
WASP-52 b,WASP-52,1,Transit,2012,1.74977980000,0.0272000000,14.24000000,146.20000000,174.81800000,348.4947931,8.7610793,K2 V,5000.00,0.870000,0.790000
WASP-53 b,WASP-53,2,Transit,2017,3.30984430000,0.0410100000,12.03846600,677.61356000,201.33800000,31.9091639,-20.6618430,,4953.00,0.839000,0.798000
WASP-53 c,WASP-53,2,Radial Velocity,2017,2840.00000000000,3.7300000000,,5196.52050000,201.33800000,31.9091639,-20.6618430,,4953.00,0.839000,0.798000
WASP-54 b,WASP-54,1,Transit,2012,3.69364000000,0.0498800000,17.71022000,187.51970000,251.30300000,205.4542456,-0.1281712,F9,6100.00,1.080000,1.760000
WASP-55 b,WASP-55,1,Transit,2012,4.46563100000,0.0558000000,14.72860064,186.24744650,297.46200000,203.7581951,-17.5034961,,6096.00,1.071000,1.090000
WASP-56 b,WASP-56,1,Transit,2012,4.61710000000,0.0561400000,10.53646000,143.02350000,321.08400000,183.3660401,23.0556870,G6,5600.00,0.710000,0.960000
WASP-57 b,WASP-57,1,Transit,2012,2.83891856000,0.0376900000,11.76945000,204.68252000,398.27600000,223.8199788,-2.0576866,G6,5600.00,0.886000,0.927000
WASP-58 b,WASP-58,1,Transit,2012,5.01718000000,0.0562000000,16.02887000,308.29510000,290.40400000,274.7012534,45.1722194,G2 V,5800.00,1.060000,1.220000
WASP-59 b,WASP-59,1,Transit,2012,7.91958500000,0.0697000000,8.68700000,274.27600000,115.93600000,349.6229547,24.8892770,K5 V,4650.00,0.719000,0.613000
WASP-6 b,WASP-6,1,Transit,2009,3.36100260000,0.0421700000,12.54284940,148.42586607,197.11900000,348.1571282,-22.6741248,,5438.00,0.854000,0.790000
WASP-60 b,WASP-60,1,Transit,2012,4.30500000000,0.0554800000,9.86392000,174.80650000,431.05200000,356.6667136,31.1559115,G1 V,5900.00,1.190000,1.170000
WASP-61 b,WASP-61,1,Transit,2012,3.85590000000,0.0521000000,15.80469000,851.78440000,488.66000000,75.2996637,-26.0541438,,6250.00,1.820000,1.550000
WASP-62 b,WASP-62,1,Transit,2012,4.41195000000,0.0571000000,14.79588000,165.27160000,175.63100000,87.1398205,-63.9883286,,6230.00,1.110000,1.230000
WASP-63 b,WASP-63,1,Transit,2012,4.37808000000,0.0574000000,15.80469000,117.59710000,290.68400000,94.3363562,-38.3233826,,5550.00,1.280000,1.860000
WASP-64 b,WASP-64,1,Transit,2012,1.57329180000,0.0264800000,14.24700000,403.94500000,369.92600000,101.1149223,-32.8583878,G7,5400.00,1.004000,1.058000
WASP-65 b,WASP-65,1,Transit,2013,2.31142430000,0.0334000000,12.46400000,492.62000000,273.70300000,133.3242982,8.5230171,G6,5600.00,0.930000,1.010000
WASP-66 b,WASP-66,1,Transit,2012,4.08605000000,0.0546000000,15.69260000,746.90050000,500.25800000,158.2250301,-34.9899074,,6600.00,1.330000,1.760000
WASP-67 b,WASP-67,1,Transit,2012,4.61442000000,0.0517900000,12.89035000,136.66690000,189.46900000,295.7438485,-19.9497314,,5200.00,0.910000,0.880000
WASP-68 b,WASP-68,1,Transit,2014,5.08430000000,0.0620600000,14.79588000,343.25640000,226.39900000,305.0957239,-19.3147271,G0,5910.00,1.490000,1.790000
WASP-69 b,WASP-69,1,Transit,2014,3.86813881000,0.0453000000,11.21000000,82.58000000,49.96050000,315.0259661,-5.0948570,K,4792.00,0.830000,0.801000
WASP-7 b,WASP-7,1,Transit,2008,4.95464160000,0.0617000000,14.90797000,305.11680000,162.30300000,311.0427558,-39.2254856,,6400.00,1.276000,1.432000
WASP-70 A b,WASP-70 A,1,Transit,2014,3.71302030000,0.0485300000,13.04700000,187.51200000,222.35500000,315.4771912,-13.4333821,G4,5763.00,1.106000,1.215000
WASP-71 b,WASP-71,1,Transit,2012,2.90367000000,0.0460000000,13.22662000,441.78370000,362.71500000,29.2634506,0.7588247,F8,6050.00,0.760000,1.820000
WASP-72 b,WASP-72,1,Transit,2012,2.21673000000,0.0371100000,14.45961000,731.00900000,434.75400000,41.0400779,-30.1690785,F7,6250.00,2.780000,2.180000
WASP-73 b,WASP-73,1,Transit,2014,4.08722000000,0.0551200000,15.91678000,908.99380000,316.67800000,319.9496969,-58.1489328,F9,6030.00,2.520000,2.550000
WASP-74 b,WASP-74,1,Transit,2015,2.13775000000,0.0344300000,15.24424000,228.83760000,149.21600000,304.5388430,-1.0760033,F9,5990.00,0.980000,1.420000
WASP-75 b,WASP-75,1,Transit,2013,2.48419300000,0.0375000000,14.23500000,340.06000000,294.00100000,342.3858995,-10.6754686,F9,6100.00,1.140000,1.260000
WASP-76 b,WASP-76,1,Transit,2016,1.80988198000,0.0330000000,20.78145022,284.13859586,194.45900000,26.6329360,2.7003890,F7,6329.00,1.458000,1.756000
WASP-77 A b,WASP-77 A,1,Transit,2012,1.36002939500,0.0232336330,13.56000000,529.31142902,105.16600000,37.1555223,-7.0606675,G8 V,5617.00,0.903000,0.910000
WASP-78 b,WASP-78,1,Transit,2012,2.17518000000,0.0348800000,21.63337000,352.79130000,754.25800000,63.7562662,-22.1163901,,6100.00,1.870000,2.460000
WASP-79 b,WASP-79,1,Transit,2012,3.66239200000,0.0519000000,17.14974047,270.15414595,246.69000000,66.3709016,-30.6004362,F5,6600.00,1.390000,1.510000
WASP-8 b,WASP-8,2,Transit,2010,8.15872000000,0.0801000000,12.66617000,807.28820000,89.96060000,359.9008737,-35.0313349,G8 V,5600.00,1.340000,1.030000
WASP-8 c,WASP-8,2,Radial Velocity,2013,4323.00000000000,5.2800000000,12.50000000,3003.37000000,89.96060000,359.9008737,-35.0313349,G8 V,5690.00,1.040000,0.960000
WASP-80 b,WASP-80,1,Transit,2012,3.06785234000,0.0344000000,11.19779100,170.99254000,49.78760000,303.1667996,-2.1444369,K7-M0 V,4143.00,0.577000,0.586000
WASP-81 b,WASP-81,1,Transit,2017,2.71647620000,0.0390800000,16.01766100,231.69807000,398.50500000,304.2079924,3.2939492,,5870.00,1.080000,1.283000
WASP-82 b,WASP-82,1,Transit,2015,2.70579000000,0.0447000000,18.15858000,371.86110000,275.66400000,72.6605916,1.8938365,F5,6480.00,1.480000,2.100000
WASP-83 b,WASP-83,1,Transit,2015,4.97125200000,0.0590000000,11.65736000,95.34900000,271.10300000,190.1519558,-19.2843527,G8,5510.00,1.110000,1.050000
WASP-84 b,WASP-84,2,Transit,2014,8.52349648000,0.0778000000,10.72000000,220.00000000,100.58800000,131.1069959,1.8598933,K0,5280.00,0.853000,0.768000
WASP-84 c,WASP-84,2,Transit,2023,1.44688490000,0.0235900000,1.95000000,15.20000000,100.58800000,131.1069959,1.8598933,K0,5280.00,0.853000,0.768000
WASP-85 A b,WASP-85 A,1,Transit,2016,2.65567770000,0.0390000000,13.89916000,402.05495000,141.88700000,175.9080328,6.5637842,G5 V,6112.00,1.090000,0.935000
WASP-87 b,WASP-87,1,Transit,2016,1.68279500000,0.0294600000,15.52446500,692.86940000,298.39200000,185.3246821,-52.8408163,,6450.00,1.204000,1.627000
WASP-88 b,WASP-88,1,Transit,2014,4.95400000000,0.0643100000,16.36514000,133.48860000,523.75600000,309.5112337,-48.4620833,F6,6430.00,0.940000,1.800000
WASP-89 b,WASP-89,1,Transit,2015,3.35642270000,0.0427000000,11.65736000,1875.19700000,290.94600000,313.9000261,-18.9714084,K3,5130.00,0.920000,0.880000
WASP-90 b,WASP-90,1,Transit,2016,3.91624300000,0.0562000000,18.27067000,200.23290000,466.43300000,315.5319489,7.0562793,F6,6430.00,1.550000,1.980000
WASP-91 b,WASP-91,1,Transit,2017,2.79858100000,0.0370000000,11.54527000,425.89220000,149.94200000,357.8464340,-70.1528621,K3,4920.00,0.840000,0.860000
WASP-92 b,WASP-92,1,Transit,2016,2.17467420000,0.0348000000,16.37634900,255.85315000,575.88900000,246.6920395,51.0411328,F7,6280.00,1.190000,1.341000
WASP-93 b,WASP-93,1,Transit,2016,2.73253210000,0.0421100000,17.90077300,467.21010000,370.28400000,9.4587443,51.2887780,F4,6700.00,1.334000,1.524000
WASP-94 A b,WASP-94 A,2,Transit,2014,3.95019000000,0.0550000000,17.71022000,158.91500000,211.21100000,313.7832393,-34.1357512,F8,6170.00,1.670000,1.480000
WASP-94 B b,WASP-94 B,2,Radial Velocity,2014,2.00839000000,0.0335000000,14.10000000,196.41100000,208.69600000,313.7882932,-34.1357240,F9,6040.00,1.240000,1.350000
WASP-95 b,WASP-95,1,Transit,2014,2.18467000000,0.0341600000,13.78707000,457.67520000,137.54400000,337.4578243,-48.0030988,G2,5830.00,1.460000,1.230000
WASP-96 b,WASP-96,1,Transit,2014,3.42526020000,0.0453000000,13.45000000,152.55000000,352.46400000,1.0465696,-47.3606352,G8,5540.00,1.060000,1.050000
WASP-97 b,WASP-97,1,Transit,2014,2.07276000000,0.0330300000,12.77826000,432.24880000,151.06800000,24.6051389,-55.7720006,G5,5640.00,1.180000,1.080000
WASP-98 b,WASP-98,1,Transit,2014,2.96264036000,0.0376200000,12.82309600,293.03926000,281.74200000,58.4290113,-34.3282716,G7,5473.00,0.809000,0.741000
WASP-99 b,WASP-99,1,Transit,2014,5.75251000000,0.0717000000,11.43318000,772.32690000,158.66000000,39.8976689,-50.0081934,F8,6150.00,1.210000,1.640000
WD 0806-661 b,WD 0806-661,1,Imaging,2011,,2500.0000000000,12.10569916,2224.79884900,19.24440000,121.7275683,-66.3058835,DQ,10393.00,0.605000,
WD 1856+534 b,WD 1856+534,1,Transit,2020,1.40794050000,0.0204000000,10.40000000,4386.05400000,24.73590000,284.4156750,53.5090244,DC,4710.00,0.518000,0.013100
Wendelstein-1 b,Wendelstein-1,1,Transit,2020,2.66341600000,0.0282000000,11.56096260,188.15536000,305.30000000,299.0506412,17.5699627,K7 V,4251.00,0.650000,0.610000
Wendelstein-2 b,Wendelstein-2,1,Transit,2020,1.75222390000,0.0234000000,12.99347280,232.33373000,565.54100000,297.7909214,16.9125679,K6 V,4591.00,0.730000,0.660000
WISE J033605.05-014350.4 b,WISE J033605.05-014350.4,1,Imaging,2023,2560.00000000000,0.9700000000,12.60000000,2622.08435775,,54.0210417,-1.7306944,,415.00,0.013100,
WISEP J121756.91+162640.2 A b,WISEP J121756.91+162640.2 A,1,Imaging,2012,,8.0000000000,10.46800000,6992.00000000,10.10000000,184.4871250,16.4445000,T8.5,575.00,0.029000,0.091000
WISPIT 1 b,WISPIT 1,2,Imaging,2025,,338.0000000000,12.40000000,3305.41543280,230.00700000,117.7985550,-50.1376852,K4 V,4670.00,0.720000,1.116100
WISPIT 1 c,WISPIT 1,2,Imaging,2025,,840.0000000000,12.80000000,1684.49055710,230.00700000,117.7985550,-50.1376852,K4 V,4670.00,0.720000,1.116100
WISPIT 2 b,WISPIT 2,2,Imaging,2025,,57.0000000000,17.93436912,1541.46777395,134.90700000,290.8209991,-7.6820823,,4400.00,1.080000,1.418000
WISPIT 2 c,WISPIT 2,2,Imaging,2026,,14.0000000000,17.93436912,3178.28407000,134.90700000,290.8209991,-7.6820823,,4530.00,1.080000,1.300000
Wolf 1061 b,Wolf 1061,3,Radial Velocity,2015,4.88690000000,0.0375000000,1.21000000,1.91000000,4.30592000,247.5748276,-12.6676866,M3.5,3342.00,0.294000,0.307000
Wolf 1061 c,Wolf 1061,3,Radial Velocity,2015,17.87190000000,0.0890000000,1.66000000,3.41000000,4.30592000,247.5748276,-12.6676866,M3.5,3342.00,0.294000,0.307000
Wolf 1061 d,Wolf 1061,3,Radial Velocity,2015,217.21000000000,0.4700000000,2.69000000,7.70000000,4.30592000,247.5748276,-12.6676866,M3.5,3342.00,0.294000,0.307000
Wolf 1069 b,Wolf 1069,1,Radial Velocity,2023,15.56400000000,0.0672000000,1.08000000,1.26000000,9.58341000,306.5242477,58.5753044,M5.0 V,3158.00,0.167000,0.181300
Wolf 327 b,Wolf 327,1,Transit,2024,0.57347450000,0.0100000000,1.24000000,2.53000000,28.53210000,148.3783199,35.5705480,M2.5 V,3542.00,0.405000,0.406000
Wolf 503 b,Wolf 503,1,Transit,2018,6.00127000000,0.0570600000,2.04300000,6.26000000,44.52600000,206.8461979,-6.1393369,K3.5 V,4716.00,0.688000,0.689000
WTS-1 b,WTS-1,1,Transit,2012,3.35205700000,0.0470000000,16.70000000,1274.44000000,2346.01000000,293.9850284,36.2962939,F6 V,6250.00,1.200000,1.150000
WTS-2 b,WTS-2,1,Transit,2014,1.01870680000,0.0185500000,15.27786700,355.96960000,1030.76834437,293.7327826,36.8154936,K2 V,5000.00,0.820000,0.752000
xi Aql b,xi Aql,1,Radial Velocity,2007,136.97000000000,0.6250000000,13.40000000,616.90493799,56.18580000,298.5624491,8.4611051,K0 III,4841.00,1.740000,10.860000
XO-1 b,XO-1,1,Transit,2006,3.94153000000,0.0488000000,12.77826000,263.79890000,163.55300000,240.5492745,28.1696248,G1 V,5750.00,0.880000,0.880000
XO-2 N b,XO-2 N,4,Transit,2007,2.61585906000,0.0366600000,11.13053700,199.91507000,154.27300000,117.0267691,50.2251472,G8 V,5290.00,0.960000,0.998000
XO-2 S b,XO-2 S,4,Radial Velocity,2014,18.22000000000,0.1347000000,10.90000000,82.63538582,151.39800000,117.0309753,50.2169068,G8 V,5325.00,0.980000,1.020000
XO-2 S c,XO-2 S,4,Radial Velocity,2014,120.05900000000,0.4737000000,13.60000000,438.60320166,151.39800000,117.0309753,50.2169068,G8 V,5325.00,0.980000,1.020000
XO-2 S d,XO-2 S,4,Radial Velocity,2024,4696.00000000000,5.4600000000,13.00000000,1179.14338997,151.39800000,117.0309753,50.2169068,G8 V,5325.00,0.980000,1.020000
XO-3 b,XO-3,1,Transit,2007,3.19152309000,0.0481500000,14.79585452,4217.58296089,213.05300000,65.4695814,57.8172095,F5V,6970.00,1.449000,1.523000
XO-4 b,XO-4,1,Transit,2010,4.12508000000,0.0552400000,14.01125000,451.31860000,272.65500000,110.3880285,58.2681094,F5 V,6397.00,1.100000,1.450000
XO-5 b,XO-5,1,Transit,2008,4.18775580000,0.0515000000,12.78000000,378.20000000,276.21100000,116.7163868,39.0944695,G8 V,5430.00,1.040000,1.130000
XO-6 b,XO-6,1,Transit,2016,3.76500070000,0.0815000000,23.20263000,1398.45200000,235.47900000,94.7929552,73.8275672,F5,6720.00,1.470000,1.930000
XO-7 b,XO-7,1,Transit,2019,2.86414240000,0.0442100000,15.38995700,225.34147000,234.14900000,277.4780753,85.2333208,G0 V,6250.00,1.405000,1.480000
YZ Cet b,YZ Cet,3,Radial Velocity,2017,2.02087000000,0.0163400000,0.91300000,0.70000000,3.71207000,18.1330792,-16.9962434,M4.5 V,3151.00,0.142000,0.157000
YZ Cet c,YZ Cet,3,Radial Velocity,2017,3.05989000000,0.0215600000,1.05000000,1.14000000,3.71207000,18.1330792,-16.9962434,M4.5 V,3151.00,0.142000,0.157000
YZ Cet d,YZ Cet,3,Radial Velocity,2017,4.65626000000,0.0285100000,1.03000000,1.09000000,3.71207000,18.1330792,-16.9962434,M4.5 V,3151.00,0.142000,0.157000
ZTF J1230-2655 b,ZTF J1230-2655,1,Transit,2025,0.23597766000,,13.78704626,7024.00779470,186.69000000,187.5689308,-26.9309608,,10000.00,0.646000,0.012300
ZTF J1828+2308 b,ZTF J1828+2308,1,Transit,2025,0.11200670000,,11.13051784,6356.56814000,201.82700000,277.2031946,23.1439121,,15900.00,0.610000,0.013100
